time_s,ref_deg,actual_deg,error_deg,current_A
0.000000000000000000e+00,0.000000000000000000e+00,0.000000000000000000e+00,0.000000000000000000e+00,0.000000000000000000e+00
1.000000000000000021e-03,3.947368421052632303e-05,0.000000000000000000e+00,3.947368421052632303e-05,0.000000000000000000e+00
2.000000000000000042e-03,1.578947368421052921e-04,2.134540953947368358e-07,1.576812827467105225e-04,1.668013505282380307e-02
3.000000000000000062e-03,3.552631578947368666e-04,1.003236747717530696e-06,3.542599211470193361e-04,4.503750722975273513e-02
4.000000000000000083e-03,6.315789473684211685e-04,2.836413311363400605e-06,6.287425340570577514e-04,8.153837229072992410e-02
5.000000000000000104e-03,9.868421052631579267e-04,6.252294898941573859e-06,9.805898103642165121e-04,1.236868752766063784e-01
6.000000000000000125e-03,1.421052631578947466e-03,1.183987800782367207e-05,1.409212753571123869e-03,1.697203812819156332e-01
7.000000000000000146e-03,1.934210526315789571e-03,2.022191402897687712e-05,1.913988612286812545e-03,2.183942401265049904e-01
8.000000000000000167e-03,2.526315789473684674e-03,3.204366243807591516e-05,2.494272127035608664e-03,2.688297321232345216e-01
9.000000000000001055e-03,3.197368421052631908e-03,4.796495276478533764e-05,3.149403468287846706e-03,3.204066484970787831e-01
1.000000000000000021e-02,3.947368421052631707e-03,6.865458403140063063e-05,3.878713837021231185e-03,3.726874042123188291e-01
1.099999999999999936e-02,4.776315789473683203e-03,9.478637547427234392e-05,4.681529413999410520e-03,4.253634270521100547e-01
1.200000000000000025e-02,5.684210526315789866e-03,1.270363837876925658e-04,5.557174142528097625e-03,4.782172838855804353e-01
1.300000000000000114e-02,6.671052631578948226e-03,1.660809444286673060e-04,6.504971687150280270e-03,5.310959245622066671e-01
1.400000000000000029e-02,7.736842105263158284e-03,2.125952950487707276e-04,7.524246810214387828e-03,5.838917799183549473e-01
1.499999999999999944e-02,8.881578947368420907e-03,2.672526101377032683e-04,8.614326337230717584e-03,6.365294083668261438e-01
1.600000000000000033e-02,1.010526315789473870e-02,3.307233261345540938e-04,9.774539831760183789e-03,6.889560623149659779e-01
1.700000000000000122e-02,1.140789473684210818e-02,4.036746717066284408e-04,1.100422006513547893e-02,7.411350237683310693e-01
1.800000000000000211e-02,1.278947368421052763e-02,4.867703429352206158e-04,1.230270334127530653e-02,7.930408962414864371e-01
1.899999999999999953e-02,1.425000000000000051e-02,5.806702808370260878e-04,1.366932971916297312e-02,8.446562787132635419e-01
2.000000000000000042e-02,1.578947368421052683e-02,6.860305211466029935e-04,1.510344316306392459e-02,8.959694159352861176e-01
2.100000000000000130e-02,1.740789473684210831e-02,8.035030951136732389e-04,1.660439164172843388e-02,9.469725384908694865e-01
2.199999999999999872e-02,1.910526315789473281e-02,9.337359663059075681e-04,1.817152719158882448e-02,9.976606901320187459e-01
2.299999999999999961e-02,2.088157894736842116e-02,1.077372992813906008e-03,1.980420595455451363e-02,1.048030899356813705e+00
2.400000000000000050e-02,2.273684210526315946e-02,1.235053907367771693e-03,2.150178819789538842e-02,1.098081594177360731e+00
2.500000000000000139e-02,2.467105263157894773e-02,1.407414310073654314e-03,2.326363832150529429e-02,1.147812188691081037e+00
2.600000000000000228e-02,2.668421052631579291e-02,1.595085670032115504e-03,2.508912485628367675e-02,1.197222791023410782e+00
2.699999999999999969e-02,2.877631578947368457e-02,1.798695333197634525e-03,2.697762045627604896e-02,1.246313997013991592e+00
2.800000000000000058e-02,3.094736842105263314e-02,2.018866534613880746e-03,2.892850188643875109e-02,1.295086744476796614e+00
2.900000000000000147e-02,3.319736842105263513e-02,2.256218413707100200e-03,3.094115000734553450e-02,1.343542210253015234e+00
2.999999999999999889e-02,3.552631578947368363e-02,2.511366031706901546e-03,3.301494975776678165e-02,1.391681737495083837e+00
3.099999999999999978e-02,3.793421052631578555e-02,2.784920390537084633e-03,3.514929013577870048e-02,1.439506784307634124e+00
3.200000000000000067e-02,4.042105263157895478e-02,3.077488452712271068e-03,3.734356417886668111e-02,1.487018887476113660e+00
3.300000000000000155e-02,4.298684210526316357e-02,3.389673161912507438e-03,3.959716894335065657e-02,1.534219636854130986e+00
3.400000000000000244e-02,4.563157894736843273e-02,3.722073464004407167e-03,4.190950548336402209e-02,1.581110657280670573e+00
3.500000000000000333e-02,4.835526315789474838e-02,4.075284328345474272e-03,4.427997882954927411e-02,1.627693595816780636e+00
3.600000000000000422e-02,5.115789473684211053e-02,4.449896769256345315e-03,4.670799796758576261e-02,1.673970112740186700e+00
3.699999999999999817e-02,5.403947368421051917e-02,4.846497867579681665e-03,4.919297581663083924e-02,1.719941875194665570e+00
3.799999999999999906e-02,5.700000000000000205e-02,5.265670792268426284e-03,5.173432920773157057e-02,1.765610552714843351e+00
3.899999999999999994e-02,6.003947368421052450e-02,5.707994821963121787e-03,5.433147886224740791e-02,1.810977814075851455e+00
4.000000000000000083e-02,6.315789473684210731e-02,6.174045366529940480e-03,5.698384937031215902e-02,1.856045325078888641e+00
4.100000000000000172e-02,6.635526315789473661e-02,6.664393988539561199e-03,5.969086916935517628e-02,1.900814746997913973e+00
4.200000000000000261e-02,6.963157894736843323e-02,7.179608424672986530e-03,6.245197052269544497e-02,1.945287735493351322e+00
4.300000000000000350e-02,7.298684210526316940e-02,7.720252607044634542e-03,6.526658949821852185e-02,1.989465939855673549e+00
4.399999999999999745e-02,7.642105263157893125e-02,8.286886684435994244e-03,6.813416594714294394e-02,2.033351002481984082e+00
4.499999999999999833e-02,7.993421052631577428e-02,8.880067043435288521e-03,7.105414348288048576e-02,2.076944558517154871e+00
4.599999999999999922e-02,8.352631578947368463e-02,9.500346329479996896e-03,7.402596945999369293e-02,2.120248235611173371e+00
4.700000000000000011e-02,8.719736842105262065e-02,1.014827346780025272e-02,7.704909495325236446e-02,2.163263653758535465e+00
4.800000000000000100e-02,9.094736842105263785e-02,1.082439368426173047e-02,8.012297473679090565e-02,2.205992425195562490e+00
4.900000000000000189e-02,9.477631578947369462e-02,1.152924852610731458e-02,8.324706726336637830e-02,2.248436154338584458e+00
5.000000000000000278e-02,9.868421052631579093e-02,1.226337588259707179e-02,8.642083464371871915e-02,2.290596437750958447e+00
5.100000000000000366e-02,1.026710526315789684e-01,1.302731000554640389e-02,8.964374262603255761e-02,2.332474864130405834e+00
5.200000000000000455e-02,1.067368421052631716e-01,1.382158152976240180e-02,9.291526057550075768e-02,2.374073014310661645e+00
5.299999999999999850e-02,1.108815789473684144e-01,1.464671749337854816e-02,9.623486145398986447e-02,2.415392461273192737e+00
5.399999999999999939e-02,1.151052631578947383e-01,1.550324135808803065e-02,9.960202179980670589e-02,2.456434770165980108e+00
5.500000000000000028e-02,1.194078947368421156e-01,1.639167302927595563e-02,1.030162217075661635e-01,2.497201498327251024e+00
5.600000000000000117e-02,1.237894736842105325e-01,1.731252887605081933e-02,1.064769448081597097e-01,2.537694195312665713e+00
5.700000000000000205e-02,1.282500000000000029e-01,1.826632175117566190e-02,1.099836782488243375e-01,2.577914402924894155e+00
5.800000000000000294e-02,1.327894736842105405e-01,1.925356101089922486e-02,1.135359126733113261e-01,2.617863655244845766e+00
5.900000000000000383e-02,1.374078947368421177e-01,2.027475253468762062e-02,1.171331422021545110e-01,2.657543478664018632e+00
5.999999999999999778e-02,1.421052631578947345e-01,2.133039874485688492e-02,1.207748644130378496e-01,2.696955391917596589e+00
6.099999999999999867e-02,1.468815789473683908e-01,2.242099862610687222e-02,1.244605803212615325e-01,2.736100906118033471e+00
6.199999999999999956e-02,1.517368421052631422e-01,2.354704774495694833e-02,1.281897943603061973e-01,2.774981524788938003e+00
6.300000000000000044e-02,1.566710526315789331e-01,2.470903826908384116e-02,1.319620143624951059e-01,2.813598743899126564e+00
6.400000000000000133e-02,1.616842105263158191e-01,2.590745898656222554e-02,1.357767515397535762e-01,2.851954051896754549e+00
6.500000000000000222e-02,1.667763157894736892e-01,2.714279532500838213e-02,1.396335204644653105e-01,2.890048929743459283e+00
6.600000000000000311e-02,1.719473684210526543e-01,2.841552937062735706e-02,1.435318390504252972e-01,2.927884850948470508e+00
6.700000000000000400e-02,1.771973684210526589e-01,2.972613988716419492e-02,1.474712285338884432e-01,2.965463281602650714e+00
6.800000000000000488e-02,1.825263157894737309e-01,3.107510233475951553e-02,1.514512134547142119e-01,3.002785680412453306e+00
6.900000000000000577e-02,1.879342105263158147e-01,3.246288888871002448e-02,1.554713216376057972e-01,3.039853498733771975e+00
7.000000000000000666e-02,1.934210526315789935e-01,3.388996845813424530e-02,1.595310841734447482e-01,3.076668180605675484e+00
7.100000000000000755e-02,1.989868421052631842e-01,3.535680670454409424e-02,1.636300354007191038e-01,3.113231162784020789e+00
7.200000000000000844e-02,2.046315789473684421e-01,3.686386606032251295e-02,1.677677128870459222e-01,3.149543874774936913e+00
7.299999999999999545e-02,2.103552631578947119e-01,3.841160574710779374e-02,1.719436574107869320e-01,3.185607738868178718e+00
7.399999999999999634e-02,2.161578947368420767e-01,4.000048179408488558e-02,1.761574129427571911e-01,3.221424170170343881e+00
7.499999999999999722e-02,2.220394736842105088e-01,4.163094705618420460e-02,1.804085266280263111e-01,3.256994576637957550e+00
7.599999999999999811e-02,2.280000000000000082e-01,4.330345123218828224e-02,1.846965487678117468e-01,3.292320359110419759e+00
7.699999999999999900e-02,2.340394736842104917e-01,4.501844088274675748e-02,1.890210328014637342e-01,3.327402911342813407e+00
7.799999999999999989e-02,2.401578947368420980e-01,4.677635944830015047e-02,1.933815352885419614e-01,3.362243620038578573e+00
7.900000000000000078e-02,2.463552631578947161e-01,4.857764726691268103e-02,1.977776158909820559e-01,3.396843864882048702e+00
8.000000000000000167e-02,2.526315789473684292e-01,5.042274159201478451e-02,2.022088373553536378e-01,3.431205018570849585e+00
8.100000000000000255e-02,2.589868421052631819e-01,5.231207661005556758e-02,2.066747654952076074e-01,3.465328446848162436e+00
8.200000000000000344e-02,2.654210526315789465e-01,5.424608345806566229e-02,2.111749691735133050e-01,3.499215508534848862e+00
8.300000000000000433e-02,2.719342105263157783e-01,5.622519024113095676e-02,2.157090202851848215e-01,3.532867555561444384e+00
8.400000000000000522e-02,2.785263157894737329e-01,5.824982204977754291e-02,2.202764937396961831e-01,3.566285933000009400e+00
8.500000000000000611e-02,2.851973684210526438e-01,6.032040097726827643e-02,2.248769674437843813e-01,3.599471979095854923e+00
8.600000000000000699e-02,2.919473684210526776e-01,6.243734613681146961e-02,2.295100222842411941e-01,3.632427025299123091e+00
8.700000000000000788e-02,2.987763157894737232e-01,6.460107367868200834e-02,2.341752421107916871e-01,3.665152396296244675e+00
8.799999999999999489e-02,3.056842105263157250e-01,6.681199680725534440e-02,2.388722137190603945e-01,3.697649410041252249e+00
8.899999999999999578e-02,3.126710526315789052e-01,6.907052579795477931e-02,2.436005268336241258e-01,3.729919377786969914e+00
8.999999999999999667e-02,3.197368421052630971e-01,7.137706801411240753e-02,2.483597740911507035e-01,3.761963604116064008e+00
9.099999999999999756e-02,3.268815789473683564e-01,7.373202792374419778e-02,2.531495510236241309e-01,3.793783386971965488e+00
9.199999999999999845e-02,3.341052631578947385e-01,7.613580711623943453e-02,2.579694560416553317e-01,3.825380017689659518e+00
9.299999999999999933e-02,3.414078947368421324e-01,7.858880431896515806e-02,2.628190904178769882e-01,3.856754781026344059e+00
9.400000000000000022e-02,3.487894736842104826e-01,8.109141541378588058e-02,2.676980582704246436e-01,3.887908955191957450e+00
9.500000000000000111e-02,3.562499999999999556e-01,8.364403345349881447e-02,2.726059665465011550e-01,3.918843811879578531e+00
9.600000000000000200e-02,3.637894736842105514e-01,8.624704867818533405e-02,2.775424250060252174e-01,3.949560616295693549e+00
9.700000000000000289e-02,3.714078947368421590e-01,8.890084853147883770e-02,2.825070462053632658e-01,3.980060627190338707e+00
9.800000000000000377e-02,3.791052631578947785e-01,9.160581767674930154e-02,2.874994454811454769e-01,4.010345096887109939e+00
9.900000000000000466e-02,3.868815789473684652e-01,9.436233801320535741e-02,2.925192409341630939e-01,4.040415271313046119e+00
1.000000000000000056e-01,3.947368421052631637e-01,9.717078869191364543e-02,2.975660534133495183e-01,4.070272390028387477e+00
1.010000000000000064e-01,4.026710526315790406e-01,1.000315461317364402e-01,3.026395064998426143e-01,4.099917686256203453e+00
1.020000000000000073e-01,4.106842105263158738e-01,1.029449840351874673e-01,3.077392264911283926e-01,4.129352386911893547e+00
1.030000000000000082e-01,4.187763157894737187e-01,1.059114734042065353e-01,3.128648423852671834e-01,4.158577712632568257e+00
1.040000000000000091e-01,4.269473684210526865e-01,1.089313825558533982e-01,3.180159858651992466e-01,4.187594877806297688e+00
1.049999999999999961e-01,4.351973684210525550e-01,1.120050771379209192e-01,3.231922912831316497e-01,4.216405090601239358e+00
1.059999999999999970e-01,4.435263157894736574e-01,1.151329201444683398e-01,3.283933956450053038e-01,4.245009552994637225e+00
1.069999999999999979e-01,4.519342105263156606e-01,1.183152719312747098e-01,3.336189385950409370e-01,4.273409460801703474e+00
1.079999999999999988e-01,4.604210526315789531e-01,1.215524902312129091e-01,3.388685624003660579e-01,4.301606003704369741e+00
1.089999999999999997e-01,4.689868421052632019e-01,1.248449301695448016e-01,3.441419119357184142e-01,4.329600365279919316e+00
1.100000000000000006e-01,4.776315789473684625e-01,1.281929442791376328e-01,3.494386346682307742e-01,4.357393723029495014e+00
1.110000000000000014e-01,4.863552631578946794e-01,1.315968825156023092e-01,3.547583806422923147e-01,4.384987248406488014e+00
1.120000000000000023e-01,4.951578947368421302e-01,1.350570922723535461e-01,3.601008024644885563e-01,4.412382106844799701e+00
1.130000000000000032e-01,5.040394736842105372e-01,1.385739183955928822e-01,3.654655552886176828e-01,4.439579457786987149e+00
1.140000000000000041e-01,5.130000000000000115e-01,1.421477031992141038e-01,3.708522968007859077e-01,4.466580454712285153e+00
1.150000000000000050e-01,5.220394736842104422e-01,1.457787864796321886e-01,3.762606872045783368e-01,4.493386245164510129e+00
1.160000000000000059e-01,5.311578947368421622e-01,1.494675055305356159e-01,3.816903892063065462e-01,4.519997970779843222e+00
1.170000000000000068e-01,5.403552631578948384e-01,1.532141951575627103e-01,3.871410680003321003e-01,4.546416767314492624e+00
1.180000000000000077e-01,5.496315789473684710e-01,1.570191876929021291e-01,3.926123912544663974e-01,4.572643764672238653e+00
1.190000000000000085e-01,5.589868421052631708e-01,1.608828130098181597e-01,3.981040290954450112e-01,4.598680086931862476e+00
1.199999999999999956e-01,5.684210526315789380e-01,1.648053985371008834e-01,4.036156540944780269e-01,4.624526852374452268e+00
1.209999999999999964e-01,5.779342105263157725e-01,1.687872692734415925e-01,4.091469412528741523e-01,4.650185173510596570e+00
1.219999999999999973e-01,5.875263157894735633e-01,1.728287478017341561e-01,4.146975679877394350e-01,4.675656157107456856e+00
1.229999999999999982e-01,5.971973684210526434e-01,1.769301543033020285e-01,4.202672141177506426e-01,4.700940904215727301e+00
1.239999999999999991e-01,6.069473684210525688e-01,1.810918065720521219e-01,4.258555618490004746e-01,4.726040510196474642e+00
1.250000000000000000e-01,6.167763157894736725e-01,1.853140200285550154e-01,4.314622957609186571e-01,4.750956064747864360e+00
1.260000000000000009e-01,6.266842105263157325e-01,1.895971077340523336e-01,4.370871027922634267e-01,4.775688651931774054e+00
1.270000000000000018e-01,6.366710526315789709e-01,1.939413804043916834e-01,4.427296722271872875e-01,4.800239350200286026e+00
1.280000000000000027e-01,6.467368421052632765e-01,1.983471464238891757e-01,4.483896956813740453e-01,4.824609232422073291e+00
1.290000000000000036e-01,6.568815789473684275e-01,2.028147118591201725e-01,4.540668670882482827e-01,4.848799365908666559e+00
1.300000000000000044e-01,6.671052631578947567e-01,2.073443804726383954e-01,4.597608826852563335e-01,4.872810812440607542e+00
1.310000000000000053e-01,6.774078947368421533e-01,2.119364537366238421e-01,4.654714410002182556e-01,4.896644628293492119e+00
1.320000000000000062e-01,6.877894736842106171e-01,2.165912308464597313e-01,4.711982428377509136e-01,4.920301864263899816e+00
1.330000000000000071e-01,6.982500000000000373e-01,2.213090087342390877e-01,4.769409912657610051e-01,4.943783565695211379e+00
1.340000000000000080e-01,7.087894736842106358e-01,2.260900820822008550e-01,4.826993916020097530e-01,4.967090772503317098e+00
1.350000000000000089e-01,7.194078947368421906e-01,2.309347433360963708e-01,4.884731514007458197e-01,4.990224519202206110e+00
1.360000000000000098e-01,7.301052631578949237e-01,2.358432827184860081e-01,4.942619804394089433e-01,5.013185834929457130e+00
1.370000000000000107e-01,7.408815789473685021e-01,2.408159882419668441e-01,5.000655907054017968e-01,5.035975743471607480e+00
1.380000000000000115e-01,7.517368421052632588e-01,2.458531457223312733e-01,5.058836963829319577e-01,5.058595263289418220e+00
1.390000000000000124e-01,7.626710526315789718e-01,2.509550387916570924e-01,5.117160138399219349e-01,5.081045407543030912e+00
1.400000000000000133e-01,7.736842105263159741e-01,2.561219489113292780e-01,5.175622616149866406e-01,5.103327184117011583e+00
1.410000000000000142e-01,7.847763157894738217e-01,2.613541553849939025e-01,5.234221604044799747e-01,5.125441595645287229e+00
1.420000000000000151e-01,7.959473684210527367e-01,2.666519353714443819e-01,5.292954330496083548e-01,5.147389639535977501e+00
1.430000000000000160e-01,8.071973684210527189e-01,2.720155638974406376e-01,5.351818045236121923e-01,5.169172307996111826e+00
1.440000000000000169e-01,8.185263157894737684e-01,2.774453138704607302e-01,5.410810019190129827e-01,5.190790588056250598e+00
1.449999999999999900e-01,8.299342105263156633e-01,2.829414560913866006e-01,5.469927544349291182e-01,5.212245461594982920e+00
1.459999999999999909e-01,8.414210526315788474e-01,2.885042592671229200e-01,5.529167933644559829e-01,5.233537905363335518e+00
1.469999999999999918e-01,8.529868421052629879e-01,2.941339900231501048e-01,5.588528520821129941e-01,5.254668891009066201e+00
1.479999999999999927e-01,8.646315789473683067e-01,2.998309129160116049e-01,5.648006660313567018e-01,5.275639385100850731e+00
1.489999999999999936e-01,8.763552631578946928e-01,3.055952904457358565e-01,5.707599727121588362e-01,5.296450349152366677e+00
1.499999999999999944e-01,8.881578947368420351e-01,3.114273830681929534e-01,5.767305116686490818e-01,5.317102739646275111e+00
1.509999999999999953e-01,9.000394736842104448e-01,3.173274492073870356e-01,5.827120244768233537e-01,5.337597508058098406e+00
1.519999999999999962e-01,9.120000000000000329e-01,3.232957452676832322e-01,5.887042547323168007e-01,5.357935600879983440e+00
1.529999999999999971e-01,9.240394736842104662e-01,3.293325256459717632e-01,5.947069480382386475e-01,5.378117959644377777e+00
1.539999999999999980e-01,9.361578947368419668e-01,3.354380427437668732e-01,6.007198519930750935e-01,5.398145520947588594e+00
1.549999999999999989e-01,9.483552631578947567e-01,3.416125469792431479e-01,6.067427161786514977e-01,5.418019216473249244e+00
1.559999999999999998e-01,9.606315789473683919e-01,3.478562867992082142e-01,6.127752921481602888e-01,5.437739973015675687e+00
1.570000000000000007e-01,9.729868421052630945e-01,3.541695086910125467e-01,6.188173334142506032e-01,5.457308712503125214e+00
1.580000000000000016e-01,9.854210526315788643e-01,3.605524571943963252e-01,6.248685954371826501e-01,5.476726352020953925e+00
1.590000000000000024e-01,9.979342105263158125e-01,3.670053749132747289e-01,6.309288356130411390e-01,5.495993803834672953e+00
1.600000000000000033e-01,1.010526315789473717e+00,3.735285025274600046e-01,6.369978132620136568e-01,5.515111975412898992e+00
1.610000000000000042e-01,1.023197368421052467e+00,3.801220788043231380e-01,6.430752896167293287e-01,5.534081769450214239e+00
1.620000000000000051e-01,1.035947368421052728e+00,3.867863406103927981e-01,6.491610278106598741e-01,5.552904083889917075e+00
1.630000000000000060e-01,1.048776315789473834e+00,3.935215229228939959e-01,6.552547928665797272e-01,5.571579811946680394e+00
1.640000000000000069e-01,1.061684210526315786e+00,4.003278588412252925e-01,6.613563516850906598e-01,5.590109842129106887e+00
1.650000000000000078e-01,1.074671052631579027e+00,4.072055795983759996e-01,6.674654730332030272e-01,5.608495058262183974e+00
1.660000000000000087e-01,1.087736842105263113e+00,4.141549145722823178e-01,6.735819275329808509e-01,5.626736339509647244e+00
1.670000000000000095e-01,1.100881578947368711e+00,4.211760912971242998e-01,6.797054876502444110e-01,5.644834560396239986e+00
1.680000000000000104e-01,1.114105263157894932e+00,4.282693354745625292e-01,6.858359276833323470e-01,5.662790590829877679e+00
1.690000000000000113e-01,1.127407894736842220e+00,4.354348709849152899e-01,6.919730237519269300e-01,5.680605296123712122e+00
1.700000000000000122e-01,1.140789473684210575e+00,4.426729198982773394e-01,6.981165537859332915e-01,5.698279537018106744e+00
1.710000000000000131e-01,1.154249999999999998e+00,4.499837024855787293e-01,7.042662975144213799e-01,5.715814169702507108e+00
1.720000000000000140e-01,1.167789473684210710e+00,4.573674372295859492e-01,7.104220364546246502e-01,5.733210045837219937e+00
1.730000000000000149e-01,1.181407894736842268e+00,4.648243408358443962e-01,7.165835539009979271e-01,5.750468012575094434e+00
1.740000000000000158e-01,1.195105263157894893e+00,4.723546282435625576e-01,7.227506349143322240e-01,5.767588912583110350e+00
1.750000000000000167e-01,1.208881578947368585e+00,4.799585126364390164e-01,7.289230663109295127e-01,5.784573584063871010e+00
1.759999999999999898e-01,1.222736842105262900e+00,4.876362054534315593e-01,7.351006366518313406e-01,5.801422860777002199e+00
1.769999999999999907e-01,1.236671052631578727e+00,4.953879163994692192e-01,7.412831362321096185e-01,5.818137572060452456e+00
1.779999999999999916e-01,1.250684210526315621e+00,5.032138534561074739e-01,7.474703570702080357e-01,5.834718542851708989e+00
1.789999999999999925e-01,1.264776315789473582e+00,5.111142228921267128e-01,7.536620928973467581e-01,5.851166593708911456e+00
1.799999999999999933e-01,1.278947368421052388e+00,5.190892292740743041e-01,7.598581391469781954e-01,5.867482540831876037e+00
1.809999999999999942e-01,1.293197368421052484e+00,5.271390754767504294e-01,7.660582929443020550e-01,5.883667196083028017e+00
1.819999999999999951e-01,1.307526315789473426e+00,5.352639626936384065e-01,7.722623530958350191e-01,5.899721367008242012e+00
1.829999999999999960e-01,1.321934210526315656e+00,5.434640904472795020e-01,7.784701200790362652e-01,5.915645856857588925e+00
1.839999999999999969e-01,1.336421052631578954e+00,5.517396565995917879e-01,7.846813960319871661e-01,5.931441464605994085e+00
1.849999999999999978e-01,1.350986842105262875e+00,5.600908573621349307e-01,7.908959847431280554e-01,5.947108984973801249e+00
1.859999999999999987e-01,1.365631578947368530e+00,5.685178873063189142e-01,7.971136916410496154e-01,5.962649208447244220e+00
1.869999999999999996e-01,1.380355263157894585e+00,5.770209393735599157e-01,8.033343237843345586e-01,5.978062921298840315e+00
1.880000000000000004e-01,1.395157894736841930e+00,5.856002048853806707e-01,8.095576898514612596e-01,5.993350905607674584e+00
1.890000000000000013e-01,1.410039473684210565e+00,5.942558735534568815e-01,8.157836001307536833e-01,6.008513939279612082e+00
1.900000000000000022e-01,1.424999999999999822e+00,6.029881334896111111e-01,8.220118665103887112e-01,6.023552796067409787e+00
1.910000000000000031e-01,1.440039473684210591e+00,6.117971712157517228e-01,8.282423024684589796e-01,6.038468245590745020e+00
1.920000000000000040e-01,1.455157894736842206e+00,6.206831716737594151e-01,8.344747230630827906e-01,6.053261053356154164e+00
1.930000000000000049e-01,1.470355263157894665e+00,6.296463182353209120e-01,8.407089449225737532e-01,6.067931980776881673e+00
1.940000000000000058e-01,1.485631578947368636e+00,6.386867927117095833e-01,8.469447862356590528e-01,6.082481785192641155e+00
1.950000000000000067e-01,1.500986842105263230e+00,6.478047753635137740e-01,8.531820667417494564e-01,6.096911219889296518e+00
1.960000000000000075e-01,1.516421052631579114e+00,6.570004449103128419e-01,8.594206077212662720e-01,6.111221034118441864e+00
1.970000000000000084e-01,1.531934210526316065e+00,6.662739785403019033e-01,8.656602319860141614e-01,6.125411973116909436e+00
1.980000000000000093e-01,1.547526315789473861e+00,6.756255519198636206e-01,8.719007638696101292e-01,6.139484778126178988e+00
1.990000000000000102e-01,1.563197368421052724e+00,6.850553392030902522e-01,8.781420292179624720e-01,6.153440186411710755e+00
2.000000000000000111e-01,1.578947368421052655e+00,6.945635130412527447e-01,8.843838553797999102e-01,6.167278931282187848e+00
2.010000000000000120e-01,1.594776315789473875e+00,7.041502445922203091e-01,8.906260711972535660e-01,6.181001742108669816e+00
2.020000000000000129e-01,1.610684210526316162e+00,7.138157035298285935e-01,8.968685069964875689e-01,6.194609344343674273e+00
2.030000000000000138e-01,1.626671052631579073e+00,7.235600580531976744e-01,9.031109945783813986e-01,6.208102459540155493e+00
2.040000000000000147e-01,1.642736842105263495e+00,7.333834748959996430e-01,9.093533672092637410e-01,6.221481805370414619e+00
2.050000000000000155e-01,1.658881578947368762e+00,7.432861193356767870e-01,9.155954596116919753e-01,6.234748095644917498e+00
2.060000000000000164e-01,1.675105263157894875e+00,7.532681552026092575e-01,9.218371079552858394e-01,6.247902040331030804e+00
2.070000000000000173e-01,1.691407894736842499e+00,7.633297448892336634e-01,9.280781498476088354e-01,6.260944345571676450e+00
2.080000000000000182e-01,1.707789473684210746e+00,7.734710493591128166e-01,9.343184243250978183e-01,6.273875713703900736e+00
2.089999999999999913e-01,1.724249999999999616e+00,7.836922281559560721e-01,9.405577718440435442e-01,6.286696843277360003e+00
2.099999999999999922e-01,1.740789473684210220e+00,7.939934394125905959e-01,9.467960342716197353e-01,6.299408429072729909e+00
2.109999999999999931e-01,1.757407894736842113e+00,8.043748398598852267e-01,9.530330548769568866e-01,6.312011162120027663e+00
2.119999999999999940e-01,1.774105263157894630e+00,8.148365848356247110e-01,9.592686783222699187e-01,6.324505729716851654e+00
2.129999999999999949e-01,1.790881578947368435e+00,8.253788282933370857e-01,9.655027506540314608e-01,6.336892815446542926e+00
2.139999999999999958e-01,1.807736842105262642e+00,8.360017228110722121e-01,9.717351192941905413e-01,6.349173099196267600e+00
2.149999999999999967e-01,1.824671052631578805e+00,8.467054196001340127e-01,9.779656330314447921e-01,6.361347257175010483e+00
2.159999999999999976e-01,1.841684210526315812e+00,8.574900685137637479e-01,9.841941420125520645e-01,6.373415961931498508e+00
2.169999999999999984e-01,1.858776315789473443e+00,8.683558180557777728e-01,9.904204977336957816e-01,6.385379882372038018e+00
2.179999999999999993e-01,1.875947368421052808e+00,8.793028153891574439e-01,9.966445530318953638e-01,6.397239683778272124e+00
2.190000000000000002e-01,1.893197368421052795e+00,8.903312063445925073e-01,1.002866162076460288e+00,6.408996027824866104e+00
2.200000000000000011e-01,1.910526315789473850e+00,9.014411354289785239e-01,1.009085180360495215e+00,6.420649572597100452e+00
2.210000000000000020e-01,1.927934210526315972e+00,9.126327458338677756e-01,1.015301464692448308e+00,6.432200972608399070e+00
2.220000000000000029e-01,1.945421052631578718e+00,9.239061794438737651e-01,1.021514873187704842e+00,6.443650878817770433e+00
2.230000000000000038e-01,1.962986842105263197e+00,9.352615768450311950e-01,1.027725265260232002e+00,6.454999938647175917e+00
2.240000000000000047e-01,1.980631578947368521e+00,9.466990773331087627e-01,1.033932501614259536e+00,6.466248795998817300e+00
2.250000000000000056e-01,1.998355263157894912e+00,9.582188189218783236e-01,1.040136444236016589e+00,6.477398091272345226e+00
2.260000000000000064e-01,2.016157894736842149e+00,9.698209383513378690e-01,1.046336956385504502e+00,6.488448461381993937e+00
2.270000000000000073e-01,2.034039473684210453e+00,9.815055710958902058e-01,1.052533902588320025e+00,6.499400539773644070e+00
2.280000000000000082e-01,2.052000000000000046e+00,9.932728513724767838e-01,1.058727148627523373e+00,6.510254956441794860e+00
2.290000000000000091e-01,2.070039473684210485e+00,1.005122912148666892e+00,1.064916561535543815e+00,6.521012337946474169e+00
2.300000000000000100e-01,2.088157894736841769e+00,1.017055885150702776e+00,1.071102009586139214e+00,6.531673307430065023e+00
2.310000000000000109e-01,2.106355263157894786e+00,1.029071900871501688e+00,1.077283362286393098e+00,6.542238484634060214e+00
2.320000000000000118e-01,2.124631578947368649e+00,1.041171088578612736e+00,1.083460490368755913e+00,6.552708485915742287e+00
2.330000000000000127e-01,2.142986842105262912e+00,1.053353576322131113e+00,1.089633265783131799e+00,6.563083924264780933e+00
2.340000000000000135e-01,2.161421052631579354e+00,1.065619490942568470e+00,1.095801561689010883e+00,6.573365409319767316e+00
2.350000000000000144e-01,2.179934210526315752e+00,1.077968958078680428e+00,1.101965252447635546e+00,6.583553547384668470e+00
2.360000000000000153e-01,2.198526315789473884e+00,1.090402102175251464e+00,1.108124213614222420e+00,6.593648941445202638e+00
2.370000000000000162e-01,2.217197368421052861e+00,1.102919046490836941e+00,1.114278321930216142e+00,6.603652191185153342e+00
2.380000000000000171e-01,2.235947368421052683e+00,1.115519913105461614e+00,1.120427455315590848e+00,6.613563893002599059e+00
2.390000000000000180e-01,2.254776315789474239e+00,1.128204822928278395e+00,1.126571492861195845e+00,6.623384640026070969e+00
2.399999999999999911e-01,2.273684210526315752e+00,1.140973895705181373e+00,1.132710314821134379e+00,6.633115022130647631e+00
2.409999999999999920e-01,2.292671052631578554e+00,1.153827250026380646e+00,1.138843802605198130e+00,6.642755625953963516e+00
2.419999999999999929e-01,2.311736842105263090e+00,1.166765003333933404e+00,1.144971838771329686e+00,6.652307034912160688e+00
2.429999999999999938e-01,2.330881578947368471e+00,1.179787271929233716e+00,1.151094307018134533e+00,6.661769829215751670e+00
2.439999999999999947e-01,2.350105263157894253e+00,1.192894170980461688e+00,1.157211092177432565e+00,6.671144585885423695e+00
2.449999999999999956e-01,2.369407894736841769e+00,1.206085814529991085e+00,1.163322080206850684e+00,6.680431878767766563e+00
2.459999999999999964e-01,2.388789473684210574e+00,1.219362315501756777e+00,1.169427158182453796e+00,6.689632278550931233e+00
2.469999999999999973e-01,2.408249999999999780e+00,1.232723785708580433e+00,1.175526214291419347e+00,6.698746352780215574e+00
2.479999999999999982e-01,2.427789473684210275e+00,1.246170335859456468e+00,1.181619137824754029e+00,6.707774665873579067e+00
2.489999999999999991e-01,2.447407894736841616e+00,1.259702075566798474e+00,1.187705819170043142e+00,6.716717779137097111e+00
2.500000000000000000e-01,2.467105263157894690e+00,1.273319113353644338e+00,1.193786149804250352e+00,6.725576250780330057e+00
2.510000000000000009e-01,2.486881578947368610e+00,1.287021556660821631e+00,1.199860022286547201e+00,6.734350635931633633e+00
2.520000000000000018e-01,2.506736842105262930e+00,1.300809511854074341e+00,1.205927330251188812e+00,6.743041486653396532e+00
2.530000000000000027e-01,2.526671052631578984e+00,1.314683084231149657e+00,1.211987968400429327e+00,6.751649351957208722e+00
2.540000000000000036e-01,2.546684210526315884e+00,1.328642378028844773e+00,1.218041832497471111e+00,6.760174777818964920e+00
2.550000000000000044e-01,2.566776315789473628e+00,1.342687496430015726e+00,1.224088819359457903e+00,6.768618307193895234e+00
2.560000000000000053e-01,2.586947368421053106e+00,1.356818541570547154e+00,1.230128826850505730e+00,6.776980480031527421e+00
2.570000000000000062e-01,2.607197368421052541e+00,1.371035614546282755e+00,1.236161753874769786e+00,6.785261833290586964e+00
2.580000000000000071e-01,2.627526315789473710e+00,1.385338815419917990e+00,1.242187500369555941e+00,6.793462900953825212e+00
2.590000000000000080e-01,2.647934210526316168e+00,1.399728243227853275e+00,1.248205967298462893e+00,6.801584214042776466e+00
2.600000000000000089e-01,2.668421052631579027e+00,1.414203995987011853e+00,1.254217056644566952e+00,6.809626300632457330e+00
2.610000000000000098e-01,2.688986842105263619e+00,1.428766170701615934e+00,1.260220671403647685e+00,6.817589685865994120e+00
2.620000000000000107e-01,2.709631578947368613e+00,1.443414863369928192e+00,1.266216715577440421e+00,6.825474891969184554e+00
2.630000000000000115e-01,2.730355263157894896e+00,1.458150168990954398e+00,1.272205094166940720e+00,6.833282438264991043e+00
2.640000000000000124e-01,2.751157894736842469e+00,1.472972181571108763e+00,1.278185713165733484e+00,6.841012841187976257e+00
2.650000000000000133e-01,2.772039473684210886e+00,1.487880994130842627e+00,1.284158479553368259e+00,6.848666614298659638e+00
2.660000000000000142e-01,2.793000000000000149e+00,1.502876698711235193e+00,1.290123301288765179e+00,6.856244268297819744e+00
2.670000000000000151e-01,2.814039473684211146e+00,1.517959386380549169e+00,1.296080087303661976e+00,6.863746311040729076e+00
2.680000000000000160e-01,2.835157894736842543e+00,1.533129147240747781e+00,1.302028747496094763e+00,6.871173247551324081e+00
2.690000000000000169e-01,2.856355263157895230e+00,1.548386070433976469e+00,1.307969192723918539e+00,6.878525580036304987e+00
2.700000000000000178e-01,2.877631578947368762e+00,1.563730244149009074e+00,1.313901334798359688e+00,6.885803807899183226e+00
2.710000000000000187e-01,2.898986842105263584e+00,1.579161755627656039e+00,1.319825086477607545e+00,6.893008427754248046e+00
2.720000000000000195e-01,2.920421052631579695e+00,1.594680691171138198e+00,1.325740361460441274e+00,6.900139933440488704e+00
2.730000000000000204e-01,2.941934210526315763e+00,1.610287136146424825e+00,1.331647074379890938e+00,6.907198816035442945e+00
2.740000000000000213e-01,2.963526315789474008e+00,1.625981174992535250e+00,1.337545140796938981e+00,6.914185563868975315e+00
2.750000000000000222e-01,2.985197368421052655e+00,1.641762891226806076e+00,1.343434477194246801e+00,6.921100662537011949e+00
2.760000000000000231e-01,3.006947368421053035e+00,1.657632367451122635e+00,1.349315000969930400e+00,6.927944594915190990e+00
2.770000000000000240e-01,3.028776315789474260e+00,1.673589685358115586e+00,1.355186630431358674e+00,6.934717841172466812e+00
2.780000000000000249e-01,3.050684210526315887e+00,1.689634925737322879e+00,1.361049284788993008e+00,6.941420878784644088e+00
2.790000000000000258e-01,3.072671052631579691e+00,1.705768168481317071e+00,1.366902884150262398e+00,6.948054182547855007e+00
2.800000000000000266e-01,3.094736842105263896e+00,1.721989492591798010e+00,1.372747349513465664e+00,6.954618224591966325e+00
2.810000000000000275e-01,3.116881578947368947e+00,1.738298976185651101e+00,1.378582602761717846e+00,6.961113474393938461e+00
2.820000000000000284e-01,3.139105263157895287e+00,1.754696696500971598e+00,1.384408566656923911e+00,6.967540398791112644e+00
2.830000000000000293e-01,3.161407894736842472e+00,1.771182729903055586e+00,1.390225164833786886e+00,6.973899461994437665e+00
2.840000000000000302e-01,3.183789473684210947e+00,1.787757151890355889e+00,1.396032321793855058e+00,6.980191125601644231e+00
2.850000000000000311e-01,3.206250000000001155e+00,1.804420037100404661e+00,1.401829962899596271e+00,6.986415848610351809e+00
2.860000000000000320e-01,3.228789473684210876e+00,1.821171459315704677e+00,1.407618014368506199e+00,6.992574087431115082e+00
2.870000000000000329e-01,3.251407894736842774e+00,1.838011491469583980e+00,1.413396403267258794e+00,6.998666295900413559e+00
2.880000000000000338e-01,3.274105263157895074e+00,1.854940205652019003e+00,1.419165057505875849e+00,7.004692925293586114e+00
2.889999999999999791e-01,3.296881578947368219e+00,1.871957673115425713e+00,1.424923905831942506e+00,7.010654424337698032e+00
2.899999999999999800e-01,3.319736842105262653e+00,1.889063964280416563e+00,1.430672877824845868e+00,7.016551239224346759e+00
2.909999999999999809e-01,3.342671052631578821e+00,1.906259148741525244e+00,1.436411903890053354e+00,7.022383813622425919e+00
2.919999999999999818e-01,3.365684210526315390e+00,1.923543295272899911e+00,1.442140915253415479e+00,7.028152588690810276e+00
2.929999999999999827e-01,3.388776315789472804e+00,1.940916471833961321e+00,1.447859843955511705e+00,7.033858003090990962e+00
2.939999999999999836e-01,3.411947368421051952e+00,1.958378745575032776e+00,1.453568622846019398e+00,7.039500492999657411e+00
2.949999999999999845e-01,3.435197368421051944e+00,1.975930182842935645e+00,1.459267185578116299e+00,7.045080492121215343e+00
2.959999999999999853e-01,3.458526315789473227e+00,1.993570849186552918e+00,1.464955466602920309e+00,7.050598431700249691e+00
2.969999999999999862e-01,3.481934210526315354e+00,2.011300809362362330e+00,1.470633401163953025e+00,7.056054740533928893e+00
2.979999999999999871e-01,3.505421052631578771e+00,2.029120127339937962e+00,1.476300925291640587e+00,7.061449844984352353e+00
2.989999999999999880e-01,3.528986842105263033e+00,2.047028866307418316e+00,1.481957975797844496e+00,7.066784168990835724e+00
2.999999999999999889e-01,3.552631578947368141e+00,2.065027088676947287e+00,1.487604490270420632e+00,7.072058134082158887e+00
3.009999999999999898e-01,3.576355263157894537e+00,2.083114856090080291e+00,1.493240407067814024e+00,7.077272159388730444e+00
3.019999999999999907e-01,3.600157894736841779e+00,2.101292229423160851e+00,1.498865665313681150e+00,7.082426661654716682e+00
3.029999999999999916e-01,3.624039473684209867e+00,2.119559268792667428e+00,1.504480204891542439e+00,7.087522055250107478e+00
3.039999999999999925e-01,3.648000000000000131e+00,2.137916033560530060e+00,1.510083966439470071e+00,7.092558752182721804e+00
3.049999999999999933e-01,3.672039473684210353e+00,2.156362582339412359e+00,1.515676891344797994e+00,7.097537162110167941e+00
3.059999999999999942e-01,3.696157894736841865e+00,2.174898972997970414e+00,1.521258921738871672e+00,7.102457692351739738e+00
3.069999999999999951e-01,3.720355263157894665e+00,2.193525262666073949e+00,1.526830000491820938e+00,7.107320747900262248e+00
3.079999999999999960e-01,3.744631578947367867e+00,2.212241507740004831e+00,1.532390071207363036e+00,7.112126731433883187e+00
3.089999999999999969e-01,3.768986842105262802e+00,2.231047763887618718e+00,1.537939078217644084e+00,7.116876043327804879e+00
3.099999999999999978e-01,3.793421052631579027e+00,2.249944086053484060e+00,1.543476966578094745e+00,7.121569081665970913e+00
3.109999999999999987e-01,3.817934210526315209e+00,2.268930528463986906e+00,1.549003682062328302e+00,7.126206242252690615e+00
3.119999999999999996e-01,3.842526315789473568e+00,2.288007144632406398e+00,1.554519171157067614e+00,7.130787918624209354e+00
3.130000000000000004e-01,3.867197368421052328e+00,2.307173987363963175e+00,1.560023381057089376e+00,7.135314502060236208e+00
3.140000000000000013e-01,3.891947368421052378e+00,2.326431108760840250e+00,1.565516259660212350e+00,7.139786381595399689e+00
3.150000000000000022e-01,3.916776315789473273e+00,2.345778560227169240e+00,1.570997755562304032e+00,7.144203944030671494e+00
3.160000000000000031e-01,3.941684210526315457e+00,2.365216392473994844e+00,1.576467818052320835e+00,7.148567573944724529e+00
3.170000000000000040e-01,3.966671052631578931e+00,2.384744655524204227e+00,1.581926397107374704e+00,7.152877653705237648e+00
3.180000000000000049e-01,3.991736842105263250e+00,2.404363398717433320e+00,1.587373443387830152e+00,7.157134563480154199e+00
3.190000000000000058e-01,4.016881578947367970e+00,2.424072670714940703e+00,1.592808908232427489e+00,7.161338681248881066e+00
3.200000000000000067e-01,4.042105263157894868e+00,2.443872519504457941e+00,1.598232743653437149e+00,7.165490382813445081e+00
3.210000000000000075e-01,4.067407894736843055e+00,2.463762992405005736e+00,1.603644902331836875e+00,7.169590041809593473e+00
3.220000000000000084e-01,4.092789473684209867e+00,2.483744136071689201e+00,1.609045337612520887e+00,7.173638029717834819e+00
3.230000000000000093e-01,4.118250000000000632e+00,2.503815996500458940e+00,1.614434003499541248e+00,7.177634715874438243e+00
3.240000000000000102e-01,4.143789473684210911e+00,2.523978619032849480e+00,1.619810854651361209e+00,7.181580467482387320e+00
3.250000000000000111e-01,4.169407894736842479e+00,2.544232048360687948e+00,1.625175846376154531e+00,7.185475649622263816e+00
3.260000000000000120e-01,4.195105263157895337e+00,2.564576328530775218e+00,1.630528934627120119e+00,7.189320625263098563e+00
3.270000000000000129e-01,4.220881578947368595e+00,2.585011502949540851e+00,1.635870075997827744e+00,7.193115755273158385e+00
3.280000000000000138e-01,4.246736842105263143e+00,2.605537614387670953e+00,1.641199227717592635e+00,7.196861398430695722e+00
3.290000000000000147e-01,4.272671052631578981e+00,2.626154704984708488e+00,1.646516347646870271e+00,7.200557911434639635e+00
3.300000000000000155e-01,4.298684210526316107e+00,2.646862816253628292e+00,1.651821394272687593e+00,7.204205648915241511e+00
3.310000000000000164e-01,4.324776315789473635e+00,2.667661989085383656e+00,1.657114326704089979e+00,7.207804963444662150e+00
3.320000000000000173e-01,4.350947368421052452e+00,2.688552263753426708e+00,1.662395104667625967e+00,7.211356205547523324e+00
3.330000000000000182e-01,4.377197368421053447e+00,2.709533679918203930e+00,1.667663688502849517e+00,7.214859723711400719e+00
3.340000000000000191e-01,4.403526315789474843e+00,2.730606276631624585e+00,1.672920039157850036e+00,7.218315864397271575e+00
3.350000000000000200e-01,4.429934210526315752e+00,2.751770092341502938e+00,1.678164118184813036e+00,7.221724972049907265e+00
3.360000000000000209e-01,4.456421052631579727e+00,2.773025164895975170e+00,1.683395887735604335e+00,7.225087389108226787e+00
3.370000000000000218e-01,4.482986842105263214e+00,2.794371531547888310e+00,1.688615310557374904e+00,7.228403456015597861e+00
3.380000000000000226e-01,4.509631578947368880e+00,2.815809228959167410e+00,1.693822349988201470e+00,7.231673511230088280e+00
3.390000000000000235e-01,4.536355263157895834e+00,2.837338293205154294e+00,1.699016969952741096e+00,7.234897891234668421e+00
3.400000000000000244e-01,4.563157894736842302e+00,2.858958759778921443e+00,1.704199134957921302e+00,7.238076930547372889e+00
3.410000000000000253e-01,4.590039473684210947e+00,2.880670663595560566e+00,1.709368810088650603e+00,7.241210961731403550e+00
3.420000000000000262e-01,4.616999999999999993e+00,2.902474038996446293e+00,1.714525961003553922e+00,7.244300315405197033e+00
3.430000000000000271e-01,4.644039473684211217e+00,2.924368919753476792e+00,1.719670553930733981e+00,7.247345320252438050e+00
3.440000000000000280e-01,4.671157894736842842e+00,2.946355339073285062e+00,1.724802555663557335e+00,7.250346303032027429e+00
3.450000000000000289e-01,4.698355263157895756e+00,2.968433329601428916e+00,1.729921933556466396e+00,7.253303588588001283e+00
3.460000000000000298e-01,4.725631578947369071e+00,2.990602923426556092e+00,1.735028655520813423e+00,7.256217499859410225e+00
3.470000000000000306e-01,4.752986842105263676e+00,3.012864152084543168e+00,1.740122690020720730e+00,7.259088357890142618e+00
3.480000000000000315e-01,4.780421052631579570e+00,3.035217046562612708e+00,1.745204006068966640e+00,7.261916481838710524e+00
3.490000000000000324e-01,4.807934210526316754e+00,3.057661637303422886e+00,1.750272573222893868e+00,7.264702188987986808e+00
3.500000000000000333e-01,4.835526315789474339e+00,3.080197954209136668e+00,1.755328361580337893e+00,7.267445794754896049e+00
3.510000000000000342e-01,4.863197368421053213e+00,3.102826026645463031e+00,1.760371341775590404e+00,7.270147612700053052e+00
3.519999999999999796e-01,4.890947368421051600e+00,3.125545883445677742e+00,1.765401484975373636e+00,7.272807954537372943e+00
3.529999999999999805e-01,4.918776315789473053e+00,3.148357552914619273e+00,1.770418762874853336e+00,7.275427130143614640e+00
3.539999999999999813e-01,4.946684210526314907e+00,3.171261062832660294e+00,1.775423147693655057e+00,7.278005447567907460e+00
3.549999999999999822e-01,4.974671052631578938e+00,3.194256440459655622e+00,1.780414612171922872e+00,7.280543213041199557e+00
3.559999999999999831e-01,5.002736842105262483e+00,3.217343712538868861e+00,1.785393129566393400e+00,7.283040730985685052e+00
3.569999999999999840e-01,5.030881578947367316e+00,3.240522905300873724e+00,1.790358673646493370e+00,7.285498304024182303e+00
3.579999999999999849e-01,5.059105263157894328e+00,3.263794044467432265e+00,1.795311218690461841e+00,7.287916232989460674e+00
3.589999999999999858e-01,5.087407894736841740e+00,3.287157155255352237e+00,1.800250739481489948e+00,7.290294816933537980e+00
3.599999999999999867e-01,5.115789473684209554e+00,3.310612262380317805e+00,1.805177211303891749e+00,7.292634353136914882e+00
3.609999999999999876e-01,5.144249999999999545e+00,3.334159390060702499e+00,1.810090609939297490e+00,7.294935137117776414e+00
3.619999999999999885e-01,5.172789473684209938e+00,3.357798562021354183e+00,1.814990911662855755e+00,7.297197462641163312e+00
3.629999999999999893e-01,5.201407894736841619e+00,3.381529801497361376e+00,1.819878093239480465e+00,7.299421621728062526e+00
3.639999999999999902e-01,5.230105263157893702e+00,3.405353131237795594e+00,1.824752131920098330e+00,7.301607904664502158e+00
3.649999999999999911e-01,5.258881578947368851e+00,3.429268573509431928e+00,1.829613005437936479e+00,7.303756600010562039e+00
3.659999999999999920e-01,5.287736842105262625e+00,3.453276150100446973e+00,1.834460692004816096e+00,7.305867994609371863e+00
3.669999999999999929e-01,5.316671052631578576e+00,3.477375882324093670e+00,1.839295170307484906e+00,7.307942373596043595e+00
3.679999999999999938e-01,5.345684210526315816e+00,3.501567791022357046e+00,1.844116419503958770e+00,7.309980020406580792e+00
3.689999999999999947e-01,5.374776315789473458e+00,3.525851896569586419e+00,1.848924419219887483e+00,7.311981216786736404e+00
3.699999999999999956e-01,5.403947368421051500e+00,3.550228218876104069e+00,1.853719149544947875e+00,7.313946242800822617e+00
3.709999999999999964e-01,5.433197368421052609e+00,3.574696777391796143e+00,1.858500591029256466e+00,7.315875376840493161e+00
3.719999999999999973e-01,5.462526315789474118e+00,3.599257591109680465e+00,1.863268724679793431e+00,7.317768895633475879e+00
3.729999999999999982e-01,5.491934210526315141e+00,3.623910678569449040e+00,1.868023531956866545e+00,7.319627074252264443e+00
3.739999999999999991e-01,5.521421052631578341e+00,3.648656057860995894e+00,1.872764994770582225e+00,7.321450186122762993e+00
3.750000000000000000e-01,5.550986842105263719e+00,3.673493746627920498e+00,1.877493095477343221e+00,7.323238503032907687e+00
3.760000000000000009e-01,5.580631578947367721e+00,3.698423762071009868e+00,1.882207816876358075e+00,7.324992295141231402e+00
3.770000000000000018e-01,5.610355263157893901e+00,3.723446120951699800e+00,1.886909142206194101e+00,7.326711830985384921e+00
3.780000000000000027e-01,5.640157894736842259e+00,3.748560839595515670e+00,1.891597055141326367e+00,7.328397377490634135e+00
3.790000000000000036e-01,5.670039473684210130e+00,3.773767933895492366e+00,1.896271539788717986e+00,7.330049199978306618e+00
3.800000000000000044e-01,5.699999999999999289e+00,3.799067419315574679e+00,1.900932580684424389e+00,7.331667562174192909e+00
3.810000000000000053e-01,5.730039473684210627e+00,3.824459310893996378e+00,1.905580162790214249e+00,7.333252726216919370e+00
3.820000000000000062e-01,5.760157894736842366e+00,3.849943623246636193e+00,1.910214271490206395e+00,7.334804952666280187e+00
3.830000000000000071e-01,5.790355263157894505e+00,3.875520370570357809e+00,1.914834892587537141e+00,7.336324500511511637e+00
3.840000000000000080e-01,5.820631578947368823e+00,3.901189566646329432e+00,1.919442012301039391e+00,7.337811627179556595e+00
3.850000000000000089e-01,5.850986842105263541e+00,3.926951224843319821e+00,1.924035617261943276e+00,7.339266588543265968e+00
3.860000000000000098e-01,5.881421052631578661e+00,3.952805358120976109e+00,1.928615694510602552e+00,7.340689638929568162e+00
3.870000000000000107e-01,5.911934210526315958e+00,3.978751979033083419e+00,1.933182231493232095e+00,7.342081031127603019e+00
3.880000000000000115e-01,5.942526315789474545e+00,4.004791099730802273e+00,1.937735216058672050e+00,7.343441016396814902e+00
3.890000000000000124e-01,5.973197368421052644e+00,4.030922731965887351e+00,1.942274636455165515e+00,7.344769844475012910e+00
3.900000000000000133e-01,6.003947368421052921e+00,4.057146887093886711e+00,1.946800481327166432e+00,7.346067763586370702e+00
3.910000000000000142e-01,6.034776315789473600e+00,4.083463576077321022e+00,1.951312739712152799e+00,7.347335020449416554e+00
3.920000000000000151e-01,6.065684210526316456e+00,4.109872809488846812e+00,1.955811401037469199e+00,7.348571860284972779e+00
3.930000000000000160e-01,6.096671052631578824e+00,4.136374597514394402e+00,1.960296455117185310e+00,7.349778526824048974e+00
3.940000000000000169e-01,6.127736842105264259e+00,4.162968949956288078e+00,1.964767892148975958e+00,7.350955262315715721e+00
3.950000000000000178e-01,6.158881578947369206e+00,4.189655876236355603e+00,1.969225702711013382e+00,7.352102307534924996e+00
3.960000000000000187e-01,6.190105263157895443e+00,4.216435385399007529e+00,1.973669877758887914e+00,7.353219901790298607e+00
3.970000000000000195e-01,6.221407894736842970e+00,4.243307486114301419e+00,1.978100408622541995e+00,7.354308282931881990e+00
3.980000000000000204e-01,6.252789473684210897e+00,4.270272186680993620e+00,1.982517287003217721e+00,7.355367687358858042e+00
3.990000000000000213e-01,6.284250000000001002e+00,4.297329495029559965e+00,1.986920504970440371e+00,7.356398350027222754e+00
4.000000000000000222e-01,6.315789473684210620e+00,4.324479418725212909e+00,1.991310054958997711e+00,7.357400504457432433e+00
4.010000000000000231e-01,6.347407894736843303e+00,4.351721964970884038e+00,1.995685929765959710e+00,7.358374382741998510e+00
4.020000000000000240e-01,6.379105263157895500e+00,4.379057140610202126e+00,2.000048122547693819e+00,7.359320215553063704e+00
4.030000000000000249e-01,6.410881578947368986e+00,4.406484952130446331e+00,2.004396626816922655e+00,7.360238232149924897e+00
4.040000000000000258e-01,6.442736842105264650e+00,4.434005405665481625e+00,2.008731436439782581e+00,7.361128660386535572e+00
4.050000000000000266e-01,6.474671052631579826e+00,4.461618506998677347e+00,2.013052545632902479e+00,7.361991726718967399e+00
4.060000000000000275e-01,6.506684210526316292e+00,4.489324261565806218e+00,2.017359948960510074e+00,7.362827656212821203e+00
4.070000000000000284e-01,6.538776315789474936e+00,4.517122674457926479e+00,2.021653641331548013e+00,7.363636672550626372e+00
4.080000000000000293e-01,6.570947368421053980e+00,4.545013750424248933e+00,2.025933617996804603e+00,7.364418998039192310e+00
4.090000000000000302e-01,6.603197368421053426e+00,4.572997493874980002e+00,2.030199874546072980e+00,7.365174853616919926e+00
4.100000000000000311e-01,6.635526315789475049e+00,4.601073908884153241e+00,2.034452406905322253e+00,7.365904458861085580e+00
4.110000000000000320e-01,6.667934210526317074e+00,4.629242999192440422e+00,2.038691211333876208e+00,7.366608031995093064e+00
4.120000000000000329e-01,6.700421052631579499e+00,4.657504768209946633e+00,2.042916284421633311e+00,7.367285789895677617e+00
4.130000000000000338e-01,6.732986842105264103e+00,4.685859219018984057e+00,2.047127623086279602e+00,7.367937948100087731e+00
4.140000000000000346e-01,6.765631578947369995e+00,4.714306354376837760e+00,2.051325224570532235e+00,7.368564720813227886e+00
4.150000000000000355e-01,6.798355263157895401e+00,4.742846176718500395e+00,2.055509086439394562e+00,7.369166320914768420e+00
4.160000000000000364e-01,6.831157894736842984e+00,4.771478688159406012e+00,2.059679206577436528e+00,7.369742959966211870e+00
4.169999999999999818e-01,6.864039473684209192e+00,4.800203890498132786e+00,2.063835583186077294e+00,7.370294848217942452e+00
4.179999999999999827e-01,6.896999999999998465e+00,4.829021785219096863e+00,2.067978214780901602e+00,7.370822194616227563e+00
4.189999999999999836e-01,6.930039473684209916e+00,4.857932373495229328e+00,2.072107100188980588e+00,7.371325206810189101e+00
4.199999999999999845e-01,6.963157894736840881e+00,4.886935656190631860e+00,2.076222238546209020e+00,7.371804091158745464e+00
4.209999999999999853e-01,6.996355263157893134e+00,4.916031633863219064e+00,2.080323629294674959e+00,7.372259052737510920e+00
4.219999999999999862e-01,7.029631578947368453e+00,4.945220306767343921e+00,2.084411272180024532e+00,7.372690295345673661e+00
4.229999999999999871e-01,7.062986842105262397e+00,4.974501674856410816e+00,2.088485167248851582e+00,7.373098021512830336e+00
4.239999999999999880e-01,7.096421052631578519e+00,5.003875737785461020e+00,2.092545314846116611e+00,7.373482432505791273e+00
4.249999999999999889e-01,7.129934210526315930e+00,5.033342494913754628e+00,2.096591715612561302e+00,7.373843728335354619e+00
4.259999999999999898e-01,7.163526315789473742e+00,5.062901945307327622e+00,2.100624370482145675e+00,7.374182107763047611e+00
4.269999999999999907e-01,7.197197368421051067e+00,5.092554087741540059e+00,2.104643280679511452e+00,7.374497768307827883e+00
4.279999999999999916e-01,7.230947368421050570e+00,5.122298920703600267e+00,2.108648447717450747e+00,7.374790906252760792e+00
4.289999999999999925e-01,7.264776315789474026e+00,5.152136442395078397e+00,2.112639873394395629e+00,7.375061716651666543e+00
4.299999999999999933e-01,7.298684210526315219e+00,5.182066650734404867e+00,2.116617559791910352e+00,7.375310393335728243e+00
4.309999999999999942e-01,7.332671052631577702e+00,5.212089543359351040e+00,2.120581509272226217e+00,7.375537128920059082e+00
4.319999999999999951e-01,7.366736842105263250e+00,5.242205117629493039e+00,2.124531724475770655e+00,7.375742114810262429e+00
4.329999999999999960e-01,7.400881578947367423e+00,5.272413370628659557e+00,2.128468208318707866e+00,7.375925541208943947e+00
4.339999999999999969e-01,7.435105263157893773e+00,5.302714299167372580e+00,2.132390963990521637e+00,7.376087597122185535e+00
4.349999999999999978e-01,7.469407894736842302e+00,5.333107899785259676e+00,2.136299994951582182e+00,7.376228470366002377e+00
4.359999999999999987e-01,7.503789473684211231e+00,5.363594168753463620e+00,2.140195304930747167e+00,7.376348347572768915e+00
4.369999999999999996e-01,7.538249999999999673e+00,5.394173102077025383e+00,2.144076897922974734e+00,7.376447414197594199e+00
4.380000000000000004e-01,7.572789473684211181e+00,5.424844695497261782e+00,2.147944778186948955e+00,7.376525854524689230e+00
4.390000000000000013e-01,7.607407894736842202e+00,5.455608944494120038e+00,2.151798950242721720e+00,7.376583851673691683e+00
4.400000000000000022e-01,7.642105263157895401e+00,5.486465844288526128e+00,2.155639418869369273e+00,7.376621587605957764e+00
4.410000000000000031e-01,7.676881578947367224e+00,5.517415389844707363e+00,2.159466189102659861e+00,7.376639243130833634e+00
4.420000000000000040e-01,7.711736842105263889e+00,5.548457575872511427e+00,2.163279266232752462e+00,7.376636997911885985e+00
4.430000000000000049e-01,7.746671052631578291e+00,5.579592396829701428e+00,2.167078655801876863e+00,7.376615030473112178e+00
4.440000000000000058e-01,7.781684210526314871e+00,5.610819846924242960e+00,2.170864363602071467e+00,7.376573518205099766e+00
4.450000000000000067e-01,7.816776315789474516e+00,5.642139920116571616e+00,2.174636395672902456e+00,7.376512637371187786e+00
4.460000000000000075e-01,7.851947368421052786e+00,5.673552610121852524e+00,2.178394758299200262e+00,7.376432563113572982e+00
4.470000000000000084e-01,7.887197368421053234e+00,5.705057910412214106e+00,2.182139458008838684e+00,7.376333469459386727e+00
4.480000000000000093e-01,7.922526315789474083e+00,5.736655814218982741e+00,2.185870501570490898e+00,7.376215529326765719e+00
4.490000000000000102e-01,7.957934210526316221e+00,5.768346314534888108e+00,2.189587895991428113e+00,7.376078914530864061e+00
4.500000000000000111e-01,7.993421052631579649e+00,5.800129404116267651e+00,2.193291648515311998e+00,7.375923795789852022e+00
4.510000000000000120e-01,8.028986842105263477e+00,5.832005075485245271e+00,2.196981766620018650e+00,7.375750342730884590e+00
4.520000000000000129e-01,8.064631578947368595e+00,5.863973320931905597e+00,2.200658258015463886e+00,7.375558723896033619e+00
4.530000000000000138e-01,8.100355263157895891e+00,5.896034132516446924e+00,2.204321130641448079e+00,7.375349106748200434e+00
4.540000000000000147e-01,8.136157894736841811e+00,5.928187502071326165e+00,2.207970392665515202e+00,7.375121657676992015e+00
4.550000000000000155e-01,8.172039473684209909e+00,5.960433421203385151e+00,2.211606052480825646e+00,7.374876542004571434e+00
4.560000000000000164e-01,8.208000000000000185e+00,5.992771881295968051e+00,2.215228118704032578e+00,7.374613923991486075e+00
4.570000000000000173e-01,8.244039473684210861e+00,6.025202873511019241e+00,2.218836600173191620e+00,7.374333966842446131e+00
4.580000000000000182e-01,8.280157894736841939e+00,6.057726388791174088e+00,2.222431505945668295e+00,7.374036832712101308e+00
4.590000000000000191e-01,8.316355263157895195e+00,6.090342417861832836e+00,2.226012845296061915e+00,7.373722682710774912e+00
4.600000000000000200e-01,8.352631578947367075e+00,6.123050951233219408e+00,2.229580627714148555e+00,7.373391676910165948e+00
4.610000000000000209e-01,8.388986842105264685e+00,6.155851979202426882e+00,2.233134862902836915e+00,7.373043974349034357e+00
4.620000000000000218e-01,8.425421052631579144e+00,6.188745491855460301e+00,2.236675560776118843e+00,7.372679733038858707e+00
4.630000000000000226e-01,8.461934210526315780e+00,6.221731479069247506e+00,2.240202731457068719e+00,7.372299109969444153e+00
4.640000000000000235e-01,8.498526315789474594e+00,6.254809930513652638e+00,2.243716385275821956e+00,7.371902261114538391e+00
4.650000000000000244e-01,8.535197368421053810e+00,6.287980835653470102e+00,2.247216532767583708e+00,7.371489341437388987e+00
4.660000000000000253e-01,8.571947368421051650e+00,6.321244183750406975e+00,2.250703184670645118e+00,7.371060504896284726e+00
4.670000000000000262e-01,8.608776315789473443e+00,6.354599963865048551e+00,2.254176351924425337e+00,7.370615904450077416e+00
4.680000000000000271e-01,8.645684210526317415e+00,6.388048164858818545e+00,2.257636045667498870e+00,7.370155692063666386e+00
4.690000000000000280e-01,8.682671052631580011e+00,6.421588775395919768e+00,2.261082277235659799e+00,7.369680018713457237e+00
4.700000000000000289e-01,8.719736842105263008e+00,6.455221783945266800e+00,2.264515058159996652e+00,7.369189034392793047e+00
4.710000000000000298e-01,8.756881578947369960e+00,6.488947178782403569e+00,2.267934400164966391e+00,7.368682888117367824e+00
4.720000000000000306e-01,8.794105263157895536e+00,6.522764947991405826e+00,2.271340315166490598e+00,7.368161727930604421e+00
4.730000000000000315e-01,8.831407894736843289e+00,6.556675079466778300e+00,2.274732815270064545e+00,7.367625700908998709e+00
4.740000000000000324e-01,8.868789473684211444e+00,6.590677560915334965e+00,2.278111912768877367e+00,7.367074953167461970e+00
4.750000000000000333e-01,8.906250000000001776e+00,6.624772379858061555e+00,2.281477620141939333e+00,7.366509629864610886e+00
4.760000000000000342e-01,8.943789473684210733e+00,6.658959523631979849e+00,2.284829950052230441e+00,7.365929875208046873e+00
4.770000000000000351e-01,8.981407894736843645e+00,6.693238979391986199e+00,2.288168915344857446e+00,7.365335832459602550e+00
4.780000000000000360e-01,9.019105263157896957e+00,6.727610734112682955e+00,2.291494529045214001e+00,7.364727643940566004e+00
4.790000000000000369e-01,9.056881578947368894e+00,6.762074774590201898e+00,2.294806804357166996e+00,7.364105451036872196e+00
4.799999999999999822e-01,9.094736842105263008e+00,6.796631087444007235e+00,2.298105754661255329e+00,7.363469394204278373e+00
4.809999999999999831e-01,9.132671052631579300e+00,6.831279659118695058e+00,2.301391393512883798e+00,7.362819612973514616e+00
4.819999999999999840e-01,9.170684210526314217e+00,6.866020475885772356e+00,2.304663734640542305e+00,7.362156245955393530e+00
4.829999999999999849e-01,9.208776315789473088e+00,6.900853523845436044e+00,2.307922791944037044e+00,7.361479430845915495e+00
4.839999999999999858e-01,9.246947368421052360e+00,6.935778788928325334e+00,2.311168579492726582e+00,7.360789304431325064e+00
4.849999999999999867e-01,9.285197368421050257e+00,6.970796256897275001e+00,2.314401111523775700e+00,7.360086002593162924e+00
4.859999999999999876e-01,9.323526315789473884e+00,7.005905913349050884e+00,2.317620402440421667e+00,7.359369660313284989e+00
4.869999999999999885e-01,9.361934210526316136e+00,7.041107743716077394e+00,2.320826466810238742e+00,7.358640411678857518e+00
4.879999999999999893e-01,9.400421052631577012e+00,7.076401733268145477e+00,2.324019319363432423e+00,7.357898389887323809e+00
4.889999999999999902e-01,9.438986842105263619e+00,7.111787867114121475e+00,2.327198974991142588e+00,7.357143727251347798e+00
4.899999999999999911e-01,9.477631578947367075e+00,7.147266130203635548e+00,2.330365448743732415e+00,7.356376555203739898e+00
4.909999999999999920e-01,9.516355263157892708e+00,7.182836507328762110e+00,2.333518755829131042e+00,7.355597004302341091e+00
4.919999999999999929e-01,9.555157894736842294e+00,7.218498983125686941e+00,2.336658911611155354e+00,7.354805204234909688e+00
4.929999999999999938e-01,9.594039473684210506e+00,7.254253542076364525e+00,2.339785931607846425e+00,7.354001283823960122e+00
4.939999999999999947e-01,9.632999999999999119e+00,7.290100168510167400e+00,2.342899831489831719e+00,7.353185371031583983e+00
4.949999999999999956e-01,9.672039473684209909e+00,7.326038846605517740e+00,2.346000627078691725e+00,7.352357592964249733e+00
4.959999999999999964e-01,9.711157894736841101e+00,7.362069560391512724e+00,2.349088334345328821e+00,7.351518075877582881e+00
4.969999999999999973e-01,9.750355263157894470e+00,7.398192293749541015e+00,2.352162969408353455e+00,7.350666945181113299e+00
4.979999999999999982e-01,9.789631578947366464e+00,7.434407030414877937e+00,2.355224548532489415e+00,7.349804325443001218e+00
4.989999999999999991e-01,9.828986842105264188e+00,7.470713753978285965e+00,2.358273088126977335e+00,7.348930340394744576e+00
5.000000000000000000e-01,9.868421052631578760e+00,7.507112447887589468e+00,2.361308604743989292e+00,7.348045112935860601e+00
5.010000000000000009e-01,9.907934210526315510e+00,7.543603095449248563e+00,2.364331115077067835e+00,7.347148765138534543e+00
5.020000000000000018e-01,9.947526315789474438e+00,7.580185679829913425e+00,2.367340635959561901e+00,7.346241418252260402e+00
5.030000000000000027e-01,9.987197368421051991e+00,7.616860184057980376e+00,2.370337184363072502e+00,7.345323192708454130e+00
5.040000000000000036e-01,1.002694736842105172e+01,7.653626591025126658e+00,2.373320777395925507e+00,7.344394208125030410e+00
5.050000000000000044e-01,1.006677631578947363e+01,7.690484883487838985e+00,2.376291432301634643e+00,7.343454583310980333e+00
5.060000000000000053e-01,1.010668421052631594e+01,7.727435044068930559e+00,2.379249166457385378e+00,7.342504436270909096e+00
5.070000000000000062e-01,1.014667105263157865e+01,7.764477055259050964e+00,2.382193997372527683e+00,7.341543884209544402e+00
5.080000000000000071e-01,1.018673684210526353e+01,7.801610899418179201e+00,2.385125942687083889e+00,7.340573043536249287e+00
5.090000000000000080e-01,1.022688157894736882e+01,7.838836558777115826e+00,2.388045020170253441e+00,7.339592029869481671e+00
5.100000000000000089e-01,1.026710526315789451e+01,7.876154015438954659e+00,2.390951247718938966e+00,7.338600958041261890e+00
5.110000000000000098e-01,1.030740789473684060e+01,7.913563251380555386e+00,2.393844643356286106e+00,7.337599942101580730e+00
5.120000000000000107e-01,1.034778947368421242e+01,7.951064248453993066e+00,2.396725225230218470e+00,7.336589095322823439e+00
5.130000000000000115e-01,1.038825000000000109e+01,7.988656988388011193e+00,2.399593011611989013e+00,7.335568530204152893e+00
5.140000000000000124e-01,1.042878947368421017e+01,8.026341452789457875e+00,2.402448020894752290e+00,7.334538358475860775e+00
5.150000000000000133e-01,1.046940789473684319e+01,8.064117623144706926e+00,2.405290271592136264e+00,7.333498691103720546e+00
5.160000000000000142e-01,1.051010526315789484e+01,8.101985480821079832e+00,2.408119782336815007e+00,7.332449638293301319e+00
5.170000000000000151e-01,1.055088157894736867e+01,8.139945007068254412e+00,2.410936571879114254e+00,7.331391309494262210e+00
5.180000000000000160e-01,1.059173684210526467e+01,8.177996183019658361e+00,2.413740659085605866e+00,7.330323813404637789e+00
5.190000000000000169e-01,1.063267105263157930e+01,8.216138989693861916e+00,2.416532062937716940e+00,7.329247257975083585e+00
5.200000000000000178e-01,1.067368421052631611e+01,8.254373407995949208e+00,2.419310802530366455e+00,7.328161750413106468e+00
5.210000000000000187e-01,1.071477631578947332e+01,8.292699418718894933e+00,2.422076897070578383e+00,7.327067397187285280e+00
5.220000000000000195e-01,1.075594736842105448e+01,8.331117002544921490e+00,2.424830365876132543e+00,7.325964304031456820e+00
5.230000000000000204e-01,1.079719736842105249e+01,8.369626140046845464e+00,2.427571228374208356e+00,7.324852575948888500e+00
5.240000000000000213e-01,1.083852631578947445e+01,8.408226811689422320e+00,2.430299504100052577e+00,7.323732317216411936e+00
5.250000000000000222e-01,1.087993421052631682e+01,8.446918997830673348e+00,2.433015212695643026e+00,7.322603631388566292e+00
5.260000000000000231e-01,1.092142105263157958e+01,8.485702678723216152e+00,2.435718373908363432e+00,7.321466621301701672e+00
5.270000000000000240e-01,1.096298684210526453e+01,8.524577834515568497e+00,2.438409007589695143e+00,7.320321389078056740e+00
5.280000000000000249e-01,1.100463157894736987e+01,8.563544445253453929e+00,2.441087133693915057e+00,7.319168036129831023e+00
5.290000000000000258e-01,1.104635526315789562e+01,8.602602490881100294e+00,2.443752772276794438e+00,7.318006663163226122e+00
5.300000000000000266e-01,1.108815789473684355e+01,8.641751951242522267e+00,2.446405943494321278e+00,7.316837370182470934e+00
5.310000000000000275e-01,1.113003947368421365e+01,8.680992806082794999e+00,2.449046667601417759e+00,7.315660256493825564e+00
5.320000000000000284e-01,1.117200000000000060e+01,8.720325035049331319e+00,2.451674964950670610e+00,7.314475420709564801e+00
5.330000000000000293e-01,1.121403947368421150e+01,8.759748617693128736e+00,2.454290855991082321e+00,7.313282960751933182e+00
5.340000000000000302e-01,1.125615789473684458e+01,8.799263533470028875e+00,2.456894361266815263e+00,7.312082973857097379e+00
5.350000000000000311e-01,1.129835526315789629e+01,8.838869761741950271e+00,2.459485501415947351e+00,7.310875556579069290e+00
5.360000000000000320e-01,1.134063157894737017e+01,8.878567281778124709e+00,2.462064297169245020e+00,7.309660804793605138e+00
5.370000000000000329e-01,1.138298684210526268e+01,8.918356072756324693e+00,2.464630769348938433e+00,7.308438813702088588e+00
5.380000000000000338e-01,1.142542105263158092e+01,8.958236113764069586e+00,2.467184938867510002e+00,7.307209677835397876e+00
5.390000000000000346e-01,1.146793421052631778e+01,8.998207383799840642e+00,2.469726826726476698e+00,7.305973491057748070e+00
5.400000000000000355e-01,1.151052631578947505e+01,9.038269861774271163e+00,2.472256454015202998e+00,7.304730346570508459e+00
5.410000000000000364e-01,1.155319736842105449e+01,9.078423526511341990e+00,2.474773841909712502e+00,7.303480336916020832e+00
5.420000000000000373e-01,1.159594736842105434e+01,9.118668356749555670e+00,2.477279011671498221e+00,7.302223553981376902e+00
5.430000000000000382e-01,1.163877631578947458e+01,9.159004331143117739e+00,2.479771984646357286e+00,7.300960089002184183e+00
5.440000000000000391e-01,1.168168421052631878e+01,9.199431428263091348e+00,2.482252782263227431e+00,7.299690032566316766e+00
5.450000000000000400e-01,1.172467105263158160e+01,9.239949626598560783e+00,2.484721426033020819e+00,7.298413474617641228e+00
5.460000000000000409e-01,1.176773684210526305e+01,9.280558904557771882e+00,2.487177937547492057e+00,7.297130504459725664e+00
5.470000000000000417e-01,1.181088157894737023e+01,9.321259240469279561e+00,2.489622338478090668e+00,7.295841210759529183e+00
5.480000000000000426e-01,1.185410526315789603e+01,9.362050612583068698e+00,2.492054650574827779e+00,7.294545681551079852e+00
5.490000000000000435e-01,1.189740789473684401e+01,9.402932999071687448e+00,2.494474895665156122e+00,7.293244004239118894e+00
5.500000000000000444e-01,1.194078947368421062e+01,9.443906378031357463e+00,2.496883095652854045e+00,7.291936265602738665e+00
5.510000000000000453e-01,1.198425000000000296e+01,9.484970727483075237e+00,2.499279272516926387e+00,7.290622551798996653e+00
5.520000000000000462e-01,1.202778947368421214e+01,9.526126025373722328e+00,2.501663448310489368e+00,7.289302948366515267e+00
5.530000000000000471e-01,1.207140789473684350e+01,9.567372249577148935e+00,2.504035645159695012e+00,7.287977540229054085e+00
5.540000000000000480e-01,1.211510526315789704e+01,9.608709377895255699e+00,2.506395885262641343e+00,7.286646411699077674e+00
5.550000000000000488e-01,1.215888157894736921e+01,9.650137388059075505e+00,2.508744190888295034e+00,7.285309646481294088e+00
5.560000000000000497e-01,1.220273684210526355e+01,9.691656257729832191e+00,2.511080584375431357e+00,7.283967327676183601e+00
5.570000000000000506e-01,1.224667105263158184e+01,9.733265964500013467e+00,2.513405088131568821e+00,7.282619537783493691e+00
5.580000000000000515e-01,1.229068421052631876e+01,9.774966485894406532e+00,2.515717724631912233e+00,7.281266358705742014e+00
5.590000000000000524e-01,1.233477631578947431e+01,9.816757799371153226e+00,2.518018516418321973e+00,7.279907871751669646e+00
5.600000000000000533e-01,1.237894736842105559e+01,9.858639882322787429e+00,2.520307486098267713e+00,7.278544157639706746e+00
5.610000000000000542e-01,1.242319736842105371e+01,9.900612712077256461e+00,2.522584656343798137e+00,7.277175296501402713e+00
5.620000000000000551e-01,1.246752631578947579e+01,9.942676265898949595e+00,2.524850049890526194e+00,7.275801367884839443e+00
5.630000000000000560e-01,1.251193421052631649e+01,9.984830520989708802e+00,2.527103689536609021e+00,7.274422450758039282e+00
5.640000000000000568e-01,1.255642105263158115e+01,1.002707545448983595e+01,2.529345598141745644e+00,7.273038623512338319e+00
5.650000000000000577e-01,1.260098684210526621e+01,1.006941104347909466e+01,2.531575798626171103e+00,7.271649963965757912e+00
5.660000000000000586e-01,1.264563157894736989e+01,1.011183726497769975e+01,2.533794313969671030e+00,7.270256549366345133e+00
5.670000000000000595e-01,1.269035526315789753e+01,1.015435409594729776e+01,2.536001167210599316e+00,7.268858456395506984e+00
5.680000000000000604e-01,1.273515789473684379e+01,1.019696151329195644e+01,2.538196381444886907e+00,7.267455761171328632e+00
5.690000000000000613e-01,1.278003947368421223e+01,1.023965949385912388e+01,2.540379979825087009e+00,7.266048539251852567e+00
5.700000000000000622e-01,1.282500000000000462e+01,1.028244801444059497e+01,2.542551985559408312e+00,7.264636865638376406e+00
5.710000000000000631e-01,1.287003947368421208e+01,1.032532705177346699e+01,2.544712421910745537e+00,7.263220814778708956e+00
5.720000000000000639e-01,1.291515789473684350e+01,1.036829658254108999e+01,2.546861312195753513e+00,7.261800460570406734e+00
5.730000000000000648e-01,1.296035526315789888e+01,1.041135658337400471e+01,2.548998679783892829e+00,7.260375876364007830e+00
5.740000000000000657e-01,1.300563157894737110e+01,1.045450703085088406e+01,2.551124548096486588e+00,7.258947134966255099e+00
5.750000000000000666e-01,1.305098684210526550e+01,1.049774790149945503e+01,2.553238940605810914e+00,7.257514308643274070e+00
5.760000000000000675e-01,1.309642105263158030e+01,1.054107917179742060e+01,2.555341880834160140e+00,7.256077469123755286e+00
5.769999999999999574e-01,1.314193421052631194e+01,1.058450081817337107e+01,2.557433392352941315e+00,7.254636687602123324e+00
5.779999999999999583e-01,1.318752631578947287e+01,1.062801281700770062e+01,2.559513498781771812e+00,7.253192034741680949e+00
5.789999999999999591e-01,1.323319736842105065e+01,1.067161514463349725e+01,2.561582223787553847e+00,7.251743580677742607e+00
5.799999999999999600e-01,1.327894736842105061e+01,1.071530777733743989e+01,2.563639591083610281e+00,7.250291395020732388e+00
5.809999999999999609e-01,1.332477631578947275e+01,1.075909069136068830e+01,2.565685624428784006e+00,7.248835546859294432e+00
5.819999999999999618e-01,1.337068421052631528e+01,1.080296386289975530e+01,2.567720347626558652e+00,7.247376104763373128e+00
5.829999999999999627e-01,1.341667105263157644e+01,1.084692726810739138e+01,2.569743784524185504e+00,7.245913136787273778e+00
5.839999999999999636e-01,1.346273684210526156e+01,1.089098088309344092e+01,2.571755959011820636e+00,7.244446710472714379e+00
5.849999999999999645e-01,1.350888157894736707e+01,1.093512468392570725e+01,2.573756895021659385e+00,7.242976892851866744e+00
5.859999999999999654e-01,1.355510526315789122e+01,1.097935864663080885e+01,2.575746616527082811e+00,7.241503750450356769e+00
5.869999999999999662e-01,1.360140789473684109e+01,1.102368274719501962e+01,2.577725147541820139e+00,7.240027349290282466e+00
5.879999999999999671e-01,1.364778947368420781e+01,1.106809696156511791e+01,2.579692512119090786e+00,7.238547754893194686e+00
5.889999999999999680e-01,1.369424999999999848e+01,1.111260126564921080e+01,2.581648734350787677e+00,7.237065032283068966e+00
5.899999999999999689e-01,1.374078947368420778e+01,1.115719563531757252e+01,2.583593838366634809e+00,7.235579245989257835e+00
5.909999999999999698e-01,1.378740789473684103e+01,1.120188004640346335e+01,2.585527848333377676e+00,7.234090460049437787e+00
5.919999999999999707e-01,1.383410526315789291e+01,1.124665447470393609e+01,2.587450788453956374e+00,7.232598738012531392e+00
5.929999999999999716e-01,1.388088157894736518e+01,1.129151889598065850e+01,2.589362682966706242e+00,7.231104142941606305e+00
5.939999999999999725e-01,1.392773684210526142e+01,1.133647328596070736e+01,2.591263556144554059e+00,7.229606737416786721e+00
5.949999999999999734e-01,1.397467105263157805e+01,1.138151762033736603e+01,2.593153432294211580e+00,7.228106583538129293e+00
5.959999999999999742e-01,1.402168421052631508e+01,1.142665187477092026e+01,2.595032335755394826e+00,7.226603742928474183e+00
5.969999999999999751e-01,1.406877631578947252e+01,1.147187602488943270e+01,2.596900290900041153e+00,7.225098276736310332e+00
5.979999999999999760e-01,1.411594736842105213e+01,1.151719004628953336e+01,2.598757322131518777e+00,7.223590245638605190e+00
5.989999999999999769e-01,1.416319736842105037e+01,1.156259391453718344e+01,2.600603453883868266e+00,7.222079709843614914e+00
5.999999999999999778e-01,1.421052631578947256e+01,1.160808760516844096e+01,2.602438710621030715e+00,7.220566729093707004e+00
6.009999999999999787e-01,1.425789473684210407e+01,1.165367109369023169e+01,2.604223643151871936e+00,7.219051362668136740e+00
6.019999999999999796e-01,1.430526315789473557e+01,1.169934414212699281e+01,2.605919015767743208e+00,7.200853534333002237e+00
6.029999999999999805e-01,1.435263157894736885e+01,1.174510636305515909e+01,2.607525215892208426e+00,7.170976200378373910e+00
6.039999999999999813e-01,1.439999999999999858e+01,1.179095726483338247e+01,2.609042735166614779e+00,7.132953162950841808e+00
6.049999999999999822e-01,1.444736842105263186e+01,1.183689628354839662e+01,2.610472137504234347e+00,7.089280334463988531e+00
6.059999999999999831e-01,1.449473684210526159e+01,1.188292280557612202e+01,2.611814036529138239e+00,7.041720406828351209e+00
6.069999999999999840e-01,1.454210526315789309e+01,1.192903618351288486e+01,2.613069079645008674e+00,6.991518086782472885e+00
6.079999999999999849e-01,1.458947368421052637e+01,1.197523574742294628e+01,2.614237936787580985e+00,6.939552150127911823e+00
6.089999999999999858e-01,1.463684210526315610e+01,1.202152081277724172e+01,2.615321292485915272e+00,6.886442861312803920e+00
6.099999999999999867e-01,1.468421052631578938e+01,1.206789068605465864e+01,2.616319840261131624e+00,6.832627860607334291e+00
6.109999999999999876e-01,1.473157894736841911e+01,1.211434466869200755e+01,2.617234278676412007e+00,6.778415775026826573e+00
6.119999999999999885e-01,1.477894736842105239e+01,1.216088205986748427e+01,2.618065308553568116e+00,6.724024092067257818e+00
6.129999999999999893e-01,1.482631578947368212e+01,1.220750215846005204e+01,2.618813631013630072e+00,6.669605915813526131e+00
6.139999999999999902e-01,1.487368421052631540e+01,1.225420426442669353e+01,2.619479946099620982e+00,6.615268868935497260e+00
6.149999999999999911e-01,1.492105263157894868e+01,1.230098767976845409e+01,2.620064951810493703e+00,6.561088446101064342e+00
6.159999999999999920e-01,1.496842105263157841e+01,1.234785170920599917e+01,2.620569343425579678e+00,6.507117447560605505e+00
6.169999999999999929e-01,1.501578947368421169e+01,1.239479566065000604e+01,2.620993813034205200e+00,6.453392643545888596e+00
6.179999999999999938e-01,1.506315789473684141e+01,1.244181884552664918e+01,2.621339049210192229e+00,6.399939482361827636e+00
6.189999999999999947e-01,1.511052631578947292e+01,1.248892057900072494e+01,2.621605736788748864e+00,6.346775416433753314e+00
6.199999999999999956e-01,1.515789473684210265e+01,1.253610018012653704e+01,2.621794556715567381e+00,6.293912252001425678e+00
6.209999999999999964e-01,1.520526315789473593e+01,1.258335697194773317e+01,2.621906185947003642e+00,6.241357809062633599e+00
6.219999999999999973e-01,1.525263157894736921e+01,1.263069028156115614e+01,2.621941297386213066e+00,6.189117094038702582e+00
6.229999999999999982e-01,1.529999999999999893e+01,1.267809944015527179e+01,2.621900559844726697e+00,6.137193128199588621e+00
6.239999999999999991e-01,1.534736842105263221e+01,1.272558378303068594e+01,2.621784638021945835e+00,6.085587532898403929e+00
6.250000000000000000e-01,1.539473684210526194e+01,1.277314264960803492e+01,2.621594192497227471e+00,6.034300943002585349e+00
6.260000000000000009e-01,1.544210526315789522e+01,1.282077538342698730e+01,2.621329879730908363e+00,5.983333298953632529e+00
6.270000000000000018e-01,1.548947368421052495e+01,1.286848133213900347e+01,2.620992352071521037e+00,5.932684053083362663e+00
6.280000000000000027e-01,1.553684210526315823e+01,1.291625984749571820e+01,2.620582257767439582e+00,5.882352315356196293e+00
6.290000000000000036e-01,1.558421052631579151e+01,1.296411028533424137e+01,2.620100240981549700e+00,5.832336956318681764e+00
6.300000000000000044e-01,1.563157894736842124e+01,1.301203200556035178e+01,2.619546941808069462e+00,5.782636679817856340e+00
6.310000000000000053e-01,1.567894736842105452e+01,1.306002437213019540e+01,2.618922996290859118e+00,5.733250074362682192e+00
6.320000000000000062e-01,1.572631578947368425e+01,1.310808675303098347e+01,2.618229036442700330e+00,5.684175649397793073e+00
6.330000000000000071e-01,1.577368421052631575e+01,1.315621852026100669e+01,2.617465690265309952e+00,5.635411860918504878e+00
6.340000000000000080e-01,1.582105263157894548e+01,1.320441904980919468e+01,2.616633581769752137e+00,5.586957129555950807e+00
6.350000000000000089e-01,1.586842105263157876e+01,1.325268772163438591e+01,2.615733330997193296e+00,5.538809853342708145e+00
6.360000000000000098e-01,1.591578947368421204e+01,1.330102391964443775e+01,2.614765554039775175e+00,5.490968416720529710e+00
6.370000000000000107e-01,1.596315789473684177e+01,1.334942703167522282e+01,2.613730863061619836e+00,5.443431196893249613e+00
6.380000000000000115e-01,1.601052631578947327e+01,1.339789644946961289e+01,2.612629866319861716e+00,5.396196568304294949e+00
6.390000000000000124e-01,1.605789473684210478e+01,1.344643156865646105e+01,2.611463168185644168e+00,5.349262905789307077e+00
6.400000000000000133e-01,1.610526315789473628e+01,1.349503178872960518e+01,2.610231369165132875e+00,5.302628586792850207e+00
6.410000000000000142e-01,1.615263157894736779e+01,1.354369651302695488e+01,2.608935065920413354e+00,5.256291992923983081e+00
6.420000000000000151e-01,1.619999999999999929e+01,1.359242514870961394e+01,2.607574851290386686e+00,5.210251511044783790e+00
6.430000000000000160e-01,1.624736842105263435e+01,1.364121710674111121e+01,2.606151314311522693e+00,5.164505534029015799e+00
6.440000000000000169e-01,1.629473684210526230e+01,1.369007180186669004e+01,2.604665040238573148e+00,5.119052461287755484e+00
6.450000000000000178e-01,1.634210526315789735e+01,1.373898865259270785e+01,2.603116610565188171e+00,5.073890699130473969e+00
6.460000000000000187e-01,1.638947368421052531e+01,1.378796708116611569e+01,2.601506603044410504e+00,5.029018661009881264e+00
6.470000000000000195e-01,1.643684210526316036e+01,1.383700651355403544e+01,2.599835591709124039e+00,4.984434767684725820e+00
6.480000000000000204e-01,1.648421052631578831e+01,1.388610637942343651e+01,2.598104146892351807e+00,4.940137447324645770e+00
6.490000000000000213e-01,1.653157894736842337e+01,1.393526611212090849e+01,2.596312835247512663e+00,4.896125135574151521e+00
6.500000000000000222e-01,1.657894736842105488e+01,1.398448514865252434e+01,2.594462219768530975e+00,4.852396275587758545e+00
6.510000000000000231e-01,1.662631578947368638e+01,1.403376292966380490e+01,2.592552859809879262e+00,4.808949318044793309e+00
6.520000000000000240e-01,1.667368421052631788e+01,1.408309889941979520e+01,2.590585311106522681e+00,4.765782721149860457e+00
6.530000000000000249e-01,1.672105263157894584e+01,1.413249250578520488e+01,2.588560125793741840e+00,4.722894950623259369e+00
6.540000000000000258e-01,1.676842105263158089e+01,1.418194320020468346e+01,2.586477852426896540e+00,4.680284479684289956e+00
6.550000000000000266e-01,1.681578947368420884e+01,1.423145043768316498e+01,2.584339036001045642e+00,4.637949789029632619e+00
6.560000000000000275e-01,1.686315789473684390e+01,1.428101367676631561e+01,2.582144217970526956e+00,4.595889366808223464e+00
6.570000000000000284e-01,1.691052631578947185e+01,1.433063237952109858e+01,2.579893936268375487e+00,4.554101708593768727e+00
6.580000000000000293e-01,1.695789473684210691e+01,1.438030601151639232e+01,2.577588725325714591e+00,4.512585317355562786e+00
6.590000000000000302e-01,1.700526315789473841e+01,1.443003404180374538e+01,2.575229116090994363e+00,4.471338703428197725e+00
6.600000000000000311e-01,1.705263157894736992e+01,1.447981594289820073e+01,2.572815636049167853e+00,4.430360384480496627e+00
6.610000000000000320e-01,1.710000000000000142e+01,1.452965119075923717e+01,2.570348809240764254e+00,4.389648885483958374e+00
6.620000000000000329e-01,1.714736842105263293e+01,1.457953926477177120e+01,2.567829156280859948e+00,4.349202738680895131e+00
6.630000000000000338e-01,1.719473684210526443e+01,1.462947964772728682e+01,2.565257194377978500e+00,4.309020483552377989e+00
6.640000000000000346e-01,1.724210526315789593e+01,1.467947182580503274e+01,2.562633437352865418e+00,4.269100666786106224e+00
6.650000000000000355e-01,1.728947368421052744e+01,1.472951528855333869e+01,2.559958395657187857e+00,4.229441842244246352e+00
6.660000000000000364e-01,1.733684210526315894e+01,1.477960952887099744e+01,2.557232576392163725e+00,4.190042570931288957e+00
6.670000000000000373e-01,1.738421052631579045e+01,1.482975404298875333e+01,2.554456483327037564e+00,4.150901420961983668e+00
6.680000000000000382e-01,1.743157894736842195e+01,1.487994833045088328e+01,2.551630616917540451e+00,4.112016967529318556e+00
6.690000000000000391e-01,1.747894736842105345e+01,1.493019189409686298e+01,2.548755474324190029e+00,4.073387792872630975e+00
6.700000000000000400e-01,1.752631578947368496e+01,1.498048424004313084e+01,2.545831549430555452e+00,4.035012486245778796e+00
6.710000000000000409e-01,1.757368421052631646e+01,1.503082487766492470e+01,2.542859332861390875e+00,3.996889643885467969e+00
6.720000000000000417e-01,1.762105263157894797e+01,1.508121331957824118e+01,2.539839312000707228e+00,3.959017868979674226e+00
6.730000000000000426e-01,1.766842105263158302e+01,1.513164908162185363e+01,2.536771971009728510e+00,3.921395771636182026e+00
6.740000000000000435e-01,1.771578947368421098e+01,1.518213168283942771e+01,2.533657790844784152e+00,3.884021968851265605e+00
6.750000000000000444e-01,1.776315789473684603e+01,1.523266064546174192e+01,2.530497249275102778e+00,3.846895084478473059e+00
6.760000000000000453e-01,1.781052631578947398e+01,1.528323549488896838e+01,2.527290820900506496e+00,3.810013749197563193e+00
6.770000000000000462e-01,1.785789473684210904e+01,1.533385575967307091e+01,2.524038977169036801e+00,3.773376600483541843e+00
6.780000000000000471e-01,1.790526315789474054e+01,1.538452097150026709e+01,2.520742186394473894e+00,3.736982282575845637e+00
6.790000000000000480e-01,1.795263157894736850e+01,1.543523066517358799e+01,2.517400913773781390e+00,3.700829446447635895e+00
6.800000000000000488e-01,1.800000000000000355e+01,1.548598437859552845e+01,2.514015621404475542e+00,3.664916749775231075e+00
6.810000000000000497e-01,1.804736842105263150e+01,1.553678165275077205e+01,2.510586768301860339e+00,3.629242856907676007e+00
6.820000000000000506e-01,1.809473684210526656e+01,1.558762203168901728e+01,2.507114810416248840e+00,3.593806438836398165e+00
6.830000000000000515e-01,1.814210526315789807e+01,1.563850506250786943e+01,2.503600200650029528e+00,3.558606173165045128e+00
6.840000000000000524e-01,1.818947368421052957e+01,1.568943029533584266e+01,2.500043388874686467e+00,3.523640744079391318e+00
6.850000000000000533e-01,1.823684210526315752e+01,1.574039728331542243e+01,2.496444821947735537e+00,3.488908842317413495e+00
6.860000000000000542e-01,1.828421052631579258e+01,1.579140558258623095e+01,2.492804943729561185e+00,3.454409165139469273e+00
6.870000000000000551e-01,1.833157894736842408e+01,1.584245475226825661e+01,2.489124195100167469e+00,3.420140416298605324e+00
6.880000000000000560e-01,1.837894736842105559e+01,1.589354435444519886e+01,2.485403013975854503e+00,3.386101306010991685e+00
6.890000000000000568e-01,1.842631578947368709e+01,1.594467395414786459e+01,2.481641835325823386e+00,3.352290550926469770e+00
6.900000000000000577e-01,1.847368421052631859e+01,1.599584311933765690e+01,2.477841091188660805e+00,3.318706874099238924e+00
6.910000000000000586e-01,1.852105263157895010e+01,1.604705142089015268e+01,2.474001210688795638e+00,3.285349004958647789e+00
6.920000000000000595e-01,1.856842105263158160e+01,1.609829843257877258e+01,2.470122620052809914e+00,3.252215679280129557e+00
6.930000000000000604e-01,1.861578947368421311e+01,1.614958373105849532e+01,2.466205742625717789e+00,3.219305639156227805e+00
6.940000000000000613e-01,1.866315789473684461e+01,1.620090689584968757e+01,2.462250998887156594e+00,3.186617632967776892e+00
6.950000000000000622e-01,1.871052631578947612e+01,1.625226750932201725e+01,2.458258806467457092e+00,3.154150415355188919e+00
6.960000000000000631e-01,1.875789473684210762e+01,1.630366515667841298e+01,2.454229580163695967e+00,3.121902747189838401e+00
6.970000000000000639e-01,1.880526315789474268e+01,1.635509942593913735e+01,2.450163731955605328e+00,3.089873395545615686e+00
6.980000000000000648e-01,1.885263157894737063e+01,1.640656990792592396e+01,2.446061671021446227e+00,3.058061133670556764e+00
6.990000000000000657e-01,1.890000000000000213e+01,1.645807619624621765e+01,2.441923803753784483e+00,3.026464740958602739e+00
7.000000000000000666e-01,1.894736842105263364e+01,1.650961788727743595e+01,2.437750533775199901e+00,2.995083002921488990e+00
7.010000000000000675e-01,1.899473684210526869e+01,1.656119458015137624e+01,2.433542261953889341e+00,2.963914711160753335e+00
7.020000000000000684e-01,1.904210526315789664e+01,1.661280587673867970e+01,2.429299386419216944e+00,2.932958663339838346e+00
7.030000000000000693e-01,1.908947368421053170e+01,1.666445138163333795e+01,2.425022302577190203e+00,2.902213663156326895e+00
7.039999999999999591e-01,1.913684210526315610e+01,1.671613070213733465e+01,2.420711403125823225e+00,2.871678520314309146e+00
7.049999999999999600e-01,1.918421052631578760e+01,1.676784344824530848e+01,2.416367078070477792e+00,2.841352050496829484e+00
7.059999999999999609e-01,1.923157894736841911e+01,1.681958923262935457e+01,2.411989714739064983e+00,2.811233075338487986e+00
7.069999999999999618e-01,1.927894736842105061e+01,1.687136767062384024e+01,2.407579697797212592e+00,2.781320422398125380e+00
7.079999999999999627e-01,1.932631578947368212e+01,1.692317838021033438e+01,2.403137409263347291e+00,2.751612925131639464e+00
7.089999999999999636e-01,1.937368421052631362e+01,1.697502098200260789e+01,2.398663228523703062e+00,2.722109422864915196e+00
7.099999999999999645e-01,1.942105263157894512e+01,1.702689509923170874e+01,2.394157532347235939e+00,2.692808760766863152e+00
7.109999999999999654e-01,1.946842105263157663e+01,1.707880035773109384e+01,2.389620694900483677e+00,2.663709789822578777e+00
7.119999999999999662e-01,1.951578947368420813e+01,1.713073638592187464e+01,2.385053087762334378e+00,2.634811366806606436e+00
7.129999999999999671e-01,1.956315789473683964e+01,1.718270281479808759e+01,2.380455079938754270e+00,2.606112354256311825e+00
7.139999999999999680e-01,1.961052631578947114e+01,1.723469927791208534e+01,2.375827037877383585e+00,2.577611620445400042e+00
7.149999999999999689e-01,1.965789473684210265e+01,1.728672541135998486e+01,2.371169325482117340e+00,2.549308039357494060e+00
7.159999999999999698e-01,1.970526315789473770e+01,1.733878085376716527e+01,2.366482304127571545e+00,2.521200490659864180e+00
7.169999999999999707e-01,1.975263157894736565e+01,1.739086524627387220e+01,2.361766332673492563e+00,2.493287859677249863e+00
7.179999999999999716e-01,1.980000000000000071e+01,1.744297823252089330e+01,2.357021767479105190e+00,2.465569037365798799e+00
7.189999999999999725e-01,1.984736842105262866e+01,1.749511945863527629e+01,2.352248962417354150e+00,2.438042920287114335e+00
7.199999999999999734e-01,1.989473684210526372e+01,1.754728857321614299e+01,2.347448268889119394e+00,2.410708410582414807e+00
7.209999999999999742e-01,1.994210526315789522e+01,1.759948522732058152e+01,2.342620035837314596e+00,2.383564415946797688e+00
7.219999999999999751e-01,1.998947368421052317e+01,1.765170907444958814e+01,2.337764609760935919e+00,2.356609849603619189e+00
7.229999999999999760e-01,2.003684210526315468e+01,1.770395977053410519e+01,2.332882334729049933e+00,2.329843630278968014e+00
7.239999999999999769e-01,2.008421052631578618e+01,1.775623697392109435e+01,2.327973552394693169e+00,2.303264682176265232e+00
7.249999999999999778e-01,2.013157894736842124e+01,1.780854034535972019e+01,2.323038602008699716e+00,2.276871934950965404e+00
7.259999999999999787e-01,2.017894736842104919e+01,1.786086954798758342e+01,2.318077820433465774e+00,2.250664323685353629e+00
7.269999999999999796e-01,2.022631578947368425e+01,1.791322424731702156e+01,2.313091542156662239e+00,2.224640788863470497e+00
7.279999999999999805e-01,2.027368421052631220e+01,1.796560411122148437e+01,2.308080099304830046e+00,2.198800276346125848e+00
7.289999999999999813e-01,2.032105263157894726e+01,1.801800880992198373e+01,2.303043821656961754e+00,2.173141737346015567e+00
7.299999999999999822e-01,2.036842105263157876e+01,1.807043801597361110e+01,2.297983036657968103e+00,2.147664128402971606e+00
7.309999999999999831e-01,2.041578947368421026e+01,1.812289140425209766e+01,2.292898069432109498e+00,2.122366411359283056e+00
7.319999999999999840e-01,2.046315789473684177e+01,1.817536865194049511e+01,2.287789242796345324e+00,2.097247553335143344e+00
7.329999999999999849e-01,2.051052631578947327e+01,1.822786943851587438e+01,2.282656877273598450e+00,2.072306526704193352e+00
7.339999999999999858e-01,2.055789473684210478e+01,1.828039344573611302e+01,2.277501291105991310e+00,2.047542309069169342e+00
7.349999999999999867e-01,2.060526315789473628e+01,1.833294035762675733e+01,2.272322800267980281e+00,2.022953883237662787e+00
7.359999999999999876e-01,2.065263157894736779e+01,1.838550986046793767e+01,2.267121718479429227e+00,1.998540237197969027e+00
7.369999999999999885e-01,2.069999999999999574e+01,1.843810164278135488e+01,2.261898357218640854e+00,1.974300364095042504e+00
7.379999999999999893e-01,2.074736842105263079e+01,1.849071539531734132e+01,2.256653025735289031e+00,1.950233262206567453e+00
7.389999999999999902e-01,2.079473684210526230e+01,1.854335081104196092e+01,2.251386031063300930e+00,1.926337934919119199e+00
7.399999999999999911e-01,2.084210526315789380e+01,1.859600758512422658e+01,2.246097678033665002e+00,1.902613390704423146e+00
7.409999999999999920e-01,2.088947368421052531e+01,1.864868541492332454e+01,2.240788269287202095e+00,1.879058643095715020e+00
7.419999999999999929e-01,2.093684210526315681e+01,1.870138399997593837e+01,2.235458105287217112e+00,1.855672710664227232e+00
7.429999999999999938e-01,2.098421052631578831e+01,1.875410304198363320e+01,2.230107484332155110e+00,1.832454616995728536e+00
7.439999999999999947e-01,2.103157894736842337e+01,1.880684224480030764e+01,2.224736702568115287e+00,1.809403390667218225e+00
7.449999999999999956e-01,2.107894736842105132e+01,1.885960131441968457e+01,2.219346054001367641e+00,1.786518065223670071e+00
7.459999999999999964e-01,2.112631578947368638e+01,1.891237995896290158e+01,2.213935830510782132e+00,1.763797679154902376e+00
7.469999999999999973e-01,2.117368421052631433e+01,1.896517788866615106e+01,2.208506321860163713e+00,1.741241275872556393e+00
7.479999999999999982e-01,2.122105263157894584e+01,1.901799481586836649e+01,2.203057815710582013e+00,1.718847903687138690e+00
7.489999999999999991e-01,2.126842105263158089e+01,1.907083045499899399e+01,2.197590597632585574e+00,1.696616615785198512e+00
7.500000000000000000e-01,2.131578947368420884e+01,1.912368452256583140e+01,2.192104951118379663e+00,1.674546470206572657e+00
7.510000000000000009e-01,2.136315789473684035e+01,1.917655673714289222e+01,2.186601157593948130e+00,1.652636529821747580e+00
7.520000000000000018e-01,2.141052631578947185e+01,1.922944681935838318e+01,2.181079496431091336e+00,1.630885862309315648e+00
7.530000000000000027e-01,2.145789473684210691e+01,1.928235449188269968e+01,2.175540244959406344e+00,1.609293540133513112e+00
7.540000000000000036e-01,2.150526315789473841e+01,1.933527947941651703e+01,2.169983678478222267e+00,1.587858640521878861e+00
7.550000000000000044e-01,2.155263157894736992e+01,1.938822150867891025e+01,2.164410070268459663e+00,1.566580245442980690e+00
7.560000000000000053e-01,2.159999999999999787e+01,1.944118030839556255e+01,2.158819691604435764e+00,1.545457441584260572e+00
7.570000000000000062e-01,2.164736842105263293e+01,1.949415560928702362e+01,2.153212811765608414e+00,1.524489320329965203e+00
7.580000000000000071e-01,2.169473684210526443e+01,1.954714714405702125e+01,2.147589698048242735e+00,1.503674977739174246e+00
7.590000000000000080e-01,2.174210526315789593e+01,1.960015464738085456e+01,2.141950615777040490e+00,1.483013514523910281e+00
7.600000000000000089e-01,2.178947368421052388e+01,1.965317785589381927e+01,2.136295828316706391e+00,1.462504036027364229e+00
7.610000000000000098e-01,2.183684210526315894e+01,1.970621650817970760e+01,2.130625597083448231e+00,1.442145652202195372e+00
7.620000000000000107e-01,2.188421052631579045e+01,1.975927034475938271e+01,2.124940181556407293e+00,1.421937477588941512e+00
7.630000000000000115e-01,2.193157894736842195e+01,1.981233910807937093e+01,2.119239839289051908e+00,1.401878631294500188e+00
7.640000000000000124e-01,2.197894736842105345e+01,1.986542254250055706e+01,2.113524825920494177e+00,1.381968236970728903e+00
7.650000000000000133e-01,2.202631578947368141e+01,1.991852039428691867e+01,2.107795395186764065e+00,1.362205422793109300e+00
7.660000000000000142e-01,2.207368421052631646e+01,1.997163241159429958e+01,2.102051798932015103e+00,1.342589321439521477e+00
7.670000000000000151e-01,2.212105263157894797e+01,2.002475834445928626e+01,2.096294287119662147e+00,1.323119070069117775e+00
7.680000000000000160e-01,2.216842105263158302e+01,2.007789794478809853e+01,2.090523107843481831e+00,1.303793810301262290e+00
7.690000000000000169e-01,2.221578947368421098e+01,2.013105096634556546e+01,2.084738507338646851e+00,1.284612688194571639e+00
7.700000000000000178e-01,2.226315789473684248e+01,2.018421716474413685e+01,2.078940729992703407e+00,1.265574854226055201e+00
7.710000000000000187e-01,2.231052631578947398e+01,2.023739629743298352e+01,2.073130018356490911e+00,1.246679463270337074e+00
7.720000000000000195e-01,2.235789473684210904e+01,2.029058812368710818e+01,2.067306613154997752e+00,1.227925674578973947e+00
7.730000000000000204e-01,2.240526315789473699e+01,2.034379240459656302e+01,2.061470753298175307e+00,1.209312651759849366e+00
7.740000000000000213e-01,2.245263157894736850e+01,2.039700890305567782e+01,2.055622675891689344e+00,1.190839562756667469e+00
7.750000000000000222e-01,2.250000000000000000e+01,2.045023738375238409e+01,2.049762616247615465e+00,1.172505579828531985e+00
7.760000000000000231e-01,2.254736842105263150e+01,2.050347761315756401e+01,2.043890807895067496e+00,1.154309879529619387e+00
7.770000000000000240e-01,2.259473684210526656e+01,2.055672935951446689e+01,2.038007482590798336e+00,1.136251642688924868e+00
7.780000000000000249e-01,2.264210526315789451e+01,2.060999239282818252e+01,2.032112870329714660e+00,1.118330054390114903e+00
7.790000000000000258e-01,2.268947368421052602e+01,2.066326648485516060e+01,2.026207199355363642e+00,1.100544303951450864e+00
7.800000000000000266e-01,2.273684210526315752e+01,2.071655140909280846e+01,2.020290696170349065e+00,1.082893584905813888e+00
7.810000000000000275e-01,2.278421052631579258e+01,2.076984694076910642e+01,2.014363585546683488e+00,1.065377094980804351e+00
7.820000000000000284e-01,2.283157894736842408e+01,2.082315285683230854e+01,2.008426090536117314e+00,1.047994036078930158e+00
7.830000000000000293e-01,2.287894736842105559e+01,2.087646893594066810e+01,2.002478432480386594e+00,1.030743614257883856e+00
7.840000000000000302e-01,2.292631578947368354e+01,2.092979495845226268e+01,1.996520831021423081e+00,1.013625039710903231e+00
7.850000000000000311e-01,2.297368421052631859e+01,2.098313070641481204e+01,1.990553504111503669e+00,9.966375267472171728e-01
7.860000000000000320e-01,2.302105263157895010e+01,2.103647596355560978e+01,1.984576668023340540e+00,9.797802937725856864e-01
7.870000000000000329e-01,2.306842105263157805e+01,2.108983051527144070e+01,1.978590537360137569e+00,9.630525632698967442e-01
7.880000000000000338e-01,2.311578947368420955e+01,2.114319414861863322e+01,1.972595325065577665e+00,9.464535617798839340e-01
7.890000000000000346e-01,2.316315789473684106e+01,2.119656665230307269e+01,1.966591242433768150e+00,9.299825198818991723e-01
7.900000000000000355e-01,2.321052631578947612e+01,2.124994781667036037e+01,1.960578499119116191e+00,9.136386721747848938e-01
7.910000000000000364e-01,2.325789473684210762e+01,2.130333743369592980e+01,1.954557303146179370e+00,8.974212572578244007e-01
7.920000000000000373e-01,2.330526315789473912e+01,2.135673529697529816e+01,1.948527860919438748e+00,8.813295177117685952e-01
7.930000000000000382e-01,2.335263157894736707e+01,2.141014120171431756e+01,1.942490377233051735e+00,8.653627000799533064e-01
7.940000000000000391e-01,2.340000000000000213e+01,2.146355494471947978e+01,1.936445055280519689e+00,8.495200548495018822e-01
7.950000000000000400e-01,2.344736842105263364e+01,2.151697632438831675e+01,1.930392096664316659e+00,8.338008364326059407e-01
7.960000000000000409e-01,2.349473684210526869e+01,2.157040514069978698e+01,1.924331701405480599e+00,8.182043031478754003e-01
7.970000000000000417e-01,2.354210526315789664e+01,2.162384119520475778e+01,1.918264067953140195e+00,8.027297172017879845e-01
7.980000000000000426e-01,2.358947368421052815e+01,2.167728429101652310e+01,1.912189393194005049e+00,7.873763446702080060e-01
7.990000000000000435e-01,2.363684210526315965e+01,2.173073423280137106e+01,1.906107872461787034e+00,7.721434554799957439e-01
8.000000000000000444e-01,2.368421052631579116e+01,2.178419082676921548e+01,1.900019699546576124e+00,7.570303233906878759e-01
8.010000000000000453e-01,2.373157894736842266e+01,2.183765388066423441e+01,1.893925066704187810e+00,7.420362259762525170e-01
8.020000000000000462e-01,2.377894736842105061e+01,2.189112320375561183e+01,1.887824164665441895e+00,7.271604446069472871e-01
8.030000000000000471e-01,2.382631578947368567e+01,2.194459860682828989e+01,1.881717182645393782e+00,7.124022644312288932e-01
8.040000000000000480e-01,2.387368421052631717e+01,2.199807990217379938e+01,1.875604308352518901e+00,6.977609743577639634e-01
8.050000000000000488e-01,2.392105263157895223e+01,2.205156690358109373e+01,1.869485727997858282e+00,6.832358670374967247e-01
8.060000000000000497e-01,2.396842105263158018e+01,2.210505942632748599e+01,1.863361626304093299e+00,6.688262388458214858e-01
8.070000000000000506e-01,2.401578947368421169e+01,2.215855728716960726e+01,1.857232186514604422e+00,6.545313898648066342e-01
8.080000000000000515e-01,2.406315789473684319e+01,2.221206030433438627e+01,1.851097590402458470e+00,6.403506238655127802e-01
8.090000000000000524e-01,2.411052631578947825e+01,2.226556829751012856e+01,1.844958018279346579e+00,6.262832482903872844e-01
8.100000000000000533e-01,2.415789473684210975e+01,2.231908108783762046e+01,1.838813649004489514e+00,6.123285742357316153e-01
8.110000000000000542e-01,2.420526315789474125e+01,2.237259849790125088e+01,1.832664659993489265e+00,5.984859164342362092e-01
8.120000000000000551e-01,2.425263157894736921e+01,2.242612035172022900e+01,1.826511227227139544e+00,5.847545932376112532e-01
8.130000000000000560e-01,2.430000000000000071e+01,2.247964647473982325e+01,1.820353525260177907e+00,5.711339265992849690e-01
8.140000000000000568e-01,2.434736842105263577e+01,2.253317669382264299e+01,1.814191727229991447e+00,5.576232420571747284e-01
8.150000000000000577e-01,2.439473684210526372e+01,2.258671083723997697e+01,1.808026004865289860e+00,5.442218687165363278e-01
8.160000000000000586e-01,2.444210526315789522e+01,2.264024873466316379e+01,1.801856528494731657e+00,5.309291392328789883e-01
8.170000000000000595e-01,2.448947368421052673e+01,2.269379021715503697e+01,1.795683467055492200e+00,5.177443897949798313e-01
8.180000000000000604e-01,2.453684210526316178e+01,2.274733511716137357e+01,1.789506988101787099e+00,5.046669601079498690e-01
8.190000000000000613e-01,2.458421052631579329e+01,2.280088326850243163e+01,1.783327257813361877e+00,4.916961933763817072e-01
8.200000000000000622e-01,2.463157894736842479e+01,2.285443450636449825e+01,1.777144441003927211e+00,4.788314362875700780e-01
8.210000000000000631e-01,2.467894736842105274e+01,2.290798866729149097e+01,1.770958701129563329e+00,4.660720389948105336e-01
8.220000000000000639e-01,2.472631578947368780e+01,2.296154558917663024e+01,1.764770200297054892e+00,4.534173551007691927e-01
8.230000000000000648e-01,2.477368421052631930e+01,2.301510511125412251e+01,1.758579099272197910e+00,4.408667416409217665e-01
8.240000000000000657e-01,2.482105263157895081e+01,2.306866707409088590e+01,1.752385557488065793e+00,4.284195590670725196e-01
8.250000000000000666e-01,2.486842105263158231e+01,2.312223131957836486e+01,1.746189733053218784e+00,4.160751712309407324e-01
8.260000000000000675e-01,2.491578947368421382e+01,2.317579769092432329e+01,1.739991782759890526e+00,4.038329453678111136e-01
8.270000000000000684e-01,2.496315789473684532e+01,2.322936603264473732e+01,1.733791862092107339e+00,3.916922520802872398e-01
8.280000000000000693e-01,2.501052631578947683e+01,2.328293619055571284e+01,1.727590125233765317e+00,3.796524653220787471e-01
8.290000000000000702e-01,2.505789473684210833e+01,2.333650801176542799e+01,1.721386725076681667e+00,3.677129623818791160e-01
8.300000000000000711e-01,2.510526315789473628e+01,2.339008134466613242e+01,1.715181813228604524e+00,3.558731238673127351e-01
8.310000000000000719e-01,2.515263157894737134e+01,2.344365603892621763e+01,1.708975540021154593e+00,3.441323336889494655e-01
8.320000000000000728e-01,2.520000000000000284e+01,2.349723194548225891e+01,1.702768054517744378e+00,3.324899790444026948e-01
8.329999999999999627e-01,2.524736842105263079e+01,2.355080891653118513e+01,1.696559504521446549e+00,3.209454504024717991e-01
8.339999999999999636e-01,2.529473684210526230e+01,2.360438680552241664e+01,1.690350036582844995e+00,3.094981414873805292e-01
8.349999999999999645e-01,2.534210526315789380e+01,2.365796546715010962e+01,1.684139796007784406e+00,2.981474492630775686e-01
8.359999999999999654e-01,2.538947368421052175e+01,2.371154475734536859e+01,1.677928926865153603e+00,2.868927739175850533e-01
8.369999999999999662e-01,2.543684210526315681e+01,2.376512453326858321e+01,1.671717571994572937e+00,2.757335188474590026e-01
8.379999999999999671e-01,2.548421052631578831e+01,2.381870465330173658e+01,1.665505873014053062e+00,2.646690906422763945e-01
8.389999999999999680e-01,2.553157894736841982e+01,2.387228497704078833e+01,1.659293970327631706e+00,2.536988990692110590e-01
8.399999999999999689e-01,2.557894736842105132e+01,2.392586536528810370e+01,1.653082003132948730e+00,2.428223570576824031e-01
8.409999999999999698e-01,2.562631578947368283e+01,2.397944568004490051e+01,1.646870109428782758e+00,2.320388806840609774e-01
8.419999999999999707e-01,2.567368421052631433e+01,2.403302578450375293e+01,1.640658426022561178e+00,2.213478891564468753e-01
8.429999999999999716e-01,2.572105263157894584e+01,2.408660554304113788e+01,1.634447088537808401e+00,2.107488047995156322e-01
8.439999999999999725e-01,2.576842105263157734e+01,2.414018482121000275e+01,1.628236231421573699e+00,2.002410530394227450e-01
8.449999999999999734e-01,2.581578947368420884e+01,2.419376348573239355e+01,1.622025987951813963e+00,1.898240623887916811e-01
8.459999999999999742e-01,2.586315789473684035e+01,2.424734140449211139e+01,1.615816490244728287e+00,1.794972644317569532e-01
8.469999999999999751e-01,2.591052631578947185e+01,2.430091844652741528e+01,1.609607869262056790e+00,1.692600938090764728e-01
8.479999999999999760e-01,2.595789473684210691e+01,2.435449448202375677e+01,1.603400254818349024e+00,1.591119882033096289e-01
8.489999999999999769e-01,2.600526315789473486e+01,2.440806938230655732e+01,1.597193775588179543e+00,1.490523883240593150e-01
8.499999999999999778e-01,2.605263157894736636e+01,2.446164301983402822e+01,1.590988559113337031e+00,1.390807378932832350e-01
8.509999999999999787e-01,2.609999999999999787e+01,2.451521526819002617e+01,1.584784731809973257e+00,1.291964836306656039e-01
8.519999999999999796e-01,2.614736842105263293e+01,2.456878600207694063e+01,1.578582418975690294e+00,1.193990752390670096e-01
8.529999999999999805e-01,2.619473684210526088e+01,2.462235509730863825e+01,1.572381744796622849e+00,1.096879653900151297e-01
8.539999999999999813e-01,2.624210526315789593e+01,2.467592243080342129e+01,1.566182832354473753e+00,1.000626097092807143e-01
8.549999999999999822e-01,2.628947368421052388e+01,2.472948788057703950e+01,1.559985803633486157e+00,9.052246676251574087e-02
8.559999999999999831e-01,2.633684210526315894e+01,2.478305132573573744e+01,1.553790779527418175e+00,8.106699804094130712e-02
8.569999999999999840e-01,2.638421052631579045e+01,2.483661264646935152e+01,1.547597879846438262e+00,7.169566794712078917e-02
8.579999999999999849e-01,2.643157894736841840e+01,2.489017172404440359e+01,1.541407223324017917e+00,6.240794378077385574e-02
8.589999999999999858e-01,2.647894736842104990e+01,2.494372844079727969e+01,1.535218927623769103e+00,5.320329572466331314e-02
8.599999999999999867e-01,2.652631578947368141e+01,2.499728268012743015e+01,1.529033109346251473e+00,4.408119683055655713e-02
8.609999999999999876e-01,2.657368421052631646e+01,2.505083432649058750e+01,1.522849884035727408e+00,3.504112300523498646e-02
8.619999999999999885e-01,2.662105263157894797e+01,2.510438326539204468e+01,1.516669366186904622e+00,2.608255299656203618e-02
8.629999999999999893e-01,2.666842105263157947e+01,2.515792938337995466e+01,1.510491669251625479e+00,1.720496837962581793e-02
8.639999999999999902e-01,2.671578947368420742e+01,2.521147256803867620e+01,1.504316905645532776e+00,8.407853542942156366e-03
8.649999999999999911e-01,2.676315789473684248e+01,2.526501270798216581e+01,1.498145186754676228e+00,-3.093043252784255515e-04
8.659999999999999920e-01,2.681052631578947398e+01,2.531854969284737322e+01,1.491976622942102093e+00,-8.947015250815759657e-03
8.669999999999999929e-01,2.685789473684210549e+01,2.537208341328769379e+01,1.485811323554409258e+00,-1.750578648706291318e-02
8.679999999999999938e-01,2.690526315789473699e+01,2.542561376096647052e+01,1.479649396928264915e+00,-2.598612252856735694e-02
8.689999999999999947e-01,2.695263157894736850e+01,2.547914062855050332e+01,1.473490950396864951e+00,-3.438852512452772459e-02
8.699999999999999956e-01,2.700000000000000000e+01,2.553266390970360078e+01,1.467336090296400331e+00,-4.271349329223372848e-02
8.709999999999999964e-01,2.704736842105263150e+01,2.558618349908018885e+01,1.461184921972443096e+00,-5.096152333043146854e-02
8.719999999999999973e-01,2.709473684210526301e+01,2.563969929231893019e+01,1.455037549786333040e+00,-5.913310883264255580e-02
8.729999999999999982e-01,2.714210526315789096e+01,2.569321118603637544e+01,1.448894077121516411e+00,-6.722874070042283989e-02
8.739999999999999991e-01,2.718947368421052602e+01,2.574671907782068558e+01,1.442754606389840877e+00,-7.524890715654120044e-02
8.750000000000000000e-01,2.723684210526315752e+01,2.580022286622533301e+01,1.436619239037826956e+00,-8.319409375812991669e-02
8.760000000000000009e-01,2.728421052631579258e+01,2.585372245076288777e+01,1.430488075552905025e+00,-9.106478340975510122e-02
8.770000000000000018e-01,2.733157894736842053e+01,2.590721773189881105e+01,1.424361215469608588e+00,-9.886145637643384276e-02
8.780000000000000027e-01,2.737894736842105203e+01,2.596070861104529470e+01,1.418238757375756220e+00,-1.065845902965945058e-01
8.790000000000000036e-01,2.742631578947368354e+01,2.601419499055511153e+01,1.412120798918571785e+00,-1.142346601949766338e-01
8.800000000000000044e-01,2.747368421052631859e+01,2.606767677371553660e+01,1.406007436810781552e+00,-1.218121384954722330e-01
8.810000000000000053e-01,2.752105263157894655e+01,2.612115386474226497e+01,1.399898766836682018e+00,-1.293174950339137652e-01
8.820000000000000062e-01,2.756842105263157805e+01,2.617462616877339343e+01,1.393794883858186839e+00,-1.367511970708052971e-01
8.830000000000000071e-01,2.761578947368420955e+01,2.622809359186341283e+01,1.387695881820796062e+00,-1.441137093039825956e-01
8.840000000000000080e-01,2.766315789473684106e+01,2.628155604097724662e+01,1.381601853759595544e+00,-1.514054938812412487e-01
8.850000000000000089e-01,2.771052631578947612e+01,2.633501342398431433e+01,1.375512891805162674e+00,-1.586270104128741920e-01
8.860000000000000098e-01,2.775789473684210407e+01,2.638846564965262331e+01,1.369429087189481642e+00,-1.657787159841879188e-01
8.870000000000000107e-01,2.780526315789473557e+01,2.644191262764292105e+01,1.363350530251812964e+00,-1.728610651679387544e-01
8.880000000000000115e-01,2.785263157894736707e+01,2.649535426850284736e+01,1.357277310444522378e+00,-1.798745100367211691e-01
8.890000000000000124e-01,2.790000000000000213e+01,2.654879048366111505e+01,1.351209516338885530e+00,-1.868195001753010231e-01
8.900000000000000133e-01,2.794736842105263364e+01,2.660222118542177583e+01,1.345147235630857363e+00,-1.936964826928884165e-01
8.910000000000000142e-01,2.799473684210526514e+01,2.665564628695844362e+01,1.339090555146820627e+00,-2.005059022353625764e-01
8.920000000000000151e-01,2.804210526315789309e+01,2.670906570230860311e+01,1.333039560849289540e+00,-2.072482009974345729e-01
8.930000000000000160e-01,2.808947368421052815e+01,2.676247934636793957e+01,1.326994337842586136e+00,-2.139238187347620723e-01
8.940000000000000169e-01,2.813684210526315965e+01,2.681588713488467945e+01,1.320954970378481086e+00,-2.205331927759930366e-01
8.950000000000000178e-01,2.818421052631579116e+01,2.686928898445397706e+01,1.314921541861810983e+00,-2.270767580347774484e-01
8.960000000000000187e-01,2.823157894736842266e+01,2.692268481251235457e+01,1.308894134856066982e+00,-2.335549470217204160e-01
8.970000000000000195e-01,2.827894736842105061e+01,2.697607453733211358e+01,1.302872831088937922e+00,-2.399681898562588955e-01
8.980000000000000204e-01,2.832631578947368567e+01,2.702945807801584621e+01,1.296857711457838569e+00,-2.463169142785099908e-01
8.990000000000000213e-01,2.837368421052631717e+01,2.708283535449092483e+01,1.290848856035392789e+00,-2.526015456610535281e-01
9.000000000000000222e-01,2.842105263157894868e+01,2.713620628750404862e+01,1.284846344074900282e+00,-2.588225070206737755e-01
9.010000000000000231e-01,2.846842105263157663e+01,2.718957079861581505e+01,1.278850254015764021e+00,-2.649802190300212246e-01
9.020000000000000240e-01,2.851578947368421169e+01,2.724292881019531976e+01,1.272860663488892374e+00,-2.710751000292512813e-01
9.030000000000000249e-01,2.856315789473684319e+01,2.729628024541478482e+01,1.266877649322059485e+00,-2.771075660375954541e-01
9.040000000000000258e-01,2.861052631578947469e+01,2.734962502824421904e+01,1.260901287545254545e+00,-2.830780307648774752e-01
9.050000000000000266e-01,2.865789473684210975e+01,2.740296308344611020e+01,1.254931653395999991e+00,-2.889869056229885658e-01
9.060000000000000275e-01,2.870526315789473770e+01,2.745629433657014218e+01,1.248968821324595524e+00,-2.948345997372951999e-01
9.070000000000000284e-01,2.875263157894736921e+01,2.750961871394794045e+01,1.243012864999427425e+00,-3.006215199580184461e-01
9.080000000000000293e-01,2.880000000000000071e+01,2.756293614268786385e+01,1.237063857312139081e+00,-3.063480708715280443e-01
9.090000000000000302e-01,2.884736842105262866e+01,2.761624655066979273e+01,1.231121870382835271e+00,-3.120146548116151664e-01
9.100000000000000311e-01,2.889473684210526727e+01,2.766954986653998461e+01,1.225186975565285330e+00,-3.176216718707083331e-01
9.110000000000000320e-01,2.894210526315789522e+01,2.772284601970591922e+01,1.219259243451976671e+00,-3.231695199110111716e-01
9.120000000000000329e-01,2.898947368421052673e+01,2.777613494033121100e+01,1.213338743879318393e+00,-3.286585945756437255e-01
9.130000000000000338e-01,2.903684210526316178e+01,2.782941655933051806e+01,1.207425545932644395e+00,-3.340892892996665253e-01
9.140000000000000346e-01,2.908421052631578618e+01,2.788269080836449731e+01,1.201519717951289756e+00,-3.394619953211117647e-01
9.150000000000000355e-01,2.913157894736842835e+01,2.793595761983478809e+01,1.195621327533637590e+00,-3.447771016919327636e-01
9.160000000000000364e-01,2.917894736842105274e+01,2.798921692687901341e+01,1.189730441542039996e+00,-3.500349952889036942e-01
9.170000000000000373e-01,2.922631578947368780e+01,2.804246866336581334e+01,1.183847126107871794e+00,-3.552360608244997664e-01
9.180000000000000382e-01,2.927368421052631930e+01,2.809571276388992089e+01,1.177971446636399522e+00,-3.603806808576779375e-01
9.190000000000000391e-01,2.932105263157894726e+01,2.814894916376722733e+01,1.172103467811718369e+00,-3.654692358046576217e-01
9.200000000000000400e-01,2.936842105263157876e+01,2.820217779902993271e+01,1.166243253601646712e+00,-3.705021039496214641e-01
9.210000000000000409e-01,2.941578947368421382e+01,2.825539860642166090e+01,1.160390867262550918e+00,-3.754796614553717049e-01
9.220000000000000417e-01,2.946315789473684532e+01,2.830861152339265630e+01,1.154546371344189248e+00,-3.804022823739510173e-01
9.230000000000000426e-01,2.951052631578947683e+01,2.836181648809496991e+01,1.148709827694508689e+00,-3.852703386572047251e-01
9.240000000000000435e-01,2.955789473684210478e+01,2.841501343937768809e+01,1.142881297464414914e+00,-3.900842001672968351e-01
9.250000000000000444e-01,2.960526315789473628e+01,2.846820231678219670e+01,1.137060841112541132e+00,-3.948442346871781083e-01
9.260000000000000453e-01,2.965263157894737134e+01,2.852138306053744543e+01,1.131248518409925241e+00,-3.995508079309919580e-01
9.270000000000000462e-01,2.969999999999999574e+01,2.857455561155526880e+01,1.125444388444727606e+00,-4.042042835544679136e-01
9.280000000000000471e-01,2.974736842105263790e+01,2.862771991142571437e+01,1.119648509626922417e+00,-4.088050231652387012e-01
9.290000000000000480e-01,2.979473684210526230e+01,2.868087590241239582e+01,1.113860939692867147e+00,-4.133533863331022573e-01
9.300000000000000488e-01,2.984210526315789735e+01,2.873402352744789923e+01,1.108081735709995463e+00,-4.178497306002801892e-01
9.310000000000000497e-01,2.988947368421052886e+01,2.878716273012917171e+01,1.102310954081357153e+00,-4.222944114915714309e-01
9.320000000000000506e-01,2.993684210526315681e+01,2.884029345471298100e+01,1.096548650550174475e+00,-4.266877825245076750e-01
9.330000000000000515e-01,2.998421052631579542e+01,2.889341564611135738e+01,1.090794880204436490e+00,-4.310301952194466324e-01
9.340000000000000524e-01,3.003157894736842337e+01,2.894652924988710652e+01,1.085049697481315523e+00,-4.353219991095871322e-01
9.350000000000000533e-01,3.007894736842105488e+01,2.899963421224930471e+01,1.079313156171751276e+00,-4.395635417510090903e-01
9.360000000000000542e-01,3.012631578947368638e+01,2.905273048004885794e+01,1.073585309424829104e+00,-4.437551687325855809e-01
9.370000000000000551e-01,3.017368421052631433e+01,2.910581800077405745e+01,1.067866209752257323e+00,-4.478972236859162237e-01
9.380000000000000560e-01,3.022105263157895294e+01,2.915889672254616372e+01,1.062155909032788781e+00,-4.519900482951824117e-01
9.390000000000000568e-01,3.026842105263158089e+01,2.921196659411504726e+01,1.056454458516532746e+00,-4.560339823069368137e-01
9.400000000000000577e-01,3.031578947368421240e+01,2.926502756485479750e+01,1.050761908829415114e+00,-4.600293635399230752e-01
9.410000000000000586e-01,3.036315789473684745e+01,2.931807958475942044e+01,1.045078309977427011e+00,-4.639765278947498572e-01
9.420000000000000595e-01,3.041052631578947185e+01,2.937112260443850431e+01,1.039403711350969539e+00,-4.678758093636021798e-01
9.430000000000000604e-01,3.045789473684211401e+01,2.942415657511294569e+01,1.033738161729166327e+00,-4.717275400398710516e-01
9.440000000000000613e-01,3.050526315789473841e+01,2.947718144861069689e+01,1.028081709284043743e+00,-4.755320501277298106e-01
9.450000000000000622e-01,3.055263157894737347e+01,2.953019717736251692e+01,1.022434401584855213e+00,-4.792896679517104630e-01
9.460000000000000631e-01,3.060000000000000497e+01,2.958320371439776153e+01,1.016796285602242333e+00,-4.830007199661823236e-01
9.470000000000000639e-01,3.064736842105263293e+01,2.963620101334020518e+01,1.011167407712426414e+00,-4.866655307648128925e-01
9.480000000000000648e-01,3.069473684210526443e+01,2.968918902840386309e+01,1.005547813701400006e+00,-4.902844230900020861e-01
9.490000000000000657e-01,3.074210526315789593e+01,2.974216771438886653e+01,9.999375487690311815e-01,-4.938577178422312031e-01
9.500000000000000666e-01,3.078947368421053099e+01,2.979513702667732744e+01,9.943366575332032165e-01,-4.973857340894047852e-01
9.510000000000000675e-01,3.083684210526316249e+01,2.984809692122926350e+01,9.887451840338988829e-01,-5.008687890761374106e-01
9.520000000000000684e-01,3.088421052631579045e+01,2.990104735457852314e+01,9.831631717372656398e-01,-5.043071982329943026e-01
9.530000000000000693e-01,3.093157894736842195e+01,2.995398828382873546e+01,9.775906635396860445e-01,-5.077012751856875283e-01
9.540000000000000702e-01,3.097894736842105701e+01,3.000691966664929566e+01,9.720277017717605661e-01,-5.110513317642366715e-01
9.550000000000000711e-01,3.102631578947368141e+01,3.005984146127135048e+01,9.664743282023331439e-01,-5.143576780120850955e-01
9.560000000000000719e-01,3.107368421052632357e+01,3.011275362648383336e+01,9.609305840424871015e-01,-5.176206221951806796e-01
9.570000000000000728e-01,3.112105263157894797e+01,3.016565612162951737e+01,9.553965099494310387e-01,-5.208404708109819481e-01
9.580000000000000737e-01,3.116842105263158302e+01,3.021854890660106818e+01,9.498721460305128428e-01,-5.240175285974819630e-01
9.590000000000000746e-01,3.121578947368421453e+01,3.027143194183713248e+01,9.443575318470809332e-01,-5.271520985421291883e-01
9.599999999999999645e-01,3.126315789473684248e+01,3.032430518831848332e+01,9.388527064183584958e-01,-5.302444818907412483e-01
9.609999999999999654e-01,3.131052631578946688e+01,3.037716860756410853e+01,9.333577082253611268e-01,-5.332949781563831593e-01
9.619999999999999662e-01,3.135789473684210904e+01,3.043002216162742002e+01,9.278725752146887995e-01,-5.363038851281638486e-01
9.629999999999999671e-01,3.140526315789473344e+01,3.048286581309239196e+01,9.223973448023424782e-01,-5.392714988800397791e-01
9.639999999999999680e-01,3.145263157894736850e+01,3.053569952506978780e+01,9.169320538775782570e-01,-5.421981137795617300e-01
9.649999999999999689e-01,3.150000000000000000e+01,3.058852326119339082e+01,9.114767388066105092e-01,-5.450840224965540770e-01
9.659999999999999698e-01,3.154736842105262795e+01,3.064133698561620989e+01,9.060314354364149558e-01,-5.479295160117905183e-01
9.669999999999999707e-01,3.159473684210526656e+01,3.069414066300681654e+01,9.005961790984505777e-01,-5.507348836256182878e-01
9.679999999999999716e-01,3.164210526315789096e+01,3.074693425854555784e+01,8.951710046123356745e-01,-5.535004129665237471e-01
9.689999999999999725e-01,3.168947368421052602e+01,3.079971773792092904e+01,8.897559462895954230e-01,-5.562263899996962024e-01
9.699999999999999734e-01,3.173684210526315752e+01,3.085249106732587876e+01,8.843510379372805374e-01,-5.589130990355029027e-01
9.709999999999999742e-01,3.178421052631578547e+01,3.090525421345415324e+01,8.789563128616315613e-01,-5.615608227379729200e-01
9.719999999999999751e-01,3.183157894736842408e+01,3.095800714349670812e+01,8.735718038717177336e-01,-5.641698421332028701e-01
9.729999999999999760e-01,3.187894736842105203e+01,3.101074982513805978e+01,8.681975432829923678e-01,-5.667404366177466457e-01
9.739999999999999769e-01,3.192631578947368354e+01,3.106348222655274682e+01,8.628335629209378244e-01,-5.692728839669696228e-01
9.749999999999999778e-01,3.197368421052631859e+01,3.111620431640172768e+01,8.574798941245901363e-01,-5.717674603433300362e-01
9.759999999999999787e-01,3.202105263157894655e+01,3.116891606382887048e+01,8.521365677500748470e-01,-5.742244403046639079e-01
9.769999999999999796e-01,3.206842105263157805e+01,3.122161743845740745e+01,8.468036141741701606e-01,-5.766440968124131317e-01
9.779999999999999805e-01,3.211578947368420955e+01,3.127430841038646037e+01,8.414810632977476335e-01,-5.790267012397949387e-01
9.789999999999999813e-01,3.216315789473684106e+01,3.132698895018755181e+01,8.361689445492903605e-01,-5.813725233799749148e-01
9.799999999999999822e-01,3.221052631578947256e+01,3.137965902890112346e+01,8.308672868883527629e-01,-5.836818314541760699e-01
9.809999999999999831e-01,3.225789473684210407e+01,3.143231861803313620e+01,8.255761188089647540e-01,-5.859548921197417215e-01
9.819999999999999840e-01,3.230526315789473557e+01,3.148496768955162040e+01,8.202954683431165073e-01,-5.881919704781894964e-01
9.829999999999999849e-01,3.235263157894736707e+01,3.153760621588328661e+01,8.150253630640799107e-01,-5.903933300831925024e-01
9.839999999999999858e-01,3.239999999999999147e+01,3.159023416991015765e+01,8.097658300898367134e-01,-5.925592329485587229e-01
9.849999999999999867e-01,3.244736842105263719e+01,3.164285152496618991e+01,8.045168960864435004e-01,-5.946899395561482393e-01
9.859999999999999876e-01,3.249473684210526159e+01,3.169545825483395163e+01,7.992785872713079609e-01,-5.967857088637549268e-01
9.869999999999999885e-01,3.254210526315789309e+01,3.174805433374129038e+01,7.940509294166047116e-01,-5.988467983129792671e-01
9.879999999999999893e-01,3.258947368421052460e+01,3.180063973635802554e+01,7.888339478525000503e-01,-6.008734638370123449e-01
9.889999999999999902e-01,3.263684210526315610e+01,3.185321443779269757e+01,7.836276674704540923e-01,-6.028659598684340537e-01
9.899999999999999911e-01,3.268421052631579471e+01,3.190577841358928524e+01,7.784321127265085849e-01,-6.048245393469526832e-01
9.909999999999999920e-01,3.273157894736841911e+01,3.195833163972395141e+01,7.732473076444680293e-01,-6.067494537270947674e-01
9.919999999999999929e-01,3.277894736842105061e+01,3.201087409260184558e+01,7.680732758192074794e-01,-6.086409529859038159e-01
9.929999999999999938e-01,3.282631578947368212e+01,3.206340574905388507e+01,7.629100404198018159e-01,-6.104992856305360149e-01
9.939999999999999947e-01,3.287368421052631362e+01,3.211592658633356479e+01,7.577576241927448386e-01,-6.123246987058843516e-01
9.949999999999999956e-01,3.292105263157895223e+01,3.216843658211381296e+01,7.526160494651361610e-01,-6.141174378021334590e-01
9.959999999999999964e-01,3.296842105263157663e+01,3.222093571448381510e+01,7.474853381477659653e-01,-6.158777470622718297e-01
9.969999999999999973e-01,3.301578947368420813e+01,3.227342396194588048e+01,7.423655117383277657e-01,-6.176058691896058050e-01
9.979999999999999982e-01,3.306315789473684674e+01,3.232590130341239387e+01,7.372565913244524261e-01,-6.193020454551900755e-01
9.989999999999999991e-01,3.311052631578947114e+01,3.237836771820262527e+01,7.321585975868446505e-01,-6.209665157052635109e-01
1.000000000000000000e+00,3.315789473684210975e+01,3.243082318603973846e+01,7.270715508023736229e-01,-6.225995183686334755e-01
1.001000000000000112e+00,3.320526315789474125e+01,3.248326768704769307e+01,7.219954708470507354e-01,-6.242012904640068527e-01
1.002000000000000002e+00,3.325263157894737276e+01,3.253570120174821767e+01,7.169303771991526464e-01,-6.257720676073370569e-01
1.003000000000000114e+00,3.330000000000000426e+01,3.258812371105778993e+01,7.118762889422109996e-01,-6.273120840190875569e-01
1.004000000000000004e+00,3.334736842105262866e+01,3.264053519628463107e+01,7.068332247679958158e-01,-6.288215725314723059e-01
1.005000000000000115e+00,3.339473684210526727e+01,3.269293563912573575e+01,7.018012029795306361e-01,-6.303007645956766325e-01
1.006000000000000005e+00,3.344210526315789167e+01,3.274532502166388070e+01,6.967802414940122979e-01,-6.317498902890372747e-01
1.007000000000000117e+00,3.348947368421053739e+01,3.279770332636469732e+01,6.917703578458386238e-01,-6.331691783221922165e-01
1.008000000000000007e+00,3.353684210526316178e+01,3.285007053607372995e+01,6.867715691894331620e-01,-6.345588560461683514e-01
1.009000000000000119e+00,3.358421052631579329e+01,3.290242663401352274e+01,6.817838923022727649e-01,-6.359191494594975680e-01
1.010000000000000009e+00,3.363157894736841769e+01,3.295477160378073478e+01,6.768073435876864608e-01,-6.372502832152173724e-01
1.011000000000000121e+00,3.367894736842105630e+01,3.300710542934324820e+01,6.718419390778072042e-01,-6.385524806279123666e-01
1.012000000000000011e+00,3.372631578947368070e+01,3.305942809503730473e+01,6.668876944363770765e-01,-6.398259636806757911e-01
1.013000000000000123e+00,3.377368421052631930e+01,3.311173958556467056e+01,6.619446249616476319e-01,-6.410709530320675142e-01
1.014000000000000012e+00,3.382105263157894370e+01,3.316403988598980845e+01,6.570127455891349166e-01,-6.422876680230009683e-01
1.015000000000000124e+00,3.386842105263158231e+01,3.321632898173706394e+01,6.520920708945193711e-01,-6.434763266836620588e-01
1.016000000000000014e+00,3.391578947368421382e+01,3.326860685858786582e+01,6.471826150963435609e-01,-6.446371457403090588e-01
1.017000000000000126e+00,3.396315789473685243e+01,3.332087350267796211e+01,6.422843920588870992e-01,-6.457703406221328990e-01
1.018000000000000016e+00,3.401052631578947683e+01,3.337312890049464187e+01,6.373974152948382876e-01,-6.468761254679966655e-01
1.019000000000000128e+00,3.405789473684210833e+01,3.342537303887399958e+01,6.325216979681121954e-01,-6.479547131332159537e-01
1.020000000000000018e+00,3.410526315789473983e+01,3.347760590499822797e+01,6.276572528965095321e-01,-6.490063151962521815e-01
1.021000000000000130e+00,3.415263157894737134e+01,3.352982748639286825e+01,6.228040925545029749e-01,-6.500311419654218881e-01
1.022000000000000020e+00,3.419999999999999574e+01,3.358203777092414555e+01,6.179622290758514103e-01,-6.510294024855260986e-01
1.023000000000000131e+00,3.424736842105263435e+01,3.363423674679628306e+01,6.131316742563541755e-01,-6.520013045444974509e-01
1.024000000000000021e+00,3.429473684210526585e+01,3.368642440254883041e+01,6.083124395564341036e-01,-6.529470546799620578e-01
1.024999999999999911e+00,3.434210526315789025e+01,3.373860072705402757e+01,6.035045361038596790e-01,-6.538668581858333440e-01
1.026000000000000023e+00,3.438947368421052886e+01,3.379076570951417580e+01,5.987079746963531734e-01,-6.547609191188117350e-01
1.026999999999999913e+00,3.443684210526315326e+01,3.384291933945901576e+01,5.939227658041417168e-01,-6.556294403048807951e-01
1.028000000000000025e+00,3.448421052631579187e+01,3.389506160674311985e+01,5.891489195726729022e-01,-6.564726233458069160e-01
1.028999999999999915e+00,3.453157894736841627e+01,3.394719250154334844e+01,5.843864458250646043e-01,-6.572906686255270969e-01
1.030000000000000027e+00,3.457894736842105488e+01,3.399931201435624217e+01,5.796353540648141456e-01,-6.580837753166077775e-01
1.030999999999999917e+00,3.462631578947367927e+01,3.405142013599547823e+01,5.748956534782031502e-01,-6.588521413865580101e-01
1.032000000000000028e+00,3.467368421052631788e+01,3.410351685758935503e+01,5.701673529369626348e-01,-6.595959636042314500e-01
1.032999999999999918e+00,3.472105263157894228e+01,3.415560217057824133e+01,5.654504610007032861e-01,-6.603154375460951186e-01
1.034000000000000030e+00,3.476842105263158089e+01,3.420767606671210359e+01,5.607449859194784114e-01,-6.610107576025390230e-01
1.034999999999999920e+00,3.481578947368420529e+01,3.425973853804798352e+01,5.560509356362208777e-01,-6.616821169841164973e-01
1.036000000000000032e+00,3.486315789473684390e+01,3.431178957694756093e+01,5.513683177892872989e-01,-6.623297077277827682e-01
1.036999999999999922e+00,3.491052631578947540e+01,3.436382917607464549e+01,5.466971397148304712e-01,-6.629537207030660184e-01
1.038000000000000034e+00,3.495789473684210691e+01,3.441585732839277512e+01,5.420374084493314593e-01,-6.635543456182597666e-01
1.038999999999999924e+00,3.500526315789473131e+01,3.446787402716276461e+01,5.373891307319659250e-01,-6.641317710265299823e-01
1.040000000000000036e+00,3.505263157894736281e+01,3.451987926594029688e+01,5.327523130070654922e-01,-6.646861843320417407e-01
1.040999999999999925e+00,3.509999999999999432e+01,3.457187303857352134e+01,5.281269614264718637e-01,-6.652177717960165992e-01
1.042000000000000037e+00,3.514736842105263293e+01,3.462385533920065939e+01,5.235130818519726503e-01,-6.657267185427970801e-01
1.042999999999999927e+00,3.519473684210525732e+01,3.467582616224764536e+01,5.189106798576109680e-01,-6.662132085658489800e-01
1.044000000000000039e+00,3.524210526315789593e+01,3.472778550242578177e+01,5.143197607321147169e-01,-6.666774247337707848e-01
1.044999999999999929e+00,3.528947368421052744e+01,3.477973335472935901e+01,5.097403294811617691e-01,-6.671195487962320314e-01
1.046000000000000041e+00,3.533684210526316605e+01,3.483166971443337445e+01,5.051723908297905963e-01,-6.675397613899294313e-01
1.046999999999999931e+00,3.538421052631579045e+01,3.488359457709116640e+01,5.006159492246264886e-01,-6.679382420444666124e-01
1.048000000000000043e+00,3.543157894736842195e+01,3.493550793853216874e+01,4.960710088362544345e-01,-6.683151691882445178e-01
1.048999999999999932e+00,3.547894736842104635e+01,3.498740979485959457e+01,4.915375735614583297e-01,-6.686707201543038437e-01
1.050000000000000044e+00,3.552631578947368496e+01,3.503930014244816249e+01,4.870156470255234127e-01,-6.690050711861461608e-01
1.050999999999999934e+00,3.557368421052630936e+01,3.509117897794185836e+01,4.825052325844501055e-01,-6.693183974435159556e-01
1.052000000000000046e+00,3.562105263157894797e+01,3.514304629825168291e+01,4.780063333272631110e-01,-6.696108730081826721e-01
1.052999999999999936e+00,3.566842105263157237e+01,3.519490210055342061e+01,4.735189520781550310e-01,-6.698826708896481463e-01
1.054000000000000048e+00,3.571578947368421808e+01,3.524674638228542278e+01,4.690430913987891359e-01,-6.701339630308877915e-01
1.054999999999999938e+00,3.576315789473684248e+01,3.529857914114641915e+01,4.645787535904238874e-01,-6.703649203140047419e-01
1.056000000000000050e+00,3.581052631578948109e+01,3.535040037509330091e+01,4.601259406961777931e-01,-6.705757125659017603e-01
1.056999999999999940e+00,3.585789473684209838e+01,3.540221008233899624e+01,4.556846545031026374e-01,-6.707665085638874203e-01
1.058000000000000052e+00,3.590526315789473699e+01,3.545400826135025341e+01,4.512548965444865834e-01,-6.709374760413053806e-01
1.058999999999999941e+00,3.595263157894736850e+01,3.550579491084552330e+01,4.468366681018451358e-01,-6.710887816930606320e-01
1.060000000000000053e+00,3.600000000000000000e+01,3.555757002979281367e+01,4.424299702071855522e-01,-6.712205911812114678e-01
1.060999999999999943e+00,3.604736842105262440e+01,3.560933361740760006e+01,4.380348036450298355e-01,-6.713330691404513217e-01
1.062000000000000055e+00,3.609473684210526301e+01,3.566108567315066580e+01,4.336511689546028725e-01,-6.714263791836314610e-01
1.062999999999999945e+00,3.614210526315789451e+01,3.571282619672603431e+01,4.292790664318552607e-01,-6.715006839071948619e-01
1.064000000000000057e+00,3.618947368421053312e+01,3.576455518807891565e+01,4.249184961316133657e-01,-6.715561448966438363e-01
1.064999999999999947e+00,3.623684210526315752e+01,3.581627264739358907e+01,4.205694578695705066e-01,-6.715929227319294981e-01
1.066000000000000059e+00,3.628421052631578902e+01,3.586797857509136378e+01,4.162319512244302966e-01,-6.716111769928607700e-01
1.066999999999999948e+00,3.633157894736842053e+01,3.591967297182853969e+01,4.119059755398789546e-01,-6.716110662644441121e-01
1.068000000000000060e+00,3.637894736842105203e+01,3.597135583849438945e+01,4.075915299266588687e-01,-6.715927481422268031e-01
1.068999999999999950e+00,3.642631578947367643e+01,3.602302717620913342e+01,4.032886132645468469e-01,-6.715563792376011421e-01
1.070000000000000062e+00,3.647368421052631504e+01,3.607468698632190041e+01,3.989972242044152462e-01,-6.715021151830979917e-01
1.070999999999999952e+00,3.652105263157894655e+01,3.612633527040880210e+01,3.947173611701401130e-01,-6.714301106376252548e-01
1.072000000000000064e+00,3.656842105263158516e+01,3.617797203027090092e+01,3.904490223606815746e-01,-6.713405192917258901e-01
1.072999999999999954e+00,3.661578947368420955e+01,3.622959726793225599e+01,3.861922057519536211e-01,-6.712334938727542166e-01
1.074000000000000066e+00,3.666315789473684816e+01,3.628121098563797631e+01,3.819469090988726889e-01,-6.711091861500895206e-01
1.074999999999999956e+00,3.671052631578947256e+01,3.633281318585227382e+01,3.777131299372022966e-01,-6.709677469402572925e-01
1.076000000000000068e+00,3.675789473684211117e+01,3.638440387125653075e+01,3.734908655855758153e-01,-6.708093261120966488e-01
1.076999999999999957e+00,3.680526315789473557e+01,3.643598304474738825e+01,3.692801131473475440e-01,-6.706340725918353840e-01
1.078000000000000069e+00,3.685263157894736707e+01,3.648755070943482792e+01,3.650808695125394299e-01,-6.704421343681898904e-01
1.078999999999999959e+00,3.689999999999999147e+01,3.653910686864028889e+01,3.608931313597044110e-01,-6.702336584974117883e-01
1.080000000000000071e+00,3.694736842105263719e+01,3.659065152589478487e+01,3.567168951578481018e-01,-6.700087911083274506e-01
1.080999999999999961e+00,3.699473684210526159e+01,3.664218468493702829e+01,3.525521571682347366e-01,-6.697676774073313410e-01
1.082000000000000073e+00,3.704210526315790020e+01,3.669370634971157585e+01,3.483989134463276738e-01,-6.695104616834006706e-01
1.082999999999999963e+00,3.708947368421052460e+01,3.674521652436697394e+01,3.442571598435513192e-01,-6.692372873130123523e-01
1.084000000000000075e+00,3.713684210526316321e+01,3.679671521325395389e+01,3.401268920092123116e-01,-6.689482967651185774e-01
1.084999999999999964e+00,3.718421052631578760e+01,3.684820242092356324e+01,3.360081053922230332e-01,-6.686436316060229146e-01
1.086000000000000076e+00,3.723157894736842621e+01,3.689967815212538227e+01,3.319007952430421682e-01,-6.683234325043025947e-01
1.086999999999999966e+00,3.727894736842105061e+01,3.695114241180573345e+01,3.278049566153155014e-01,-6.679878392356188854e-01
1.088000000000000078e+00,3.732631578947368212e+01,3.700259520510586242e+01,3.237205843678228612e-01,-6.676369906876287175e-01
1.088999999999999968e+00,3.737368421052631362e+01,3.705403653736019010e+01,3.196476731661250792e-01,-6.672710248647293341e-01
1.090000000000000080e+00,3.742105263157895223e+01,3.710546641409450785e+01,3.155862174844409340e-01,-6.668900788929059686e-01
1.090999999999999970e+00,3.746842105263157663e+01,3.715688484102428646e+01,3.115362116072883381e-01,-6.664942890244534013e-01
1.092000000000000082e+00,3.751578947368421524e+01,3.720829182405287838e+01,3.074976496313414631e-01,-6.660837906427685695e-01
1.092999999999999972e+00,3.756315789473684674e+01,3.725968736926979119e+01,3.034705254670530539e-01,-6.656587182670330449e-01
1.094000000000000083e+00,3.761052631578947825e+01,3.731107148294898934e+01,2.994548328404864068e-01,-6.652192055569434714e-01
1.094999999999999973e+00,3.765789473684210265e+01,3.736244417154718178e+01,2.954505652949183658e-01,-6.647653853173585148e-01
1.096000000000000085e+00,3.770526315789473415e+01,3.741380544170210243e+01,2.914577161926329985e-01,-6.642973895029848919e-01
1.096999999999999975e+00,3.775263157894736565e+01,3.746515530023083329e+01,2.874762787165311972e-01,-6.638153492229710295e-01
1.098000000000000087e+00,3.780000000000000426e+01,3.751649375412812759e+01,2.835062458718735634e-01,-6.633193947455451323e-01
1.098999999999999977e+00,3.784736842105262866e+01,3.756782081056475420e+01,2.795476104878768520e-01,-6.628096555025804193e-01
1.100000000000000089e+00,3.789473684210526727e+01,3.761913647688582074e+01,2.756003652194508602e-01,-6.622862600941816780e-01
1.100999999999999979e+00,3.794210526315789167e+01,3.767044076060913937e+01,2.716645025487565701e-01,-6.617493362932007628e-01
1.102000000000000091e+00,3.798947368421053739e+01,3.772173366942360673e+01,2.677400147869302693e-01,-6.611990110497751871e-01
1.102999999999999980e+00,3.803684210526316178e+01,3.777301521118754124e+01,2.638268940756165470e-01,-6.606354104958009898e-01
1.104000000000000092e+00,3.808421052631579329e+01,3.782428539392711997e+01,2.599251323886728748e-01,-6.600586599494411288e-01
1.104999999999999982e+00,3.813157894736841769e+01,3.787554422583473723e+01,2.560347215336838400e-01,-6.594688839195379515e-01
1.106000000000000094e+00,3.817894736842105630e+01,3.792679171526742010e+01,2.521556531536337520e-01,-6.588662061100736267e-01
1.106999999999999984e+00,3.822631578947368070e+01,3.797802787074525099e+01,2.482879187284273703e-01,-6.582507494245612989e-01
1.108000000000000096e+00,3.827368421052631930e+01,3.802925270094981158e+01,2.444315095765053070e-01,-6.576226359704415714e-01
1.108999999999999986e+00,3.832105263157894370e+01,3.808046621472259119e+01,2.405864168563517369e-01,-6.569819870634363568e-01
1.110000000000000098e+00,3.836842105263158231e+01,3.813166842106345911e+01,2.367526315681292293e-01,-6.563289232319151623e-01
1.110999999999999988e+00,3.841578947368421382e+01,3.818285932912909431e+01,2.329301445551162364e-01,-6.556635642211849913e-01
1.112000000000000099e+00,3.846315789473685243e+01,3.823403894823150040e+01,2.291189465053483643e-01,-6.549860289978282069e-01
1.112999999999999989e+00,3.851052631578946972e+01,3.828520728783644955e+01,2.253190279530241646e-01,-6.542964357539462483e-01
1.114000000000000101e+00,3.855789473684210833e+01,3.833636435756196192e+01,2.215303792801526783e-01,-6.535949019114548619e-01
1.114999999999999991e+00,3.860526315789473983e+01,3.838751016717683484e+01,2.177529907179018842e-01,-6.528815441262745267e-01
1.116000000000000103e+00,3.865263157894737134e+01,3.843864472659914355e+01,2.139868523482272578e-01,-6.521564782926025927e-01
1.116999999999999993e+00,3.869999999999999574e+01,3.848976804589474199e+01,2.102319541052521390e-01,-6.514198195470646269e-01
1.118000000000000105e+00,3.874736842105263435e+01,3.854088013527581325e+01,2.064882857768260416e-01,-6.506716822729172733e-01
1.118999999999999995e+00,3.879473684210526585e+01,3.859198100509937746e+01,2.027558370058861748e-01,-6.499121801041765067e-01
1.120000000000000107e+00,3.884210526315790446e+01,3.864307066586587780e+01,1.990345972920220530e-01,-6.491414259297902944e-01
1.120999999999999996e+00,3.888947368421052886e+01,3.869414912821770969e+01,1.953245559928178665e-01,-6.483595318977135591e-01
1.122000000000000108e+00,3.893684210526316036e+01,3.874521640293779257e+01,1.916257023253726266e-01,-6.475666094190275501e-01
1.122999999999999998e+00,3.898421052631579187e+01,3.879627250094813462e+01,1.879380253676551926e-01,-6.467627691719934901e-01
1.124000000000000110e+00,3.903157894736842337e+01,3.884731743330845433e+01,1.842615140599673240e-01,-6.459481211061239847e-01
1.125000000000000000e+00,3.907894736842104777e+01,3.889835121121473804e+01,1.805961572063112530e-01,-6.451227744461975888e-01
1.126000000000000112e+00,3.912631578947368638e+01,3.894937384599785446e+01,1.769419434758336962e-01,-6.442868376962911370e-01
1.127000000000000002e+00,3.917368421052631788e+01,3.900038534912217614e+01,1.732988614041362507e-01,-6.434404186437481243e-01
1.128000000000000114e+00,3.922105263157895649e+01,3.905138573218419396e+01,1.696668993947575421e-01,-6.425836243631861677e-01
1.129000000000000004e+00,3.926842105263158089e+01,3.910237500691114576e+01,1.660460457204326334e-01,-6.417165612204138725e-01
1.130000000000000115e+00,3.931578947368421950e+01,3.915335318515966634e+01,1.624362885245499155e-01,-6.408393348763938846e-01
1.131000000000000005e+00,3.936315789473684390e+01,3.920432027891443028e+01,1.588376158224166779e-01,-6.399520502911366648e-01
1.132000000000000117e+00,3.941052631578948251e+01,3.925527630028680903e+01,1.552500155026715900e-01,-6.390548117276102502e-01
1.133000000000000007e+00,3.945789473684210691e+01,3.930622126151353513e+01,1.516734753285694237e-01,-6.381477227556091592e-01
1.134000000000000119e+00,3.950526315789473841e+01,3.935715517495540183e+01,1.481079829393360248e-01,-6.372308862556055331e-01
1.135000000000000009e+00,3.955263157894736281e+01,3.940807805309592027e+01,1.445535258514469290e-01,-6.363044044225913964e-01
1.136000000000000121e+00,3.960000000000000142e+01,3.945898990854001909e+01,1.410100914599886623e-01,-6.353683787699013763e-01
1.137000000000000011e+00,3.964736842105263293e+01,3.950989075401275841e+01,1.374776670398736300e-01,-6.344229101329963427e-01
1.138000000000000123e+00,3.969473684210527153e+01,3.956078060235803662e+01,1.339562397472332245e-01,-6.334680986732736940e-01
1.139000000000000012e+00,3.974210526315789593e+01,3.961165946653730430e+01,1.304457966205947173e-01,-6.325040438817906008e-01
1.140000000000000124e+00,3.978947368421053454e+01,3.966252735962829234e+01,1.269463245822423647e-01,-6.315308445830369877e-01
1.141000000000000014e+00,3.983684210526315894e+01,3.971338429482377563e+01,1.234578104393817127e-01,-6.305485989386339085e-01
1.142000000000000126e+00,3.988421052631579755e+01,3.976423028543027272e+01,1.199802408855261127e-01,-6.295574044510763301e-01
1.143000000000000016e+00,3.993157894736842195e+01,3.981506534486682369e+01,1.165136025015973131e-01,-6.285573579673622291e-01
1.144000000000000128e+00,3.997894736842105345e+01,3.986588948666378229e+01,1.130578817572739647e-01,-6.275485556827193889e-01
1.145000000000000018e+00,4.002631578947368496e+01,3.991670272446152978e+01,1.096130650121494021e-01,-6.265310931442185094e-01
1.146000000000000130e+00,4.007368421052632357e+01,3.996750507200930258e+01,1.061791385170164775e-01,-6.255050652544271728e-01
1.147000000000000020e+00,4.012105263157894797e+01,4.001829654316394880e+01,1.027560884149999743e-01,-6.244705662749980846e-01
1.148000000000000131e+00,4.016842105263158658e+01,4.006907715188872743e+01,9.934390074286050809e-02,-6.234276898302963943e-01
1.149000000000000021e+00,4.021578947368421808e+01,4.011984691225213595e+01,9.594256143207602339e-02,-6.223765289109435273e-01
1.150000000000000133e+00,4.026315789473684958e+01,4.017060583842670241e+01,9.255205631014573608e-02,-6.213171758774107545e-01
1.151000000000000023e+00,4.031052631578947398e+01,4.022135394468780589e+01,8.917237110167158809e-02,-6.202497224635292739e-01
1.152000000000000135e+00,4.035789473684210549e+01,4.027209124541251128e+01,8.580349142959858844e-02,-6.191742597800411474e-01
1.153000000000000025e+00,4.040526315789473699e+01,4.032281775507839683e+01,8.244540281633444545e-02,-6.180908783180862898e-01
1.153999999999999915e+00,4.045263157894736139e+01,4.037353348826242438e+01,7.909809068493905970e-02,-6.169996679527054440e-01
1.155000000000000027e+00,4.050000000000000000e+01,4.042423845963973861e+01,7.576154036026315486e-02,-6.159007179462951953e-01
1.155999999999999917e+00,4.054736842105262440e+01,4.047493268398258692e+01,7.243573707004241635e-02,-6.147941169520665383e-01
1.157000000000000028e+00,4.059473684210526301e+01,4.052561617615914713e+01,6.912066594611876447e-02,-6.136799530175052197e-01
1.157999999999999918e+00,4.064210526315789451e+01,4.057628895113241896e+01,6.581631202547094661e-02,-6.125583135877556984e-01
1.159000000000000030e+00,4.068947368421053312e+01,4.062695102395911562e+01,6.252266025141670069e-02,-6.114292855090495138e-01
1.159999999999999920e+00,4.073684210526315752e+01,4.067760240978851982e+01,5.923969547463694280e-02,-6.102929550320714824e-01
1.161000000000000032e+00,4.078421052631578902e+01,4.072824312386142509e+01,5.596740245436527400e-02,-6.091494078153489866e-01
1.161999999999999922e+00,4.083157894736842053e+01,4.077887318150901308e+01,5.270576585940577041e-02,-6.079987289285790908e-01
1.163000000000000034e+00,4.087894736842105203e+01,4.082949259815178067e+01,4.945477026927162095e-02,-6.068410028559787506e-01
1.163999999999999924e+00,4.092631578947367643e+01,4.088010138929845283e+01,4.621440017522196464e-02,-6.056763134995906128e-01
1.165000000000000036e+00,4.097368421052631504e+01,4.093069957054493813e+01,4.298463998138148806e-02,-6.045047441826030266e-01
1.165999999999999925e+00,4.102105263157894655e+01,4.098128715757319895e+01,3.976547400574544089e-02,-6.033263776526061051e-01
1.167000000000000037e+00,4.106842105263158516e+01,4.103186416615027809e+01,3.655688648130557550e-02,-6.021412960848904206e-01
1.167999999999999927e+00,4.111578947368420955e+01,4.108243061212719738e+01,3.335886155701065642e-02,-6.009495810856657627e-01
1.169000000000000039e+00,4.116315789473684106e+01,4.113298651143792739e+01,3.017138329891784487e-02,-5.997513136953314117e-01
1.169999999999999929e+00,4.121052631578947256e+01,4.118353188009835009e+01,2.699443569112140728e-02,-5.985465743916558168e-01
1.171000000000000041e+00,4.125789473684211117e+01,4.123406673420524271e+01,2.382800263686590467e-02,-5.973354430930095660e-01
1.171999999999999931e+00,4.130526315789472847e+01,4.128459108993525462e+01,2.067206795947491849e-02,-5.961179991615290774e-01
1.173000000000000043e+00,4.135263157894736707e+01,4.133510496354387698e+01,1.752661540348969885e-02,-5.948943214063140417e-01
1.173999999999999932e+00,4.139999999999999147e+01,4.138560837136446224e+01,1.439162863553425896e-02,-5.936644880865431517e-01
1.175000000000000044e+00,4.144736842105263719e+01,4.143610132980720095e+01,1.126709124543494138e-02,-5.924285769146431235e-01
1.175999999999999934e+00,4.149473684210526159e+01,4.148658385535814830e+01,8.152986747110974736e-03,-5.911866650593884387e-01
1.177000000000000046e+00,4.154210526315790020e+01,4.153705596457823646e+01,5.049298579662212134e-03,-5.899388291490348379e-01
1.177999999999999936e+00,4.158947368421052460e+01,4.158751767410229405e+01,1.956010108234254672e-03,-5.886851452743728785e-01
1.179000000000000048e+00,4.163684210526316321e+01,4.163796900063805850e+01,-1.126895374900166403e-03,-5.874256889918436642e-01
1.179999999999999938e+00,4.168421052631578760e+01,4.168840996096524520e+01,-4.199434649456996148e-03,-5.861605353265586515e-01
1.181000000000000050e+00,4.173157894736841911e+01,4.173884057193455988e+01,-7.261624566142158704e-03,-5.848897587753709715e-01
1.181999999999999940e+00,4.177894736842104351e+01,4.178926085046677485e+01,-1.031348204572919876e-02,-5.836134333098845772e-01
1.183000000000000052e+00,4.182631578947368212e+01,4.183967081355175566e+01,-1.335502407806694533e-02,-5.823316323794864857e-01
1.183999999999999941e+00,4.187368421052631362e+01,4.189007047824753016e+01,-1.638626772122077010e-02,-5.810444289143132934e-01
1.185000000000000053e+00,4.192105263157895223e+01,4.194045986167940754e+01,-1.940723010045479480e-02,-5.797518953282745358e-01
1.185999999999999943e+00,4.196842105263157663e+01,4.199083898103896217e+01,-2.241792840738588213e-02,-5.784541035219854521e-01
1.187000000000000055e+00,4.201578947368421524e+01,4.204120785358320944e+01,-2.541837989899128555e-02,-5.771511248857388310e-01
1.187999999999999945e+00,4.206315789473684674e+01,4.209156649663362515e+01,-2.840860189678172040e-02,-5.758430303024253405e-01
1.189000000000000057e+00,4.211052631578947825e+01,4.214191492757527868e+01,-3.138861178580265587e-02,-5.745298901504751754e-01
1.189999999999999947e+00,4.215789473684210265e+01,4.219225316385593061e+01,-3.435842701382647163e-02,-5.732117743067375315e-01
1.191000000000000059e+00,4.220526315789473415e+01,4.224258122298513030e+01,-3.731806509039189979e-02,-5.718887521494027126e-01
1.191999999999999948e+00,4.225263157894736565e+01,4.229289912253333483e+01,-4.026754358597076089e-02,-5.705608925608549598e-01
1.193000000000000060e+00,4.230000000000000426e+01,4.234320688013103506e+01,-4.320688013103283348e-02,-5.692282639305554781e-01
1.193999999999999950e+00,4.234736842105262866e+01,4.239350451346788873e+01,-4.613609241525713778e-02,-5.678909341578668446e-01
1.195000000000000062e+00,4.239473684210526727e+01,4.244379204029182517e+01,-4.905519818655861009e-02,-5.665489706549164950e-01
1.195999999999999952e+00,4.244210526315789167e+01,4.249406947840823534e+01,-5.196421525033756428e-02,-5.652024403493838278e-01
1.197000000000000064e+00,4.248947368421053028e+01,4.254433684567906937e+01,-5.486316146853820186e-02,-5.638514096873317172e-01
1.197999999999999954e+00,4.253684210526315468e+01,4.259459416002200527e+01,-5.775205475885347717e-02,-5.624959446359811821e-01
1.199000000000000066e+00,4.258421052631579329e+01,4.264484143940963889e+01,-6.063091309384729261e-02,-5.611361106864913850e-01
1.199999999999999956e+00,4.263157894736841769e+01,4.269507870186859577e+01,-6.349975450017841805e-02,-5.597719728567165376e-01
1.201000000000000068e+00,4.267894736842105630e+01,4.274530596547872818e+01,-6.635859705767813144e-02,-5.584035956939699119e-01
1.201999999999999957e+00,4.272631578947368070e+01,4.279552324837231936e+01,-6.920745889863778866e-02,-5.570310432777256793e-01
1.203000000000000069e+00,4.277368421052631930e+01,4.284573056873320240e+01,-7.204635820688007342e-02,-5.556543792223811451e-01
1.203999999999999959e+00,4.282105263157894370e+01,4.289592794479600713e+01,-7.487531321705931386e-02,-5.542736666799195078e-01
1.205000000000000071e+00,4.286842105263158231e+01,4.294611539484533580e+01,-7.769434221375182137e-02,-5.528889683426365664e-01
1.205999999999999961e+00,4.291578947368421382e+01,4.299629293721495316e+01,-8.050346353074344652e-02,-5.515003464457945981e-01
1.207000000000000073e+00,4.296315789473685243e+01,4.304646059028701188e+01,-8.330269555015810956e-02,-5.501078627703046564e-01
1.207999999999999963e+00,4.301052631578947683e+01,4.309661837249122840e+01,-8.609205670175171243e-02,-5.487115786453538036e-01
1.209000000000000075e+00,4.305789473684210122e+01,4.314676630230416521e+01,-8.887156546205976504e-02,-5.473115549510696454e-01
1.209999999999999964e+00,4.310526315789473273e+01,4.319690439824838535e+01,-9.164124035365311949e-02,-5.459078521211244706e-01
1.211000000000000076e+00,4.315263157894737134e+01,4.324703267889173475e+01,-9.440109994436192420e-02,-5.445005301453429425e-01
1.211999999999999966e+00,4.319999999999999574e+01,4.329715116284653931e+01,-9.715116284654409795e-02,-5.430896485723062383e-01
1.213000000000000078e+00,4.324736842105263435e+01,4.334725986876888015e+01,-9.989144771624564045e-02,-5.416752665119473065e-01
1.213999999999999968e+00,4.329473684210526585e+01,4.339735881535781203e+01,-1.026219732525518319e-01,-5.402574426380910566e-01
1.215000000000000080e+00,4.334210526315790446e+01,4.344744802135463857e+01,-1.053427581967348453e-01,-5.388362351910407355e-01
1.215999999999999970e+00,4.338947368421052886e+01,4.349752750554213776e+01,-1.080538213316112051e-01,-5.374117019800950246e-01
1.217000000000000082e+00,4.343684210526315326e+01,4.354759728674387276e+01,-1.107551814807149759e-01,-5.359839003861042173e-01
1.217999999999999972e+00,4.348421052631578476e+01,4.359765738382340317e+01,-1.134468575076233304e-01,-5.345528873639660006e-01
1.219000000000000083e+00,4.353157894736842337e+01,4.364770781568363134e+01,-1.161288683152060519e-01,-5.331187194451318945e-01
1.219999999999999973e+00,4.357894736842104777e+01,4.369774860126599236e+01,-1.188012328449448568e-01,-5.316814527401012569e-01
1.221000000000000085e+00,4.362631578947368638e+01,4.374777975954982878e+01,-1.214639700761382529e-01,-5.302411429409170651e-01
1.221999999999999975e+00,4.367368421052631788e+01,4.379780130955160899e+01,-1.241170990252972312e-01,-5.287978453235959719e-01
1.223000000000000087e+00,4.372105263157895649e+01,4.384781327032428777e+01,-1.267606387453310557e-01,-5.273516147506187579e-01
1.223999999999999977e+00,4.376842105263158089e+01,4.389781566095653886e+01,-1.293946083249556955e-01,-5.259025056733355186e-01
1.225000000000000089e+00,4.381578947368421950e+01,4.394780850057211552e+01,-1.320190268878985995e-01,-5.244505721344205895e-01
1.225999999999999979e+00,4.386315789473684390e+01,4.399779180832914705e+01,-1.346339135923008967e-01,-5.229958677702688519e-01
1.227000000000000091e+00,4.391052631578947540e+01,4.404776560341944247e+01,-1.372392876299666775e-01,-5.215384458134133538e-01
1.227999999999999980e+00,4.395789473684209980e+01,4.409772990506782264e+01,-1.398351682257205353e-01,-5.200783590949002999e-01
1.229000000000000092e+00,4.400526315789473841e+01,4.414768473253143810e+01,-1.424215746367015201e-01,-5.186156600466746980e-01
1.229999999999999982e+00,4.405263157894736281e+01,4.419763010509913670e+01,-1.449985261517715007e-01,-5.171504007039322559e-01
1.231000000000000094e+00,4.410000000000000142e+01,4.424756604209074595e+01,-1.475660420907392023e-01,-5.156826327075032523e-01
1.231999999999999984e+00,4.414736842105263293e+01,4.429749256285644776e+01,-1.501241418038130326e-01,-5.142124073061511424e-01
1.233000000000000096e+00,4.419473684210527153e+01,4.434740968677612472e+01,-1.526728446708568998e-01,-5.127397753589404417e-01
1.233999999999999986e+00,4.424210526315789593e+01,4.439731743325872770e+01,-1.552121701008304933e-01,-5.112647873375175678e-01
1.235000000000000098e+00,4.428947368421053454e+01,4.444721582174158669e+01,-1.577421375310512353e-01,-5.097874933284520793e-01
1.235999999999999988e+00,4.433684210526316605e+01,4.449710487168982098e+01,-1.602627664266601248e-01,-5.083079430354890960e-01
1.237000000000000099e+00,4.438421052631579045e+01,4.454698460259567128e+01,-1.627740762798836616e-01,-5.068261857818692206e-01
1.237999999999999989e+00,4.443157894736841484e+01,4.459685503397790285e+01,-1.652760866094869774e-01,-5.053422705125614200e-01
1.239000000000000101e+00,4.447894736842105345e+01,4.464671618538115183e+01,-1.677688169600931312e-01,-5.038562457965403141e-01
1.239999999999999991e+00,4.452631578947368496e+01,4.469656807637532836e+01,-1.702522869016422913e-01,-5.023681598290119510e-01
1.241000000000000103e+00,4.457368421052632357e+01,4.474641072655499840e+01,-1.727265160286794998e-01,-5.008780604336804387e-01
1.241999999999999993e+00,4.462105263157894797e+01,4.479624415553877981e+01,-1.751915239598329233e-01,-4.993859950649381929e-01
1.243000000000000105e+00,4.466842105263158658e+01,4.484606838296872411e+01,-1.776473303371332302e-01,-4.978920108100917119e-01
1.243999999999999995e+00,4.471578947368421808e+01,4.489588342850971259e+01,-1.800939548254983646e-01,-4.963961543915447194e-01
1.245000000000000107e+00,4.476315789473684248e+01,4.494568931184890204e+01,-1.825314171120593076e-01,-4.948984721690043997e-01
1.245999999999999996e+00,4.481052631578946688e+01,4.499548605269508528e+01,-1.849597369056193152e-01,-4.933990101416467766e-01
1.247000000000000108e+00,4.485789473684210549e+01,4.504527367077814404e+01,-1.873789339360368567e-01,-4.918978139502749869e-01
1.247999999999999998e+00,4.490526315789473699e+01,4.509505218584843789e+01,-1.897890279537041702e-01,-4.903949288794686723e-01
1.249000000000000110e+00,4.495263157894737560e+01,4.514482161767624291e+01,-1.921900387288728029e-01,-4.888903998597529110e-01
1.250000000000000000e+00,4.500000000000000000e+01,4.519458198605119748e+01,-1.945819860511956989e-01,-4.873842714696907663e-01
1.251000000000000112e+00,4.504736842105263861e+01,4.524433331078169118e+01,-1.969648897290529332e-01,-4.858765879380344543e-01
1.252000000000000002e+00,4.509473684210526301e+01,4.529407561169434615e+01,-1.993387695890809219e-01,-4.843673931458090109e-01
1.253000000000000114e+00,4.514210526315790162e+01,4.534380890863343438e+01,-2.017036454755300190e-01,-4.828567306284279326e-01
1.254000000000000004e+00,4.518947368421053312e+01,4.539353322146033776e+01,-2.040595372498065219e-01,-4.813446435777555266e-01
1.255000000000000115e+00,4.523684210526315752e+01,4.544324857005297247e+01,-2.064064647898173621e-01,-4.798311748442136704e-01
1.256000000000000005e+00,4.528421052631578192e+01,4.549295497430529167e+01,-2.087444479895059213e-01,-4.783163669388157402e-01
1.257000000000000117e+00,4.533157894736842763e+01,4.554265245412668861e+01,-2.110735067582666380e-01,-4.768002620352289611e-01
1.258000000000000007e+00,4.537894736842105203e+01,4.559234102944151346e+01,-2.133936610204617002e-01,-4.752829019718189940e-01
1.259000000000000119e+00,4.542631578947369064e+01,4.564202072018849066e+01,-2.157049307147975714e-01,-4.737643282536909695e-01
1.260000000000000009e+00,4.547368421052631504e+01,4.569169154632022867e+01,-2.180073357939115442e-01,-4.722445820546861128e-01
1.261000000000000121e+00,4.552105263157895365e+01,4.574135352780268704e+01,-2.203008962237292534e-01,-4.707237042194192256e-01
1.262000000000000011e+00,4.556842105263158516e+01,4.579100668461464352e+01,-2.225856319830639418e-01,-4.692017352652504414e-01
1.263000000000000123e+00,4.561578947368422376e+01,4.584065103674721797e+01,-2.248615630629931528e-01,-4.676787153843031675e-01
1.264000000000000012e+00,4.566315789473684816e+01,4.589028660420329686e+01,-2.271287094664450612e-01,-4.661546844454091953e-01
1.265000000000000124e+00,4.571052631578947256e+01,4.593991340699707848e+01,-2.293870912076007018e-01,-4.646296819961177604e-01
1.266000000000000014e+00,4.575789473684210407e+01,4.598953146515356138e+01,-2.316367283114613707e-01,-4.631037472646122310e-01
1.267000000000000126e+00,4.580526315789474268e+01,4.603914079870803988e+01,-2.338776408132951512e-01,-4.615769191616818645e-01
1.268000000000000016e+00,4.585263157894736707e+01,4.608874142770558535e+01,-2.361098487582171390e-01,-4.600492362826420489e-01
1.269000000000000128e+00,4.590000000000000568e+01,4.613833337220060571e+01,-2.383333722005978594e-01,-4.585207369092811902e-01
1.270000000000000018e+00,4.594736842105263719e+01,4.618791665225632670e+01,-2.405482312036943127e-01,-4.569914590117543085e-01
1.271000000000000130e+00,4.599473684210527580e+01,4.623749128794431584e+01,-2.427544458390392956e-01,-4.554614402505245963e-01
1.272000000000000020e+00,4.604210526315790020e+01,4.628705729934398505e+01,-2.449520361860851314e-01,-4.539307179782072765e-01
1.273000000000000131e+00,4.608947368421052460e+01,4.633661470654215719e+01,-2.471410223316313215e-01,-4.523993292415093848e-01
1.274000000000000021e+00,4.613684210526315610e+01,4.638616352963256162e+01,-2.493214243694108767e-01,-4.508673107830629689e-01
1.275000000000000133e+00,4.618421052631579471e+01,4.643570378871539361e+01,-2.514932623996007366e-01,-4.493346990433151333e-01
1.276000000000000023e+00,4.623157894736841911e+01,4.648523550389681702e+01,-2.536565565283953050e-01,-4.478015301623736732e-01
1.277000000000000135e+00,4.627894736842105772e+01,4.653475869528853082e+01,-2.558113268674723217e-01,-4.462678399818704733e-01
1.278000000000000025e+00,4.632631578947368212e+01,4.658427338300731435e+01,-2.579575935336302916e-01,-4.447336640467698388e-01
1.279000000000000137e+00,4.637368421052632783e+01,4.663377958717456551e+01,-2.600953766482412832e-01,-4.431990376072283411e-01
1.280000000000000027e+00,4.642105263157895223e+01,4.668327732791585305e+01,-2.622246963369011530e-01,-4.416639956203765038e-01
1.280999999999999917e+00,4.646842105263157663e+01,4.673276662536048320e+01,-2.643455727289079071e-01,-4.401285727521573321e-01
1.282000000000000028e+00,4.651578947368421524e+01,4.678224749964105911e+01,-2.664580259568419263e-01,-4.385928033791026692e-01
1.282999999999999918e+00,4.656315789473684674e+01,4.683171997089301897e+01,-2.685620761561778314e-01,-4.370567215901273173e-01
1.284000000000000030e+00,4.661052631578947114e+01,4.688118405925423815e+01,-2.706577434647693403e-01,-4.355203611883231574e-01
1.284999999999999920e+00,4.665789473684209554e+01,4.693063978486458154e+01,-2.727450480224866691e-01,-4.339837556926982032e-01
1.286000000000000032e+00,4.670526315789473415e+01,4.698008716786548433e+01,-2.748240099707457418e-01,-4.324469383399618394e-01
1.286999999999999922e+00,4.675263157894736565e+01,4.702952622839951857e+01,-2.768946494521520307e-01,-4.309099420862532170e-01
1.288000000000000034e+00,4.680000000000000426e+01,4.707895698660998818e+01,-2.789569866099853024e-01,-4.293727996089140575e-01
1.288999999999999924e+00,4.684736842105262866e+01,4.712837946264050970e+01,-2.810110415878814827e-01,-4.278355433081850734e-01
1.290000000000000036e+00,4.689473684210526727e+01,4.717779367663461443e+01,-2.830568345293429378e-01,-4.262982053089539036e-01
1.290999999999999925e+00,4.694210526315789167e+01,4.722719964873529364e+01,-2.850943855774013547e-01,-4.247608174624497579e-01
1.292000000000000037e+00,4.698947368421053739e+01,4.727659739908467174e+01,-2.871237148741342393e-01,-4.232234113479700355e-01
1.292999999999999927e+00,4.703684210526314757e+01,4.732598694782352311e+01,-2.891448425603722616e-01,-4.216860182745376662e-01
1.294000000000000039e+00,4.708421052631578618e+01,4.737536831509093815e+01,-2.911577887751523042e-01,-4.201486692826437164e-01
1.294999999999999929e+00,4.713157894736841769e+01,4.742474152102390406e+01,-2.931625736554885342e-01,-4.186113951458549920e-01
1.296000000000000041e+00,4.717894736842105630e+01,4.747410658575690690e+01,-2.951592173358503768e-01,-4.170742263725388810e-01
1.296999999999999931e+00,4.722631578947368070e+01,4.752346352942154795e+01,-2.971477399478705261e-01,-4.155371932074887198e-01
1.298000000000000043e+00,4.727368421052631930e+01,4.757281237214619551e+01,-2.991281616198736559e-01,-4.140003256335953452e-01
1.298999999999999932e+00,4.732105263157894370e+01,4.762215313405554440e+01,-3.011005024765969762e-01,-4.124636533734653554e-01
1.300000000000000044e+00,4.736842105263158231e+01,4.767148583527028194e+01,-3.030647826387000143e-01,-4.109272058910837799e-01
1.300999999999999934e+00,4.741578947368421382e+01,4.772081049590671142e+01,-3.050210222224978285e-01,-4.093910123934039191e-01
1.302000000000000046e+00,4.746315789473683822e+01,4.777012713607634709e+01,-3.069692413395091468e-01,-4.078551018319869215e-01
1.302999999999999936e+00,4.751052631578946261e+01,4.781943577588560146e+01,-3.089094600961383441e-01,-4.063195029045933993e-01
1.304000000000000048e+00,4.755789473684210122e+01,4.786873643543538748e+01,-3.108416985932811460e-01,-4.047842440567821498e-01
1.304999999999999938e+00,4.760526315789473273e+01,4.791802913482074189e+01,-3.127659769260127121e-01,-4.032493534834982185e-01
1.306000000000000050e+00,4.765263157894737134e+01,4.796731389413051971e+01,-3.146823151831489862e-01,-4.017148591306716199e-01
1.306999999999999940e+00,4.769999999999999574e+01,4.801659073344698925e+01,-3.165907334469921786e-01,-4.001807886967574390e-01
1.308000000000000052e+00,4.774736842105263435e+01,4.806585967284551231e+01,-3.184912517928789599e-01,-3.986471696343327764e-01
1.308999999999999941e+00,4.779473684210526585e+01,4.811512073239418896e+01,-3.203838902889262763e-01,-3.971140291516155330e-01
1.310000000000000053e+00,4.784210526315790446e+01,4.816437393215349516e+01,-3.222686689955920891e-01,-3.955813942140489203e-01
1.310999999999999943e+00,4.788947368421052886e+01,4.821361929217597009e+01,-3.241456079654405076e-01,-3.940492915457953771e-01
1.312000000000000055e+00,4.793684210526315326e+01,4.826285683250586089e+01,-3.260147272427024179e-01,-3.925177476313139735e-01
1.312999999999999945e+00,4.798421052631578476e+01,4.831208657317878163e+01,-3.278760468630020353e-01,-3.909867887168454459e-01
1.314000000000000057e+00,4.803157894736842337e+01,4.836130853422140774e+01,-3.297295868529882545e-01,-3.894564408119363108e-01
1.314999999999999947e+00,4.807894736842104777e+01,4.841052273565110653e+01,-3.315753672300608135e-01,-3.879267296909381102e-01
1.316000000000000059e+00,4.812631578947368638e+01,4.845972919747565300e+01,-3.334134080019632851e-01,-3.863976808945226438e-01
1.316999999999999948e+00,4.817368421052631788e+01,4.850892793969286743e+01,-3.352437291665540942e-01,-3.848693197311474634e-01
1.318000000000000060e+00,4.822105263157895649e+01,4.855811898229033119e+01,-3.370663507113739743e-01,-3.833416712785622238e-01
1.318999999999999950e+00,4.826842105263158089e+01,4.860730234524503857e+01,-3.388812926134550096e-01,-3.818147603852457550e-01
1.320000000000000062e+00,4.831578947368421950e+01,4.865647804852309832e+01,-3.406885748388819302e-01,-3.802886116719106369e-01
1.320999999999999952e+00,4.836315789473683679e+01,4.870564611207944239e+01,-3.424882173426074261e-01,-3.787632495329225080e-01
1.322000000000000064e+00,4.841052631578947540e+01,4.875480655585745637e+01,-3.442802400679816355e-01,-3.772386981377886528e-01
1.322999999999999954e+00,4.845789473684209980e+01,4.880395939978873088e+01,-3.460646629466310742e-01,-3.757149814325400072e-01
1.324000000000000066e+00,4.850526315789473841e+01,4.885310466379274885e+01,-3.478415058980071084e-01,-3.741921231412250748e-01
1.324999999999999956e+00,4.855263157894736281e+01,4.890224236777655165e+01,-3.496107888291887789e-01,-3.726701467672954848e-01
1.326000000000000068e+00,4.860000000000000142e+01,4.895137253163449742e+01,-3.513725316344947225e-01,-3.711490755950501708e-01
1.326999999999999957e+00,4.864736842105263293e+01,4.900049517524791298e+01,-3.531267541952797240e-01,-3.696289326910155992e-01
1.328000000000000069e+00,4.869473684210527153e+01,4.904961031848482378e+01,-3.548734763795527436e-01,-3.681097409053775138e-01
1.328999999999999959e+00,4.874210526315789593e+01,4.909871798119967679e+01,-3.566127180417801856e-01,-3.665915228733434006e-01
1.330000000000000071e+00,4.878947368421052744e+01,4.914781818323304918e+01,-3.583444990225229110e-01,-3.650743010165653502e-01
1.330999999999999961e+00,4.883684210526315184e+01,4.919691094441133572e+01,-3.600688391481819961e-01,-3.635580975444900886e-01
1.332000000000000073e+00,4.888421052631579045e+01,4.924599628454650713e+01,-3.617857582307188458e-01,-3.620429344557338780e-01
1.332999999999999963e+00,4.893157894736841484e+01,4.929507422343582590e+01,-3.634952760674069472e-01,-3.605288335394520871e-01
1.334000000000000075e+00,4.897894736842105345e+01,4.934414478086154077e+01,-3.651974124404822053e-01,-3.590158163767069865e-01
1.334999999999999964e+00,4.902631578947368496e+01,4.939320797659064510e+01,-3.668921871169648075e-01,-3.575039043417875817e-01
1.336000000000000076e+00,4.907368421052632357e+01,4.944226383037460693e+01,-3.685796198482837460e-01,-3.559931186035916184e-01
1.336999999999999966e+00,4.912105263157894797e+01,4.949131236194906336e+01,-3.702597303701180009e-01,-3.544834801269134417e-01
1.338000000000000078e+00,4.916842105263158658e+01,4.954035359103361458e+01,-3.719325384020274461e-01,-3.529750096738153431e-01
1.338999999999999968e+00,4.921578947368421808e+01,4.958938753733151117e+01,-3.735980636472938099e-01,-3.514677278049012088e-01
1.340000000000000080e+00,4.926315789473684248e+01,4.963841422052941255e+01,-3.752563257925710660e-01,-3.499616548806736560e-01
1.340999999999999970e+00,4.931052631578946688e+01,4.968743366029714537e+01,-3.769073445076752127e-01,-3.484568110628094573e-01
1.342000000000000082e+00,4.935789473684210549e+01,4.973644587628742642e+01,-3.785511394453171530e-01,-3.469532163154651627e-01
1.342999999999999972e+00,4.940526315789473699e+01,4.978545088813562103e+01,-3.801877302408866455e-01,-3.454508904065614061e-01
1.344000000000000083e+00,4.945263157894737560e+01,4.983444871545948729e+01,-3.818171365121149630e-01,-3.439498529090974088e-01
1.344999999999999973e+00,4.950000000000000000e+01,4.988343937785894866e+01,-3.834393778589476054e-01,-3.424501232023748898e-01
1.346000000000000085e+00,4.954736842105263861e+01,4.993242289491580976e+01,-3.850544738631692110e-01,-3.409517204733250040e-01
1.346999999999999975e+00,4.959473684210526301e+01,4.998139928619356454e+01,-3.866624440882953651e-01,-3.394546637177198178e-01
1.348000000000000087e+00,4.964210526315790162e+01,5.003036857123710490e+01,-3.882633080791971225e-01,-3.379589717414672734e-01
1.348999999999999977e+00,4.968947368421051891e+01,5.007933076957252894e+01,-3.898570853620120791e-01,-3.364646631618244399e-01
1.350000000000000089e+00,4.973684210526315752e+01,5.012828590070689216e+01,-3.914437954437309797e-01,-3.349717564086871491e-01
1.350999999999999979e+00,4.978421052631578192e+01,5.017723398412794467e+01,-3.930234578121594158e-01,-3.334802697257552850e-01
1.352000000000000091e+00,4.983157894736842763e+01,5.022617503930393923e+01,-3.945960919355170904e-01,-3.319902211718366303e-01
1.352999999999999980e+00,4.987894736842105203e+01,5.027510908568340398e+01,-3.961617172623551619e-01,-3.305016286219997212e-01
1.354000000000000092e+00,4.992631578947369064e+01,5.032403614269488656e+01,-3.977203532211937564e-01,-3.290145097688492726e-01
1.354999999999999982e+00,4.997368421052631504e+01,5.037295622974674814e+01,-3.992720192204327057e-01,-3.275288821236843617e-01
1.356000000000000094e+00,5.002105263157895365e+01,5.042186936622695725e+01,-4.008167346480018267e-01,-3.260447630177383260e-01
1.356999999999999984e+00,5.006842105263158516e+01,5.047077557150284122e+01,-4.023545188712590037e-01,-3.245621696033351711e-01
1.358000000000000096e+00,5.011578947368420955e+01,5.051967486492089421e+01,-4.038853912366852095e-01,-3.230811188551152568e-01
1.358999999999999986e+00,5.016315789473683395e+01,5.056856726580656414e+01,-4.054093710697249664e-01,-3.216016275711846006e-01
1.360000000000000098e+00,5.021052631578947256e+01,5.061745279346401105e+01,-4.069264776745323831e-01,-3.201237123743068125e-01
1.360999999999999988e+00,5.025789473684210407e+01,5.066633146717592950e+01,-4.084367303338243826e-01,-3.186473897130595034e-01
1.362000000000000099e+00,5.030526315789474268e+01,5.071520330620333539e+01,-4.099401483085949316e-01,-3.171726758630137866e-01
1.362999999999999989e+00,5.035263157894736707e+01,5.076406832978535988e+01,-4.114367508379938587e-01,-3.156995869278675926e-01
1.364000000000000101e+00,5.040000000000000568e+01,5.081292655713903628e+01,-4.129265571390279277e-01,-3.142281388406180653e-01
1.364999999999999991e+00,5.044736842105263719e+01,5.086177800745910105e+01,-4.144095864064654688e-01,-3.127583473646735612e-01
1.366000000000000103e+00,5.049473684210527580e+01,5.091062269991780909e+01,-4.158858578125375627e-01,-3.112902280950224920e-01
1.366999999999999993e+00,5.054210526315790020e+01,5.095946065366474187e+01,-4.173553905068421721e-01,-3.098237964593293370e-01
1.368000000000000105e+00,5.058947368421052460e+01,5.100829188782658008e+01,-4.188182036160520982e-01,-3.083590677190946039e-01
1.368999999999999995e+00,5.063684210526315610e+01,5.105711642150694729e+01,-4.202743162437937441e-01,-3.068960569707384067e-01
1.370000000000000107e+00,5.068421052631579471e+01,5.110593427378619680e+01,-4.217237474704053635e-01,-3.054347791467284523e-01
1.370999999999999996e+00,5.073157894736841911e+01,5.115474546372124109e+01,-4.231665163528229301e-01,-3.039752490166671706e-01
1.372000000000000108e+00,5.077894736842105772e+01,5.120355001034536002e+01,-4.246026419242997507e-01,-3.025174811884250303e-01
1.372999999999999998e+00,5.082631578947368212e+01,5.125234793266800182e+01,-4.260321431943179249e-01,-3.010614901091903661e-01
1.374000000000000110e+00,5.087368421052632783e+01,5.130113924967463390e+01,-4.274550391483079581e-01,-2.996072900665938121e-01
1.375000000000000000e+00,5.092105263157895223e+01,5.134992398032652261e+01,-4.288713487475728781e-01,-2.981548951897510236e-01
1.376000000000000112e+00,5.096842105263159084e+01,5.139870214356060529e+01,-4.302810909290142871e-01,-2.967043194503693471e-01
1.377000000000000002e+00,5.101578947368420103e+01,5.144747375828926295e+01,-4.316842846050564786e-01,-2.952555766637887658e-01
1.378000000000000114e+00,5.106315789473684674e+01,5.149623884340018520e+01,-4.330809486633406258e-01,-2.938086804900725824e-01
1.379000000000000004e+00,5.111052631578947114e+01,5.154499741775618560e+01,-4.344711019667124585e-01,-2.923636444350199426e-01
1.380000000000000115e+00,5.115789473684210975e+01,5.159374950019501682e+01,-4.358547633529103460e-01,-2.909204818512636237e-01
1.381000000000000005e+00,5.120526315789473415e+01,5.164249510952924993e+01,-4.372319516345144486e-01,-2.894792059392790051e-01
1.382000000000000117e+00,5.125263157894737276e+01,5.169123426454603987e+01,-4.386026855986668860e-01,-2.880398297484481063e-01
1.383000000000000007e+00,5.130000000000000426e+01,5.173996698400703309e+01,-4.399669840070272175e-01,-2.866023661780650045e-01
1.384000000000000119e+00,5.134736842105264287e+01,5.178869328664813310e+01,-4.413248655954924438e-01,-2.851668279783892146e-01
1.385000000000000009e+00,5.139473684210526727e+01,5.183741319117942226e+01,-4.426763490741525420e-01,-2.837332277516368961e-01
1.386000000000000121e+00,5.144210526315789167e+01,5.188612671628492734e+01,-4.440214531270297305e-01,-2.823015779530289038e-01
1.387000000000000011e+00,5.148947368421052317e+01,5.193483388062250583e+01,-4.453601964119828227e-01,-2.808718908917713364e-01
1.388000000000000123e+00,5.153684210526316178e+01,5.198353470282369670e+01,-4.466925975605358645e-01,-2.794441787320662840e-01
1.389000000000000012e+00,5.158421052631578618e+01,5.203222920149353570e+01,-4.480186751777505694e-01,-2.780184534941136931e-01
1.390000000000000124e+00,5.163157894736842479e+01,5.208091739521044161e+01,-4.493384478420164863e-01,-2.765947270551096793e-01
1.391000000000000014e+00,5.167894736842105630e+01,5.212959930252603158e+01,-4.506519341049810556e-01,-2.751730111502181941e-01
1.392000000000000126e+00,5.172631578947369491e+01,5.217827494196500737e+01,-4.519591524913144087e-01,-2.737533173735657854e-01
1.393000000000000016e+00,5.177368421052631930e+01,5.222694433202498487e+01,-4.532601214986645144e-01,-2.723356571791955005e-01
1.394000000000000128e+00,5.182105263157895791e+01,5.227560749117635908e+01,-4.545548595974029382e-01,-2.709200418820740808e-01
1.395000000000000018e+00,5.186842105263158231e+01,5.232426443786218329e+01,-4.558433852305994183e-01,-2.695064826590085616e-01
1.396000000000000130e+00,5.191578947368421382e+01,5.237291519049799149e+01,-4.571257168137801141e-01,-2.680949905496516905e-01
1.397000000000000020e+00,5.196315789473683822e+01,5.242155976747168467e+01,-4.584018727348447286e-01,-2.666855764574185272e-01
1.398000000000000131e+00,5.201052631578947683e+01,5.247019818714338868e+01,-4.596718713539141854e-01,-2.652782511504492291e-01
1.399000000000000021e+00,5.205789473684210122e+01,5.251883046784533349e+01,-4.609357310032284882e-01,-2.638730252625451911e-01
1.400000000000000133e+00,5.210526315789474694e+01,5.256745662788168261e+01,-4.621934699869372221e-01,-2.624699092941282785e-01
1.401000000000000023e+00,5.215263157894737134e+01,5.261607668552844075e+01,-4.634451065810736292e-01,-2.610689136131290056e-01
1.402000000000000135e+00,5.220000000000000995e+01,5.266469065903333302e+01,-4.646906590333195752e-01,-2.596700484559653077e-01
1.403000000000000025e+00,5.224736842105263435e+01,5.271329856661560598e+01,-4.659301455629673572e-01,-2.582733239284200621e-01
1.404000000000000137e+00,5.229473684210526585e+01,5.276190042646599210e+01,-4.671635843607286898e-01,-2.568787500065896623e-01
1.405000000000000027e+00,5.234210526315789025e+01,5.281049625674652503e+01,-4.683909935886331755e-01,-2.554863365377668671e-01
1.406000000000000139e+00,5.238947368421052886e+01,5.285908607559043304e+01,-4.696123913799072347e-01,-2.540960932413591777e-01
1.407000000000000028e+00,5.243684210526315326e+01,5.290766990110203949e+01,-4.708277958388851214e-01,-2.527080297097823447e-01
1.407999999999999918e+00,5.248421052631578476e+01,5.295624775135660656e+01,-4.720372250408244597e-01,-2.513221554093751919e-01
1.409000000000000030e+00,5.253157894736842337e+01,5.300481964440023575e+01,-4.732406970318108752e-01,-2.499384796812718079e-01
1.409999999999999920e+00,5.257894736842104777e+01,5.305338559824974709e+01,-4.744382298287007083e-01,-2.485570117422719605e-01
1.411000000000000032e+00,5.262631578947368638e+01,5.310194563089259390e+01,-4.756298414189045753e-01,-2.471777606857612497e-01
1.411999999999999922e+00,5.267368421052631788e+01,5.315049976028669221e+01,-4.768155497603813742e-01,-2.458007354825459956e-01
1.413000000000000034e+00,5.272105263157895649e+01,5.319904800436037107e+01,-4.779953727814152398e-01,-2.444259449817574037e-01
1.413999999999999924e+00,5.276842105263158089e+01,5.324759038101219488e+01,-4.791693283806158221e-01,-2.430533979116793475e-01
1.415000000000000036e+00,5.281578947368420529e+01,5.329612690811092790e+01,-4.803374344267209994e-01,-2.416831028806454285e-01
1.415999999999999925e+00,5.286315789473683679e+01,5.334465760349537078e+01,-4.814997087585396462e-01,-2.403150683778596530e-01
1.417000000000000037e+00,5.291052631578947540e+01,5.339318248497428954e+01,-4.826561691848179625e-01,-2.389493027742686238e-01
1.417999999999999927e+00,5.295789473684209980e+01,5.344170157032628055e+01,-4.838068334841823526e-01,-2.375858143233893216e-01
1.419000000000000039e+00,5.300526315789473841e+01,5.349021487729970659e+01,-4.849517194049676183e-01,-2.362246111621706390e-01
1.419999999999999929e+00,5.305263157894736281e+01,5.353872242361256184e+01,-4.860908446651978632e-01,-2.348657013118087278e-01
1.421000000000000041e+00,5.310000000000000142e+01,5.358722422695239374e+01,-4.872242269523893166e-01,-2.335090926785943211e-01
1.421999999999999931e+00,5.314736842105263293e+01,5.363572030497618925e+01,-4.883518839235566622e-01,-2.321547930547191996e-01
1.423000000000000043e+00,5.319473684210527153e+01,5.368421067531028967e+01,-4.894738332050158625e-01,-2.308028101191164083e-01
1.423999999999999932e+00,5.324210526315789593e+01,5.373269535555029108e+01,-4.905900923923905976e-01,-2.294531514382560644e-01
1.425000000000000044e+00,5.328947368421052744e+01,5.378117436326095202e+01,-4.917006790504276914e-01,-2.281058244669749158e-01
1.425999999999999934e+00,5.333684210526315184e+01,5.382964771597610110e+01,-4.928056107129525354e-01,-2.267608365492757017e-01
1.427000000000000046e+00,5.338421052631579045e+01,5.387811543119855884e+01,-4.939049048827675592e-01,-2.254181949191194079e-01
1.427999999999999936e+00,5.343157894736841484e+01,5.392657752640000268e+01,-4.949985790315882261e-01,-2.240779067012317327e-01
1.429000000000000048e+00,5.347894736842105345e+01,5.397503401902095277e+01,-4.960866505998972054e-01,-2.227399789119024476e-01
1.429999999999999938e+00,5.352631578947368496e+01,5.402348492647060851e+01,-4.971691369969248320e-01,-2.214044184597581122e-01
1.431000000000000050e+00,5.357368421052632357e+01,5.407193026612682019e+01,-4.982460556004967289e-01,-2.200712321465614352e-01
1.431999999999999940e+00,5.362105263157894797e+01,5.412037005533597522e+01,-4.993174237570273122e-01,-2.187404266679697784e-01
1.433000000000000052e+00,5.366842105263157237e+01,5.416880431141292718e+01,-5.003832587813545896e-01,-2.174120086143380703e-01
1.433999999999999941e+00,5.371578947368420387e+01,5.421723305164091755e+01,-5.014435779567143481e-01,-2.160859844714559941e-01
1.435000000000000053e+00,5.376315789473684248e+01,5.426565629327146922e+01,-5.024983985346261894e-01,-2.147623606213384662e-01
1.435999999999999943e+00,5.381052631578946688e+01,5.431407405352435092e+01,-5.035477377348801520e-01,-2.134411433429592719e-01
1.437000000000000055e+00,5.385789473684210549e+01,5.436248634958746351e+01,-5.045916127453592415e-01,-2.121223388130468734e-01
1.437999999999999945e+00,5.390526315789473699e+01,5.441089319861680451e+01,-5.056300407220707394e-01,-2.108059531067967285e-01
1.439000000000000057e+00,5.395263157894737560e+01,5.445929461773632596e+01,-5.066630387889556886e-01,-2.094919921986546640e-01
1.439999999999999947e+00,5.400000000000000000e+01,5.450769062403793441e+01,-5.076906240379333024e-01,-2.081804619630238662e-01
1.441000000000000059e+00,5.404736842105263861e+01,5.455608123458137015e+01,-5.087128135287292130e-01,-2.068713681750304900e-01
1.441999999999999948e+00,5.409473684210526301e+01,5.460446646639415746e+01,-5.097296242888944562e-01,-2.055647165112395314e-01
1.443000000000000060e+00,5.414210526315789451e+01,5.465284633647154777e+01,-5.107410733136531489e-01,-2.042605125504115549e-01
1.443999999999999950e+00,5.418947368421051891e+01,5.470122086177639886e+01,-5.117471775658765099e-01,-2.029587617741990258e-01
1.445000000000000062e+00,5.423684210526315752e+01,5.474959005923916777e+01,-5.127479539760070315e-01,-2.016594695678763927e-01
1.445999999999999952e+00,5.428421052631578192e+01,5.479795394575781842e+01,-5.137434194420328337e-01,-2.003626412210577357e-01
1.447000000000000064e+00,5.433157894736842763e+01,5.484631253819775765e+01,-5.147335908293347861e-01,-1.990682819284304017e-01
1.447999999999999954e+00,5.437894736842105203e+01,5.489466585339177129e+01,-5.157184849707187047e-01,-1.977763967904300202e-01
1.449000000000000066e+00,5.442631578947369064e+01,5.494301390813995312e+01,-5.166981186662624737e-01,-1.964869908139759147e-01
1.449999999999999956e+00,5.447368421052631504e+01,5.499135671920967638e+01,-5.176725086833605660e-01,-1.952000689131372368e-01
1.451000000000000068e+00,5.452105263157895365e+01,5.503969430333549440e+01,-5.186416717565396350e-01,-1.939156359098737070e-01
1.451999999999999957e+00,5.456842105263158516e+01,5.508802667721910495e+01,-5.196056245875220192e-01,-1.926336965346804320e-01
1.453000000000000069e+00,5.461578947368420955e+01,5.513635385752928642e+01,-5.205643838450795258e-01,-1.913542554273179874e-01
1.453999999999999959e+00,5.466315789473683395e+01,5.518467586090184085e+01,-5.215179661650080067e-01,-1.900773171374678938e-01
1.455000000000000071e+00,5.471052631578947256e+01,5.523299270393955140e+01,-5.224663881500763996e-01,-1.888028861254200663e-01
1.455999999999999961e+00,5.475789473684210407e+01,5.528130440321210415e+01,-5.234096663700015251e-01,-1.875309667627496069e-01
1.457000000000000073e+00,5.480526315789474268e+01,5.532961097525604544e+01,-5.243478173613010940e-01,-1.862615633330078069e-01
1.457999999999999963e+00,5.485263157894736707e+01,5.537791243657473927e+01,-5.252808576273710894e-01,-1.849946800323492013e-01
1.459000000000000075e+00,5.490000000000000568e+01,5.542620880363831759e+01,-5.262088036383131273e-01,-1.837303209702438878e-01
1.459999999999999964e+00,5.494736842105263719e+01,5.547450009288361628e+01,-5.271316718309791982e-01,-1.824684901700921458e-01
1.461000000000000076e+00,5.499473684210526159e+01,5.552278632071411835e+01,-5.280494786088576475e-01,-1.812091915699172162e-01
1.461999999999999966e+00,5.504210526315788599e+01,5.557106750349994684e+01,-5.289622403420597418e-01,-1.799524290229923551e-01
1.463000000000000078e+00,5.508947368421052460e+01,5.561934365757778664e+01,-5.298699733672564971e-01,-1.786982062985034148e-01
1.463999999999999968e+00,5.513684210526315610e+01,5.566761479925082767e+01,-5.307726939876723504e-01,-1.774465270821812268e-01
1.465000000000000080e+00,5.518421052631579471e+01,5.571588094478875774e+01,-5.316704184729639238e-01,-1.761973949769624070e-01
1.465999999999999970e+00,5.523157894736841911e+01,5.576414211042769864e+01,-5.325631630592776444e-01,-1.749508135035986456e-01
1.467000000000000082e+00,5.527894736842105772e+01,5.581239831237016347e+01,-5.334509439491034177e-01,-1.737067861013246173e-01
1.467999999999999972e+00,5.532631578947368212e+01,5.586064956678501403e+01,-5.343337773113252531e-01,-1.724653161284495084e-01
1.469000000000000083e+00,5.537368421052632783e+01,5.590889588980741820e+01,-5.352116792810942547e-01,-1.712264068630142688e-01
1.469999999999999973e+00,5.542105263157895223e+01,5.595713729753884280e+01,-5.360846659598922370e-01,-1.699900615033866913e-01
1.471000000000000085e+00,5.546842105263157663e+01,5.600537380604696835e+01,-5.369527534153913928e-01,-1.687562831689080056e-01
1.471999999999999975e+00,5.551578947368420103e+01,5.605360543136568197e+01,-5.378159576814742771e-01,-1.675250749004844053e-01
1.473000000000000087e+00,5.556315789473684674e+01,5.610183218949502759e+01,-5.386742947581817376e-01,-1.662964396612016671e-01
1.473999999999999977e+00,5.561052631578947114e+01,5.615005409640117762e+01,-5.395277806117075858e-01,-1.650703803369326650e-01
1.475000000000000089e+00,5.565789473684210975e+01,5.619827116801640443e+01,-5.403764311742963455e-01,-1.638468997369555424e-01
1.475999999999999979e+00,5.570526315789473415e+01,5.624648342023904490e+01,-5.412202623443065352e-01,-1.626260005945256992e-01
1.477000000000000091e+00,5.575263157894737276e+01,5.629469086893345064e+01,-5.420592899860716685e-01,-1.614076855675099509e-01
1.477999999999999980e+00,5.580000000000000426e+01,5.634289352992997379e+01,-5.428935299299691986e-01,-1.601919572389371993e-01
1.479000000000000092e+00,5.584736842105264287e+01,5.639109141902493860e+01,-5.437229979722939532e-01,-1.589788181176219339e-01
1.479999999999999982e+00,5.589473684210526727e+01,5.643928455198060590e+01,-5.445477098753342959e-01,-1.577682706387166789e-01
1.481000000000000094e+00,5.594210526315789167e+01,5.648747294452513756e+01,-5.453676813672447832e-01,-1.565603171643337177e-01
1.481999999999999984e+00,5.598947368421052317e+01,5.653565661235260364e+01,-5.461829281420843563e-01,-1.553549599840868822e-01
1.483000000000000096e+00,5.603684210526316178e+01,5.658383557112290418e+01,-5.469934658597404020e-01,-1.541522013156884086e-01
1.483999999999999986e+00,5.608421052631578618e+01,5.663200983646176923e+01,-5.477993101459852632e-01,-1.529520433054978312e-01
1.485000000000000098e+00,5.613157894736842479e+01,5.668017942396075881e+01,-5.486004765923306881e-01,-1.517544880291330500e-01
1.485999999999999988e+00,5.617894736842105630e+01,5.672834434917718482e+01,-5.493969807561289720e-01,-1.505595374919783680e-01
1.487000000000000099e+00,5.622631578947369491e+01,5.677650462763413231e+01,-5.501888381604399525e-01,-1.493671936297973346e-01
1.487999999999999989e+00,5.627368421052631930e+01,5.682466027482043103e+01,-5.509760642941132769e-01,-1.481774583092478892e-01
1.489000000000000101e+00,5.632105263157894370e+01,5.687281130619061997e+01,-5.517586746116739382e-01,-1.469903333284756641e-01
1.489999999999999991e+00,5.636842105263157521e+01,5.692095773716492602e+01,-5.525366845333544719e-01,-1.458058204176326811e-01
1.491000000000000103e+00,5.641578947368421382e+01,5.696909958312927102e+01,-5.533101094450563195e-01,-1.446239212394404561e-01
1.491999999999999993e+00,5.646315789473683822e+01,5.701723685943520792e+01,-5.540789646983689254e-01,-1.434446373897229066e-01
1.493000000000000105e+00,5.651052631578947683e+01,5.706536958139995619e+01,-5.548432656104813621e-01,-1.422679703979712329e-01
1.493999999999999995e+00,5.655789473684210122e+01,5.711349776430635217e+01,-5.556030274642448363e-01,-1.410939217278484037e-01
1.495000000000000107e+00,5.660526315789474694e+01,5.716162142340282060e+01,-5.563582655080783201e-01,-1.399224927777558136e-01
1.495999999999999996e+00,5.665263157894737134e+01,5.720974057390341727e+01,-5.571089949560442678e-01,-1.387536848813377688e-01
1.497000000000000108e+00,5.670000000000000995e+01,5.725785523098773666e+01,-5.578552309877278237e-01,-1.375874993080357100e-01
1.497999999999999998e+00,5.674736842105263435e+01,5.730596540980096876e+01,-5.585969887483325236e-01,-1.364239372635784875e-01
1.499000000000000110e+00,5.679473684210526585e+01,5.735407112545383512e+01,-5.593342833485719368e-01,-1.352629998905454656e-01
1.500000000000000000e+00,5.684210526315789025e+01,5.740217239302259600e+01,-5.600671298647076357e-01,-1.341046882688461395e-01
1.501000000000000112e+00,5.688947368421052886e+01,5.745026922754906451e+01,-5.607955433385370947e-01,-1.329490034162512657e-01
1.502000000000000002e+00,5.693684210526315326e+01,5.749836164404056404e+01,-5.615195387774055691e-01,-1.317959462889026767e-01
1.503000000000000114e+00,5.698421052631579187e+01,5.754644965746989982e+01,-5.622391311541051762e-01,-1.306455177818426350e-01
1.504000000000000004e+00,5.703157894736842337e+01,5.759453328277542283e+01,-5.629543354070013494e-01,-1.294977187294756860e-01
1.505000000000000115e+00,5.707894736842106198e+01,5.764261253486094461e+01,-5.636651664398809602e-01,-1.283525499061228814e-01
1.506000000000000005e+00,5.712631578947368638e+01,5.769068742859576560e+01,-5.643716391220786610e-01,-1.272100120264658685e-01
1.507000000000000117e+00,5.717368421052632499e+01,5.773875797881467520e+01,-5.650737682883504309e-01,-1.260701057460993368e-01
1.508000000000000007e+00,5.722105263157895649e+01,5.778682420031793043e+01,-5.657715687389749393e-01,-1.249328316619680024e-01
1.509000000000000119e+00,5.726842105263158089e+01,5.783488610787125594e+01,-5.664650552396771621e-01,-1.237981903129066197e-01
1.510000000000000009e+00,5.731578947368420529e+01,5.788294371620585821e+01,-5.671542425216542505e-01,-1.226661821800982821e-01
1.511000000000000121e+00,5.736315789473684390e+01,5.793099704001838290e+01,-5.678391452815368945e-01,-1.215368076875682490e-01
1.512000000000000011e+00,5.741052631578947540e+01,5.797904609397093623e+01,-5.685197781814658180e-01,-1.204100672026511276e-01
1.513000000000000123e+00,5.745789473684211401e+01,5.802709089269109910e+01,-5.691961558489901929e-01,-1.192859610364989109e-01
1.514000000000000012e+00,5.750526315789473841e+01,5.807513145077188454e+01,-5.698682928771436895e-01,-1.181644894445232907e-01
1.515000000000000124e+00,5.755263157894737702e+01,5.812316778277177320e+01,-5.705362038243938505e-01,-1.170456526268948139e-01
1.516000000000000014e+00,5.760000000000000142e+01,5.817119990321469913e+01,-5.711999032146927169e-01,-1.159294507289869713e-01
1.517000000000000126e+00,5.764736842105263293e+01,5.821922782659002849e+01,-5.718594055374004448e-01,-1.148158838418735783e-01
1.518000000000000016e+00,5.769473684210525732e+01,5.826725156735263056e+01,-5.725147252473750115e-01,-1.137049520027497707e-01
1.519000000000000128e+00,5.774210526315789593e+01,5.831527113992280675e+01,-5.731658767649076003e-01,-1.125966551954311612e-01
1.520000000000000018e+00,5.778947368421052744e+01,5.836328655868629767e+01,-5.738128744757744482e-01,-1.114909933507925999e-01
1.521000000000000130e+00,5.783684210526316605e+01,5.841129783799434705e+01,-5.744557327311852202e-01,-1.103879663472318029e-01
1.522000000000000020e+00,5.788421052631579045e+01,5.845930499216365916e+01,-5.750944658478724936e-01,-1.092875740111027838e-01
1.523000000000000131e+00,5.793157894736842906e+01,5.850730803547639169e+01,-5.757290881079644151e-01,-1.081898161172061279e-01
1.524000000000000021e+00,5.797894736842105345e+01,5.855530698218020547e+01,-5.763596137591501245e-01,-1.070946923891815672e-01
1.525000000000000133e+00,5.802631578947369206e+01,5.860330184648825025e+01,-5.769860570145523004e-01,-1.060022024999929258e-01
1.526000000000000023e+00,5.807368421052632357e+01,5.865129264257913633e+01,-5.776084320528167559e-01,-1.049123460723526691e-01
1.527000000000000135e+00,5.812105263157894797e+01,5.869927938459701267e+01,-5.782267530180607018e-01,-1.038251226791677695e-01
1.528000000000000025e+00,5.816842105263157237e+01,5.874726208665150295e+01,-5.788410340199247051e-01,-1.027405318439553739e-01
1.529000000000000137e+00,5.821578947368421808e+01,5.879524076281776246e+01,-5.794512891335462657e-01,-1.016585730412939981e-01
1.530000000000000027e+00,5.826315789473684248e+01,5.884321542713647801e+01,-5.800575323996367549e-01,-1.005792456972391946e-01
1.531000000000000139e+00,5.831052631578948109e+01,5.889118609361387513e+01,-5.806597778243919317e-01,-9.950254918977652352e-02
1.532000000000000028e+00,5.835789473684210549e+01,5.893915277622171089e+01,-5.812580393796070721e-01,-9.842848284921412727e-02
1.533000000000000140e+00,5.840526315789474410e+01,5.898711548889732370e+01,-5.818523310025743855e-01,-9.735704595863747812e-02
1.534000000000000030e+00,5.845263157894737560e+01,5.903507424554358352e+01,-5.824426665962110228e-01,-9.628823775429484755e-02
1.535000000000000142e+00,5.850000000000001421e+01,5.908302906002897004e+01,-5.830290600289566028e-01,-9.522205742603961909e-02
1.536000000000000032e+00,5.854736842105263861e+01,5.913097994618755138e+01,-5.836115251349135447e-01,-9.415850411771220507e-02
1.536999999999999922e+00,5.859473684210526301e+01,5.917892691781901249e+01,-5.841900757137453715e-01,-9.309757692760012304e-02
1.538000000000000034e+00,5.864210526315789451e+01,5.922686998868864805e+01,-5.847647255307527603e-01,-9.203927490880570161e-02
1.538999999999999924e+00,5.868947368421051891e+01,5.927480917252737669e+01,-5.853354883168609968e-01,-9.098359706966707705e-02
1.540000000000000036e+00,5.873684210526315752e+01,5.932274448303181913e+01,-5.859023777686581669e-01,-8.993054237415254448e-02
1.540999999999999925e+00,5.878421052631578192e+01,5.937067593386420583e+01,-5.864654075484203588e-01,-8.888010974227267269e-02
1.542000000000000037e+00,5.883157894736842763e+01,5.941860353865248356e+01,-5.870245912840610369e-01,-8.783229805048708982e-02
1.542999999999999927e+00,5.887894736842105203e+01,5.946652731099029410e+01,-5.875799425692456168e-01,-8.678710613206863655e-02
1.544000000000000039e+00,5.892631578947369064e+01,5.951444726443700262e+01,-5.881314749633146377e-01,-8.574453277753146807e-02
1.544999999999999929e+00,5.897368421052631504e+01,5.956236341251770483e+01,-5.886792019913862362e-01,-8.470457673499698359e-02
1.546000000000000041e+00,5.902105263157894655e+01,5.961027576872323408e+01,-5.892231371442917531e-01,-8.366723671060061207e-02
1.546999999999999931e+00,5.906842105263157094e+01,5.965818434651022528e+01,-5.897632938786528944e-01,-8.263251136885596537e-02
1.548000000000000043e+00,5.911578947368420955e+01,5.970608915930110072e+01,-5.902996856168938322e-01,-8.160039933304918947e-02
1.548999999999999932e+00,5.916315789473683395e+01,5.975399022048409137e+01,-5.908323257472540835e-01,-8.057089918562621023e-02
1.550000000000000044e+00,5.921052631578947256e+01,5.980188754341326529e+01,-5.913612276237887322e-01,-7.954400946857109744e-02
1.550999999999999934e+00,5.925789473684210407e+01,5.984978114140853478e+01,-5.918864045664317119e-01,-7.851972868376311254e-02
1.552000000000000046e+00,5.930526315789474268e+01,5.989767102775569896e+01,-5.924078698609579474e-01,-7.749805529337994159e-02
1.552999999999999936e+00,5.935263157894736707e+01,5.994555721570646512e+01,-5.929256367590975962e-01,-7.647898772023342673e-02
1.554000000000000048e+00,5.940000000000000568e+01,5.999343971847845580e+01,-5.934397184784471202e-01,-7.546252434817812826e-02
1.554999999999999938e+00,5.944736842105263719e+01,6.004131854925521594e+01,-5.939501282025837492e-01,-7.444866352243995067e-02
1.556000000000000050e+00,5.949473684210526159e+01,6.008919372118629809e+01,-5.944568790810401682e-01,-7.343740355000694109e-02
1.556999999999999940e+00,5.954210526315788599e+01,6.013706524738721981e+01,-5.949599842293298302e-01,-7.242874269998278436e-02
1.558000000000000052e+00,5.958947368421052460e+01,6.018493314093951341e+01,-5.954594567289848150e-01,-7.142267920393319258e-02
1.558999999999999941e+00,5.963684210526315610e+01,6.023279741489077566e+01,-5.959553096276203332e-01,-7.041921125625361100e-02
1.560000000000000053e+00,5.968421052631579471e+01,6.028065808225464650e+01,-5.964475559388574544e-01,-6.941833701454047656e-02
1.560999999999999943e+00,5.973157894736841911e+01,6.032851515601089432e+01,-5.969362086424760960e-01,-6.842005459990918581e-02
1.562000000000000055e+00,5.977894736842105772e+01,6.037636864910537327e+01,-5.974212806843135493e-01,-6.742436209738311703e-02
1.562999999999999945e+00,5.982631578947368212e+01,6.042421857445008726e+01,-5.979027849764040337e-01,-6.643125755620271633e-02
1.564000000000000057e+00,5.987368421052632783e+01,6.047206494492322548e+01,-5.983807343969024251e-01,-6.544073899020208529e-02
1.564999999999999947e+00,5.992105263157895223e+01,6.051990777336919081e+01,-5.988551417902371332e-01,-6.445280437812161978e-02
1.566000000000000059e+00,5.996842105263157663e+01,6.056774707259858559e+01,-5.993260199670081834e-01,-6.346745166398992666e-02
1.566999999999999948e+00,6.001578947368420103e+01,6.061558285538828983e+01,-5.997933817040889126e-01,-6.248467875742580446e-02
1.568000000000000060e+00,6.006315789473684674e+01,6.066341513448148248e+01,-6.002572397446388486e-01,-6.150448353398996204e-02
1.568999999999999950e+00,6.011052631578947114e+01,6.071124392258762725e+01,-6.007176067981543355e-01,-6.052686383551186822e-02
1.570000000000000062e+00,6.015789473684210975e+01,6.075906923238256496e+01,-6.011744955404564328e-01,-5.955181747043791773e-02
1.570999999999999952e+00,6.020526315789473415e+01,6.080689107650849934e+01,-6.016279186137664103e-01,-5.857934221414584641e-02
1.572000000000000064e+00,6.025263157894737276e+01,6.085470946757406807e+01,-6.020778886266935359e-01,-5.760943580928934438e-02
1.572999999999999954e+00,6.030000000000000426e+01,6.090252441815431439e+01,-6.025244181543114586e-01,-5.664209596610181308e-02
1.574000000000000066e+00,6.034736842105262866e+01,6.095033594079075812e+01,-6.029675197381324514e-01,-5.567732036274630758e-02
1.574999999999999956e+00,6.039473684210525306e+01,6.099814404799143830e+01,-6.034072058861839061e-01,-5.471510664560863546e-02
1.576000000000000068e+00,6.044210526315789167e+01,6.104594875223092743e+01,-6.038434890730339788e-01,-5.375545242962598280e-02
1.576999999999999957e+00,6.048947368421052317e+01,6.109375006595036695e+01,-6.042763817398421056e-01,-5.279835529861376386e-02
1.578000000000000069e+00,6.053684210526316178e+01,6.114154800155748148e+01,-6.047058962943209215e-01,-5.184381280558536531e-02
1.578999999999999959e+00,6.058421052631578618e+01,6.118934257142666411e+01,-6.051320451108765930e-01,-5.089182247303991602e-02
1.580000000000000071e+00,6.063157894736842479e+01,6.123713378789894790e+01,-6.055548405305191118e-01,-4.994238179330867666e-02
1.580999999999999961e+00,6.067894736842105630e+01,6.128492166328208413e+01,-6.059742948610282731e-01,-4.899548822881971688e-02
1.582000000000000073e+00,6.072631578947369491e+01,6.133270620985055643e+01,-6.063904203768644141e-01,-4.805113921245141029e-02
1.582999999999999963e+00,6.077368421052631930e+01,6.138048743984563060e+01,-6.068032293193080795e-01,-4.710933214780066436e-02
1.584000000000000075e+00,6.082105263157894370e+01,6.142826536547536875e+01,-6.072127338964222742e-01,-4.617006440950799373e-02
1.584999999999999964e+00,6.086842105263157521e+01,6.147603999891468618e+01,-6.076189462831159682e-01,-4.523333334354884272e-02
1.586000000000000076e+00,6.091578947368421382e+01,6.152381135230539400e+01,-6.080218786211820658e-01,-4.429913626752668421e-02
1.586999999999999966e+00,6.096315789473683822e+01,6.157157943775619913e+01,-6.084215430193611329e-01,-4.336747047098032937e-02
1.588000000000000078e+00,6.101052631578947683e+01,6.161934426734276826e+01,-6.088179515532905484e-01,-4.243833321569301376e-02
1.588999999999999968e+00,6.105789473684210122e+01,6.166710585310776338e+01,-6.092111162656572709e-01,-4.151172173594641635e-02
1.590000000000000080e+00,6.110526315789474694e+01,6.171486420706087728e+01,-6.096010491661340014e-01,-4.058763323884750918e-02
1.590999999999999970e+00,6.115263157894737134e+01,6.176261934117886199e+01,-6.099877622314936465e-01,-3.966606490459678724e-02
1.592000000000000082e+00,6.120000000000000995e+01,6.181037126740559273e+01,-6.103712674055842280e-01,-3.874701388678492009e-02
1.592999999999999972e+00,6.124736842105263435e+01,6.185811999765208213e+01,-6.107515765994431245e-01,-3.783047731267163982e-02
1.594000000000000083e+00,6.129473684210526585e+01,6.190586554379650863e+01,-6.111287016912461123e-01,-3.691645228348416907e-02
1.594999999999999973e+00,6.134210526315789025e+01,6.195360791768430175e+01,-6.115026545264093949e-01,-3.600493587467656909e-02
1.596000000000000085e+00,6.138947368421052886e+01,6.200134713112812790e+01,-6.118734469176020374e-01,-3.509592513622106225e-02
1.596999999999999975e+00,6.143684210526315326e+01,6.204908319590797561e+01,-6.122410906448225720e-01,-3.418941709287803832e-02
1.598000000000000087e+00,6.148421052631579187e+01,6.209681612377116977e+01,-6.126055974553733519e-01,-3.328540874449092968e-02
1.598999999999999977e+00,6.153157894736842337e+01,6.214454592643240716e+01,-6.129669790639880045e-01,-3.238389706623134856e-02
1.600000000000000089e+00,6.157894736842104777e+01,6.219227261557382747e+01,-6.133252471527800287e-01,-3.148487900890817315e-02
1.600999999999999979e+00,6.162631578947367217e+01,6.223999620284503465e+01,-6.136804133713580356e-01,-3.058835149920025032e-02
1.602000000000000091e+00,6.167368421052632499e+01,6.228771669986311110e+01,-6.140324893367871129e-01,-2.969431143995127087e-02
1.602999999999999980e+00,6.172105263157895649e+01,6.233543411821273139e+01,-6.143814866337795610e-01,-2.880275571040069593e-02
1.604000000000000092e+00,6.176842105263158089e+01,6.238314846944611958e+01,-6.147274168145426820e-01,-2.791368116651593567e-02
1.604999999999999982e+00,6.181578947368420529e+01,6.243085976508316293e+01,-6.150702913989563037e-01,-2.702708464118774856e-02
1.606000000000000094e+00,6.186315789473684390e+01,6.247856801661139770e+01,-6.154101218745479107e-01,-2.614296294451445846e-02
1.606999999999999984e+00,6.191052631578947540e+01,6.252627323548609439e+01,-6.157469196966195435e-01,-2.526131286405419729e-02
1.608000000000000096e+00,6.195789473684209980e+01,6.257397543313029331e+01,-6.160806962881968385e-01,-2.438213116511622758e-02
1.608999999999999986e+00,6.200526315789472420e+01,6.262167462093483294e+01,-6.164114630401058559e-01,-2.350541459098298702e-02
1.610000000000000098e+00,6.205263157894737702e+01,6.266937081025838552e+01,-6.167392313110103830e-01,-2.263115986316588391e-02
1.610999999999999988e+00,6.210000000000000142e+01,6.271706401242754225e+01,-6.170640124275400540e-01,-2.175936368165753976e-02
1.612000000000000099e+00,6.214736842105263293e+01,6.276475423873680626e+01,-6.173858176841752199e-01,-2.089002272522133552e-02
1.612999999999999989e+00,6.219473684210525732e+01,6.281244150044868491e+01,-6.177046583434254723e-01,-2.002313365158148173e-02
1.614000000000000101e+00,6.224210526315791014e+01,6.286012580879370404e+01,-6.180205456357912297e-01,-1.915869309770723561e-02
1.614999999999999991e+00,6.228947368421053454e+01,6.290780717497045060e+01,-6.183334907599165042e-01,-1.829669768003494568e-02
1.616000000000000103e+00,6.233684210526316605e+01,6.295548561014565081e+01,-6.186435048824869831e-01,-1.743714399475759791e-02
1.616999999999999993e+00,6.238421052631579045e+01,6.300316112545417013e+01,-6.189505991383829064e-01,-1.658002861800955685e-02
1.618000000000000105e+00,6.243157894736842906e+01,6.305083373199910568e+01,-6.192547846306789561e-01,-1.572534810613657186e-02
1.618999999999999995e+00,6.247894736842105345e+01,6.309850344085180041e+01,-6.195560724307459521e-01,-1.487309899592492712e-02
1.620000000000000107e+00,6.252631578947368496e+01,6.314617026305188574e+01,-6.198544735782003379e-01,-1.402327780486078979e-02
1.620999999999999996e+00,6.257368421052630936e+01,6.319383420960735265e+01,-6.201499990810434015e-01,-1.317588103133449096e-02
1.622000000000000108e+00,6.262105263157896218e+01,6.324149529149460136e+01,-6.204426599156367406e-01,-1.233090515489099204e-02
1.622999999999999998e+00,6.266842105263158658e+01,6.328915351965844138e+01,-6.207324670268540290e-01,-1.148834663644837661e-02
1.624000000000000110e+00,6.271578947368421808e+01,6.333680890501220517e+01,-6.210194313279927547e-01,-1.064820191856963305e-02
1.625000000000000000e+00,6.276315789473684248e+01,6.338446145843774104e+01,-6.213035637009008960e-01,-9.810467425647395601e-03
1.626000000000000112e+00,6.281052631578948109e+01,6.343211119078548421e+01,-6.215848749960025676e-01,-8.975139564140199866e-03
1.627000000000000002e+00,6.285789473684210549e+01,6.347975811287450654e+01,-6.218633760323997173e-01,-8.142214722796303761e-03
1.628000000000000114e+00,6.290526315789473699e+01,6.352740223549255205e+01,-6.221390775978214993e-01,-7.311689272907706538e-03
1.629000000000000004e+00,6.295263157894736139e+01,6.357504356939610801e+01,-6.224119904487511734e-01,-6.483559568494889902e-03
1.630000000000000115e+00,6.300000000000001421e+01,6.362268212531044043e+01,-6.226821253104261045e-01,-5.657821946541297109e-03
1.631000000000000005e+00,6.304736842105263861e+01,6.367031791392962958e+01,-6.229494928769907514e-01,-4.834472727210048504e-03
1.632000000000000117e+00,6.309473684210526301e+01,6.371795094591663400e+01,-6.232141038113693243e-01,-4.013508214101513261e-03
1.633000000000000007e+00,6.314210526315789451e+01,6.376558123190334726e+01,-6.234759687454561883e-01,-3.194924694407852428e-03
1.634000000000000119e+00,6.318947368421053312e+01,6.381320878249061934e+01,-6.237350982800911048e-01,-2.378718439161708886e-03
1.635000000000000009e+00,6.323684210526315752e+01,6.386083360824834187e+01,-6.239915029851860195e-01,-1.564885703426277530e-03
1.636000000000000121e+00,6.328421052631578192e+01,6.390845571971546946e+01,-6.242451933996868707e-01,-7.534227265528770090e-04
1.637000000000000011e+00,6.333157894736841342e+01,6.395607512740009071e+01,-6.244961800316757294e-01,5.567426765740179917e-05
1.638000000000000123e+00,6.337894736842106624e+01,6.400369184177945669e+01,-6.247444733583958909e-01,8.624090707192166860e-04
1.639000000000000012e+00,6.342631578947369064e+01,6.405130587330006620e+01,-6.249900838263789948e-01,1.666785489271127574e-03
1.640000000000000124e+00,6.347368421052631504e+01,6.409891723237765859e+01,-6.252330218513439952e-01,2.468807344826906558e-03
1.641000000000000014e+00,6.352105263157894655e+01,6.414652592939732756e+01,-6.254732978183868974e-01,3.268478473631653003e-03
1.642000000000000126e+00,6.356842105263159226e+01,6.419413197471354238e+01,-6.257109220819434547e-01,4.065802726423761726e-03
1.643000000000000016e+00,6.361578947368422376e+01,6.424173537865017636e+01,-6.259459049659542584e-01,4.860783968257287313e-03
1.644000000000000128e+00,6.366315789473684816e+01,6.428933615150062053e+01,-6.261782567637756980e-01,5.653426078247925091e-03
1.645000000000000018e+00,6.371052631578947256e+01,6.433693430352776943e+01,-6.264079877382943140e-01,6.443732949427349865e-03
1.646000000000000130e+00,6.375789473684211828e+01,6.438452984496410636e+01,-6.266351081219907471e-01,7.231708488537158530e-03
1.647000000000000020e+00,6.380526315789474268e+01,6.443212278601176024e+01,-6.268596281170155660e-01,8.017356615828141742e-03
1.648000000000000131e+00,6.385263157894736707e+01,6.447971313684253403e+01,-6.270815578951643987e-01,8.800681264848897456e-03
1.649000000000000021e+00,6.389999999999999147e+01,6.452730090759797577e+01,-6.273009075979794069e-01,9.581686382269971602e-03
1.650000000000000133e+00,6.394736842105264429e+01,6.457488610838942122e+01,-6.275176873367745989e-01,1.036037592769734061e-02
1.651000000000000023e+00,6.399473684210527580e+01,6.462246874929807916e+01,-6.277319071928015859e-01,1.113675387348589396e-02
1.652000000000000135e+00,6.404210526315789309e+01,6.467004884037500290e+01,-6.279435772170964825e-01,1.191082420449429691e-02
1.653000000000000025e+00,6.408947368421053170e+01,6.471762639164121822e+01,-6.281527074306966218e-01,1.268259091797663274e-02
1.654000000000000137e+00,6.413684210526317031e+01,6.476520141308779444e+01,-6.283593078246275665e-01,1.345205802335680545e-02
1.655000000000000027e+00,6.418421052631579471e+01,6.481277391467580173e+01,-6.285633883600048044e-01,1.421922954204912770e-02
1.656000000000000139e+00,6.423157894736841911e+01,6.486034390633643909e+01,-6.287649589680214257e-01,1.498410950725936885e-02
1.657000000000000028e+00,6.427894736842104351e+01,6.490791139797107689e+01,-6.289640295500366074e-01,1.574670196382488285e-02
1.658000000000000140e+00,6.432631578947369633e+01,6.495547639945129959e+01,-6.291606099776014815e-01,1.650701096802631440e-02
1.659000000000000030e+00,6.437368421052632073e+01,6.500303892061894828e+01,-6.293547100926246696e-01,1.726504058742417413e-02
1.660000000000000142e+00,6.442105263157894512e+01,6.505059897128619184e+01,-6.295463397072444955e-01,1.802079490062791223e-02
1.661000000000000032e+00,6.446842105263158373e+01,6.509815656123559791e+01,-6.297355086040201666e-01,1.877427799717867885e-02
1.662000000000000144e+00,6.451578947368422234e+01,6.514571170022013291e+01,-6.299222265359191164e-01,1.952549397734504311e-02
1.663000000000000034e+00,6.456315789473684674e+01,6.519326439796328998e+01,-6.301065032264440147e-01,2.027444695196489732e-02
1.664000000000000146e+00,6.461052631578947114e+01,6.524081466415906050e+01,-6.302883483695946865e-01,2.102114104223762325e-02
1.665000000000000036e+00,6.465789473684209554e+01,6.528836250847207623e+01,-6.304677716299829093e-01,2.176558037958731262e-02
1.665999999999999925e+00,6.470526315789471994e+01,6.533590794053758088e+01,-6.306447826428571712e-01,2.250776910547980236e-02
1.667000000000000037e+00,6.475263157894737276e+01,6.538345096996154382e+01,-6.308193910141669525e-01,2.324771137126102616e-02
1.667999999999999927e+00,6.479999999999999716e+01,6.543099160632067424e+01,-6.309916063206769676e-01,2.398541133798470781e-02
1.669000000000000039e+00,6.484736842105263577e+01,6.547852985916254909e+01,-6.311614381099160953e-01,2.472087317622051472e-02
1.669999999999999929e+00,6.489473684210526017e+01,6.552606573800554202e+01,-6.313288959002794076e-01,2.545410106591905475e-02
1.671000000000000041e+00,6.494210526315791299e+01,6.557359925233899389e+01,-6.314939891810792405e-01,2.618509919624845139e-02
1.671999999999999931e+00,6.498947368421053739e+01,6.562113041162321281e+01,-6.316567274126844156e-01,2.691387176543624804e-02
1.673000000000000043e+00,6.503684210526316178e+01,6.566865922528957356e+01,-6.318171200264193210e-01,2.764042298055446878e-02
1.673999999999999932e+00,6.508421052631577197e+01,6.571618570274050342e+01,-6.319751764247287795e-01,2.836475705742191877e-02
1.675000000000000044e+00,6.513157894736842479e+01,6.576370985334959585e+01,-6.321309059811652808e-01,2.908687822042121951e-02
1.675999999999999934e+00,6.517894736842104919e+01,6.581123168646165311e+01,-6.322843180405930408e-01,2.980679070235847661e-02
1.677000000000000046e+00,6.522631578947367359e+01,6.585875121139270050e+01,-6.324354219190220228e-01,3.052449874424123522e-02
1.677999999999999936e+00,6.527368421052631220e+01,6.590626843743014263e+01,-6.325842269038371990e-01,3.124000659520209666e-02
1.679000000000000048e+00,6.532105263157896502e+01,6.595378337383270662e+01,-6.327307422537479242e-01,3.195331851230331921e-02
1.679999999999999938e+00,6.536842105263158942e+01,6.600129602983055577e+01,-6.328749771989654604e-01,3.266443876040714400e-02
1.681000000000000050e+00,6.541578947368421382e+01,6.604880641462533220e+01,-6.330169409411272596e-01,3.337337161197506674e-02
1.681999999999999940e+00,6.546315789473683822e+01,6.609631453739025631e+01,-6.331566426534236403e-01,3.408012134696480899e-02
1.683000000000000052e+00,6.551052631578947683e+01,6.614382040727009837e+01,-6.332940914806236554e-01,3.478469225266511700e-02
1.683999999999999941e+00,6.555789473684210122e+01,6.619132403338130644e+01,-6.334292965392018804e-01,3.548708862355542948e-02
1.685000000000000053e+00,6.560526315789472562e+01,6.623882542481203473e+01,-6.335622669173009980e-01,3.618731476113001833e-02
1.685999999999999943e+00,6.565263157894736423e+01,6.628632459062218629e+01,-6.336930116748326069e-01,3.688537497377897267e-02
1.687000000000000055e+00,6.570000000000000284e+01,6.633382153984352669e+01,-6.338215398435161907e-01,3.758127357663187951e-02
1.687999999999999945e+00,6.574736842105264145e+01,6.638131628147966978e+01,-6.339478604270311068e-01,3.827501489143170232e-02
1.689000000000000057e+00,6.579473684210526585e+01,6.642880882450616298e+01,-6.340719824009029004e-01,3.896660324633938188e-02
1.689999999999999947e+00,6.584210526315789025e+01,6.647629917787058673e+01,-6.341939147126933740e-01,3.965604297584857107e-02
1.691000000000000059e+00,6.588947368421052886e+01,6.652378735049251191e+01,-6.343136662819881533e-01,4.034333842062043374e-02
1.691999999999999948e+00,6.593684210526315326e+01,6.657127335126369871e+01,-6.344312460005367971e-01,4.102849392735574696e-02
1.693000000000000060e+00,6.598421052631577766e+01,6.661875718904799726e+01,-6.345466627322144948e-01,4.171151384862792355e-02
1.693999999999999950e+00,6.603157894736840205e+01,6.666623887268151805e+01,-6.346599253131109952e-01,4.239240254276399611e-02
1.695000000000000062e+00,6.607894736842105488e+01,6.671371841097266042e+01,-6.347710425515943333e-01,4.307116437371849571e-02
1.695999999999999952e+00,6.612631578947369348e+01,6.676119581270212677e+01,-6.348800232284381728e-01,4.374780371093667242e-02
1.697000000000000064e+00,6.617368421052631788e+01,6.680867108662306464e+01,-6.349868760967452008e-01,4.442232492917330688e-02
1.697999999999999954e+00,6.622105263157894228e+01,6.685614424146100987e+01,-6.350916098820745814e-01,4.509473240841099795e-02
1.699000000000000066e+00,6.626842105263159510e+01,6.690361528591408558e+01,-6.351942332824926929e-01,4.576503053372160679e-02
1.699999999999999956e+00,6.631578947368421950e+01,6.695108422865293107e+01,-6.352947549687134599e-01,4.643322369513303016e-02
1.701000000000000068e+00,6.636315789473684390e+01,6.699855107832082979e+01,-6.353931835839830011e-01,4.709931628744801202e-02
1.701999999999999957e+00,6.641052631578945409e+01,6.704601584353373767e+01,-6.354895277442842438e-01,4.776331271018730007e-02
1.703000000000000069e+00,6.645789473684210691e+01,6.709347853288038266e+01,-6.355837960382723084e-01,4.842521736741556282e-02
1.703999999999999959e+00,6.650526315789474552e+01,6.714093915492226472e+01,-6.356759970275298599e-01,4.908503466766145351e-02
1.705000000000000071e+00,6.655263157894736992e+01,6.718839771819375528e+01,-6.357661392463882510e-01,4.974276902370800002e-02
1.705999999999999961e+00,6.659999999999999432e+01,6.723585423120212567e+01,-6.358542312021316922e-01,5.039842485254464322e-02
1.707000000000000073e+00,6.664736842105264714e+01,6.728330870242764661e+01,-6.359402813749966965e-01,5.105200657521269392e-02
1.707999999999999963e+00,6.669473684210527153e+01,6.733076114032360238e+01,-6.360242982183250682e-01,5.170351861669875149e-02
1.709000000000000075e+00,6.674210526315789593e+01,6.737821155331637613e+01,-6.361062901584748630e-01,5.235296540575884450e-02
1.709999999999999964e+00,6.678947368421052033e+01,6.742565994980549249e+01,-6.361862655949730438e-01,5.300035137486158732e-02
1.711000000000000076e+00,6.683684210526315894e+01,6.747310633816371706e+01,-6.362642329005533393e-01,5.364568096004074249e-02
1.711999999999999966e+00,6.688421052631578334e+01,6.752055072673704217e+01,-6.363402004212457275e-01,5.428895860077265212e-02
1.713000000000000078e+00,6.693157894736842195e+01,6.756799312384478640e+01,-6.364141764763634468e-01,5.493018873985189288e-02
1.713999999999999968e+00,6.697894736842104635e+01,6.761543353777966558e+01,-6.364861693586175706e-01,5.556937582329180003e-02
1.715000000000000080e+00,6.702631578947369917e+01,6.766287197680783549e+01,-6.365561873341426535e-01,5.620652430020012247e-02
1.715999999999999970e+00,6.707368421052632357e+01,6.771030844916897706e+01,-6.366242386426489430e-01,5.684163862267066492e-02
1.717000000000000082e+00,6.712105263157894797e+01,6.775774296307625377e+01,-6.366903314973082484e-01,5.747472324561631041e-02
1.717999999999999972e+00,6.716842105263157237e+01,6.780517552671653903e+01,-6.367544740849573337e-01,5.810578262673526950e-02
1.719000000000000083e+00,6.721578947368421098e+01,6.785260614825030245e+01,-6.368166745660852612e-01,5.873482122634943181e-02
1.719999999999999973e+00,6.726315789473683537e+01,6.790003483581180888e+01,-6.368769410749608451e-01,5.936184350731021908e-02
1.721000000000000085e+00,6.731052631578947398e+01,6.794746159750906145e+01,-6.369352817195937932e-01,5.998685393486180573e-02
1.721999999999999975e+00,6.735789473684209838e+01,6.799488644142397220e+01,-6.369917045818753731e-01,6.060985697656295912e-02
1.723000000000000087e+00,6.740526315789475120e+01,6.804230937561230519e+01,-6.370462177175654217e-01,6.123085710215203648e-02
1.723999999999999977e+00,6.745263157894737560e+01,6.808973040810386124e+01,-6.370988291564830819e-01,6.184985878347593058e-02
1.725000000000000089e+00,6.750000000000000000e+01,6.813714954690237846e+01,-6.371495469023797931e-01,6.246686649431065774e-02
1.725999999999999979e+00,6.754736842105262440e+01,6.818456679998575964e+01,-6.371983789331298054e-01,6.308188471033293609e-02
1.727000000000000091e+00,6.759473684210527722e+01,6.823198217530601539e+01,-6.372453332007305127e-01,6.369491790897274797e-02
1.727999999999999980e+00,6.764210526315790162e+01,6.827939568078936361e+01,-6.372904176314549973e-01,6.430597056933340383e-02
1.729000000000000092e+00,6.768947368421052602e+01,6.832680732433630055e+01,-6.373336401257629902e-01,6.491504717203344654e-02
1.729999999999999982e+00,6.773684210526315042e+01,6.837421711382161504e+01,-6.373750085584659608e-01,6.552215219916224243e-02
1.731000000000000094e+00,6.778421052631580324e+01,6.842162505709450215e+01,-6.374145307787023595e-01,6.612729013415030721e-02
1.731999999999999984e+00,6.783157894736842763e+01,6.846903116197859163e+01,-6.374522146101657682e-01,6.673046546170358084e-02
1.733000000000000096e+00,6.787894736842105203e+01,6.851643543627200472e+01,-6.374880678509531329e-01,6.733168266761868637e-02
1.733999999999999986e+00,6.792631578947367643e+01,6.856383788774742527e+01,-6.375220982737418440e-01,6.793094623876339000e-02
1.735000000000000098e+00,6.797368421052632925e+01,6.861123852415211388e+01,-6.375543136257908472e-01,6.852826066294870344e-02
1.735999999999999988e+00,6.802105263157895365e+01,6.865863735320809269e+01,-6.375847216291307129e-01,6.912363042885250053e-02
1.737000000000000099e+00,6.806842105263157805e+01,6.870603438261201745e+01,-6.376133299804364052e-01,6.971706002586142148e-02
1.737999999999999989e+00,6.811578947368420245e+01,6.875342962003541913e+01,-6.376401463512058054e-01,7.030855394403356939e-02
1.739000000000000101e+00,6.816315789473685527e+01,6.880082307312461865e+01,-6.376651783877724800e-01,7.089811667398127071e-02
1.739999999999999991e+00,6.821052631578947967e+01,6.884821474950089737e+01,-6.376884337114195889e-01,7.148575270678936278e-02
1.741000000000000103e+00,6.825789473684210407e+01,6.889560465676045453e+01,-6.377099199183550171e-01,7.207146653388907254e-02
1.741999999999999993e+00,6.830526315789472847e+01,6.894299280247454931e+01,-6.377296445798253943e-01,7.265526264699584402e-02
1.743000000000000105e+00,6.835263157894738129e+01,6.899037919418952924e+01,-6.377476152421548417e-01,7.323714553801696781e-02
1.743999999999999995e+00,6.840000000000000568e+01,6.903776383942687289e+01,-6.377638394268717592e-01,7.381711969894855230e-02
1.745000000000000107e+00,6.844736842105263008e+01,6.908514674568327507e+01,-6.377783246306452103e-01,7.439518962175650785e-02
1.745999999999999996e+00,6.849473684210525448e+01,6.913252792043068951e+01,-6.377910783254251426e-01,7.497135979833569053e-02
1.747000000000000108e+00,6.854210526315789309e+01,6.917990737111637145e+01,-6.378021079584675901e-01,7.554563472039621530e-02
1.747999999999999998e+00,6.858947368421053170e+01,6.922728510516299139e+01,-6.378114209524620160e-01,7.611801887939417810e-02
1.749000000000000110e+00,6.863684210526315610e+01,6.927466112996864922e+01,-6.378190247054931206e-01,7.668851676639842907e-02
1.750000000000000000e+00,6.868421052631578050e+01,6.932203545290693114e+01,-6.378249265911554167e-01,7.725713287204261093e-02
1.751000000000000112e+00,6.873157894736843332e+01,6.936940808132699487e+01,-6.378291339585656639e-01,7.782387168643278841e-02
1.752000000000000002e+00,6.877894736842105772e+01,6.941677902255361232e+01,-6.378316541325539379e-01,7.838873769907461764e-02
1.753000000000000114e+00,6.882631578947368212e+01,6.946414828388722640e+01,-6.378324944135366215e-01,7.895173539872946122e-02
1.754000000000000004e+00,6.887368421052630652e+01,6.951151587260400788e+01,-6.378316620776940393e-01,7.951286927339662469e-02
1.755000000000000115e+00,6.892105263157895934e+01,6.955888179595594067e+01,-6.378291643769834485e-01,8.007214381020144600e-02
1.756000000000000005e+00,6.896842105263158373e+01,6.960624606117085023e+01,-6.378250085392663804e-01,8.062956349532779399e-02
1.757000000000000117e+00,6.901578947368422234e+01,6.965360867545247459e+01,-6.378192017682572379e-01,8.118513281389549974e-02
1.758000000000000007e+00,6.906315789473683253e+01,6.970096964598049283e+01,-6.378117512436639602e-01,8.173885624992660581e-02
1.759000000000000119e+00,6.911052631578948535e+01,6.974832897991065295e+01,-6.378026641211748116e-01,8.229073828624411391e-02
1.760000000000000009e+00,6.915789473684210975e+01,6.979568668437478607e+01,-6.377919475326747634e-01,8.284078340441514143e-02
1.761000000000000121e+00,6.920526315789473415e+01,6.984304276648083487e+01,-6.377796085860928388e-01,8.338899608461058932e-02
1.762000000000000011e+00,6.925263157894735855e+01,6.989039723331296727e+01,-6.377656543656057275e-01,8.393538080559093117e-02
1.763000000000000123e+00,6.930000000000001137e+01,6.993775009193163328e+01,-6.377500919316122507e-01,8.447994204459607914e-02
1.764000000000000012e+00,6.934736842105263577e+01,6.998510134937355076e+01,-6.377329283209115518e-01,8.502268427729919864e-02
1.765000000000000124e+00,6.939473684210527438e+01,7.003245101265189021e+01,-6.377141705466267130e-01,8.556361197767348159e-02
1.766000000000000014e+00,6.944210526315789878e+01,7.007979908875621788e+01,-6.376938255983192194e-01,8.610272961796017199e-02
1.767000000000000126e+00,6.948947368421053739e+01,7.012714558465258108e+01,-6.376719004420399184e-01,8.664004166859040623e-02
1.768000000000000016e+00,6.953684210526316178e+01,7.017449050728360760e+01,-6.376484020204435943e-01,8.717555259811771151e-02
1.769000000000000128e+00,6.958421052631578618e+01,7.022183386356853418e+01,-6.376233372527505550e-01,8.770926687310254266e-02
1.770000000000000018e+00,6.963157894736841058e+01,7.026917566040329177e+01,-6.375967130348740852e-01,8.824118895808741314e-02
1.771000000000000130e+00,6.967894736842106340e+01,7.031651590466049129e+01,-6.375685362394203359e-01,8.877132331549919542e-02
1.772000000000000020e+00,6.972631578947368780e+01,7.036385460318956575e+01,-6.375388137158792823e-01,8.929967440560471204e-02
1.773000000000000131e+00,6.977368421052632641e+01,7.041119176281682712e+01,-6.375075522905099268e-01,8.982624668637928522e-02
1.774000000000000021e+00,6.982105263157895081e+01,7.045852739034543788e+01,-6.374747587664933990e-01,9.035104461348897331e-02
1.775000000000000133e+00,6.986842105263158942e+01,7.050586149255553892e+01,-6.374404399239579355e-01,9.087407264021774012e-02
1.776000000000000023e+00,6.991578947368421382e+01,7.055319407620432060e+01,-6.374046025201065557e-01,9.139533521739107158e-02
1.777000000000000135e+00,6.996315789473683822e+01,7.060052514802602275e+01,-6.373672532891785369e-01,9.191483679328715795e-02
1.778000000000000025e+00,7.001052631578946261e+01,7.064785471473203415e+01,-6.373283989425642115e-01,9.243258181359959025e-02
1.779000000000000137e+00,7.005789473684211544e+01,7.069518278301093517e+01,-6.372880461688171794e-01,9.294857472135564791e-02
1.780000000000000027e+00,7.010526315789473983e+01,7.074250935952858299e+01,-6.372462016338459323e-01,9.346281995687011346e-02
1.781000000000000139e+00,7.015263157894736423e+01,7.078983445092814009e+01,-6.372028719807730779e-01,9.397532195761737484e-02
1.782000000000000028e+00,7.020000000000000284e+01,7.083715806383013103e+01,-6.371580638301396204e-01,9.448608515823675447e-02
1.783000000000000140e+00,7.024736842105265566e+01,7.088448020483251355e+01,-6.371117837798662142e-01,9.499511399043480964e-02
1.784000000000000030e+00,7.029473684210528006e+01,7.093180088051073540e+01,-6.370640384054570005e-01,9.550241288294802899e-02
1.785000000000000142e+00,7.034210526315790446e+01,7.097912009741777695e+01,-6.370148342598724867e-01,9.600798626141848757e-02
1.786000000000000032e+00,7.038947368421051465e+01,7.102643786208423649e+01,-6.369641778737201721e-01,9.651183854839739951e-02
1.787000000000000144e+00,7.043684210526316747e+01,7.107375418101838704e+01,-6.369120757552164669e-01,9.701397416324564205e-02
1.788000000000000034e+00,7.048421052631579187e+01,7.112106906070617640e+01,-6.368585343903773177e-01,9.751439752210711021e-02
1.789000000000000146e+00,7.053157894736841627e+01,7.116838250761136919e+01,-6.368035602429423792e-01,9.801311303779858264e-02
1.790000000000000036e+00,7.057894736842105488e+01,7.121569452817554691e+01,-6.367471597545016904e-01,9.851012511977597086e-02
1.791000000000000147e+00,7.062631578947369348e+01,7.126300512881819316e+01,-6.366893393444960081e-01,9.900543817407569946e-02
1.792000000000000037e+00,7.067368421052633209e+01,7.131031431593673631e+01,-6.366301054104075430e-01,9.949905660327384993e-02
1.792999999999999927e+00,7.072105263157895649e+01,7.135762209590659211e+01,-6.365694643276326170e-01,9.999098480637069741e-02
1.794000000000000039e+00,7.076842105263158089e+01,7.140492847508126317e+01,-6.365074224496855004e-01,1.004812271787907108e-01
1.794999999999999929e+00,7.081578947368420529e+01,7.145223345979238161e+01,-6.364439861081727656e-01,1.009697881122937346e-01
1.796000000000000041e+00,7.086315789473684390e+01,7.149953705634973744e+01,-6.363791616128950945e-01,1.014566719949341334e-01
1.796999999999999931e+00,7.091052631578946830e+01,7.154683927104136387e+01,-6.363129552518980159e-01,1.019418832109968420e-01
1.798000000000000043e+00,7.095789473684209270e+01,7.159414011013360835e+01,-6.362453732915103188e-01,1.024254261409351940e-01
1.798999999999999932e+00,7.100526315789473131e+01,7.164143957987113254e+01,-6.361764219764078909e-01,1.029073051613194067e-01
1.800000000000000044e+00,7.105263157894738413e+01,7.168873768647704026e+01,-6.361061075296637890e-01,1.033875246447903962e-01
1.800999999999999934e+00,7.110000000000000853e+01,7.173603443615287745e+01,-6.360344361528762480e-01,1.038660889600118153e-01
1.802000000000000046e+00,7.114736842105263293e+01,7.178332983507871745e+01,-6.359614140260920756e-01,1.043430024715723548e-01
1.802999999999999936e+00,7.119473684210525732e+01,7.183062388941323206e+01,-6.358870473079719643e-01,1.048182695399928477e-01
1.804000000000000048e+00,7.124210526315789593e+01,7.187791660529370574e+01,-6.358113421358032591e-01,1.052918945216356761e-01
1.804999999999999938e+00,7.128947368421052033e+01,7.192520798883612088e+01,-6.357343046256016539e-01,1.057638817686656907e-01
1.806000000000000050e+00,7.133684210526314473e+01,7.197249804613524304e+01,-6.356559408720862114e-01,1.062342356289827094e-01
1.806999999999999940e+00,7.138421052631578334e+01,7.201978678326456418e+01,-6.355762569487930502e-01,1.067029604461948722e-01
1.808000000000000052e+00,7.143157894736843616e+01,7.206707420627654415e+01,-6.354952589081143133e-01,1.071700605595617972e-01
1.808999999999999941e+00,7.147894736842106056e+01,7.211436032120249706e+01,-6.354129527814375011e-01,1.076355403039448433e-01
1.810000000000000053e+00,7.152631578947368496e+01,7.216164513405271919e+01,-6.353293445790314520e-01,1.080994040097165154e-01
1.810999999999999943e+00,7.157368421052630936e+01,7.220892865081655998e+01,-6.352444402902496234e-01,1.085616560027782285e-01
1.812000000000000055e+00,7.162105263157896218e+01,7.225621087746243631e+01,-6.351582458834790224e-01,1.090223006044661602e-01
1.812999999999999945e+00,7.166842105263158658e+01,7.230349181993794616e+01,-6.350707673063570313e-01,1.094813421315476987e-01
1.814000000000000057e+00,7.171578947368421098e+01,7.235077148416985438e+01,-6.349820104856437331e-01,1.099387848961059788e-01
1.814999999999999947e+00,7.176315789473683537e+01,7.239804987606422060e+01,-6.348919813273747881e-01,1.103946332055416590e-01
1.816000000000000059e+00,7.181052631578947398e+01,7.244532700150638505e+01,-6.348006857168992934e-01,1.108488913625267358e-01
1.816999999999999948e+00,7.185789473684211259e+01,7.249260286636106798e+01,-6.347081295189567207e-01,1.113015636649477003e-01
1.818000000000000060e+00,7.190526315789473699e+01,7.253987747647244078e+01,-6.346143185777015638e-01,1.117526544058522475e-01
1.818999999999999950e+00,7.195263157894736139e+01,7.258715083766412590e+01,-6.345192587167678422e-01,1.122021678734101968e-01
1.820000000000000062e+00,7.200000000000001421e+01,7.263442295573932483e+01,-6.344229557393065155e-01,1.126501083508832934e-01
1.820999999999999952e+00,7.204736842105263861e+01,7.268169383648077542e+01,-6.343254154281383617e-01,1.130964801165772471e-01
1.822000000000000064e+00,7.209473684210526301e+01,7.272896348565093660e+01,-6.342266435456780371e-01,1.135412874437653485e-01
1.822999999999999954e+00,7.214210526315788741e+01,7.277623190899194583e+01,-6.341266458340479861e-01,1.139845346006742588e-01
1.824000000000000066e+00,7.218947368421052602e+01,7.282349911222566163e+01,-6.340254280151296218e-01,1.144262258504502583e-01
1.824999999999999956e+00,7.223684210526316463e+01,7.287076510105381999e+01,-6.339229957906652446e-01,1.148663654511148380e-01
1.826000000000000068e+00,7.228421052631578902e+01,7.291802988115803430e+01,-6.338193548422450530e-01,1.153049576554883160e-01
1.826999999999999957e+00,7.233157894736841342e+01,7.296529345819978118e+01,-6.337145108313709807e-01,1.157420067111774031e-01
1.828000000000000069e+00,7.237894736842106624e+01,7.301255583782059944e+01,-6.336084693995325257e-01,1.161775168605432285e-01
1.828999999999999959e+00,7.242631578947369064e+01,7.305981702564201896e+01,-6.335012361683222126e-01,1.166114923406533777e-01
1.830000000000000071e+00,7.247368421052631504e+01,7.310707702726567447e+01,-6.333928167393583220e-01,1.170439373832072860e-01
1.830999999999999961e+00,7.252105263157893944e+01,7.315433584827336233e+01,-6.332832166944252217e-01,1.174748562145451203e-01
1.832000000000000073e+00,7.256842105263159226e+01,7.320159349422711159e+01,-6.331724415955114482e-01,1.179042530555944879e-01
1.832999999999999963e+00,7.261578947368421666e+01,7.324884997066912717e+01,-6.330604969849118469e-01,1.183321321218313571e-01
1.834000000000000075e+00,7.266315789473685527e+01,7.329610528312203144e+01,-6.329473883851888250e-01,1.187584976232125555e-01
1.834999999999999964e+00,7.271052631578947967e+01,7.334335943708875050e+01,-6.328331212992743815e-01,1.191833537641828755e-01
1.836000000000000076e+00,7.275789473684211828e+01,7.339061243805265633e+01,-6.327177012105467124e-01,1.196067047436235598e-01
1.836999999999999966e+00,7.280526315789474268e+01,7.343786429147760941e+01,-6.326011335828678472e-01,1.200285547548078924e-01
1.838000000000000078e+00,7.285263157894736707e+01,7.348511500280800135e+01,-6.324834238606350523e-01,1.204489079853621192e-01
1.838999999999999968e+00,7.289999999999999147e+01,7.353236457746881172e+01,-6.323645774688186894e-01,1.208677686172316967e-01
1.840000000000000080e+00,7.294736842105264429e+01,7.357961302086566491e+01,-6.322445998130130640e-01,1.212851408266564235e-01
1.840999999999999970e+00,7.299473684210526869e+01,7.362686033838485855e+01,-6.321234962795893031e-01,1.217010287841491234e-01
1.842000000000000082e+00,7.304210526315789309e+01,7.367410653539350562e+01,-6.320012722356063151e-01,1.221154366544050518e-01
1.842999999999999972e+00,7.308947368421053170e+01,7.372135161723947760e+01,-6.318779330289504559e-01,1.225283685963196589e-01
1.844000000000000083e+00,7.313684210526317031e+01,7.376859558925153237e+01,-6.317534839883612863e-01,1.229398287629352993e-01
1.844999999999999973e+00,7.318421052631579471e+01,7.381583845673931421e+01,-6.316279304235202785e-01,1.233498213014163625e-01
1.846000000000000085e+00,7.323157894736841911e+01,7.386308022499346748e+01,-6.315012776250511495e-01,1.237583503530030882e-01
1.846999999999999975e+00,7.327894736842104351e+01,7.391032089928565085e+01,-6.313735308646089006e-01,1.241654200529902496e-01
1.848000000000000087e+00,7.332631578947369633e+01,7.395756048486860834e+01,-6.312446953949050199e-01,1.245710345306934030e-01
1.848999999999999977e+00,7.337368421052632073e+01,7.400479898697618353e+01,-6.311147764498601376e-01,1.249751979094311238e-01
1.850000000000000089e+00,7.342105263157894512e+01,7.405203641082346167e+01,-6.309837792445154303e-01,1.253779143064415180e-01
1.850999999999999979e+00,7.346842105263158373e+01,7.409927276160672704e+01,-6.308517089751465301e-01,1.257791878329017621e-01
1.852000000000000091e+00,7.351578947368422234e+01,7.414650804450356247e+01,-6.307185708193402407e-01,1.261790225938925758e-01
1.852999999999999980e+00,7.356315789473684674e+01,7.419374226467289191e+01,-6.305843699360453858e-01,1.265774226883609188e-01
1.854000000000000092e+00,7.361052631578947114e+01,7.424097542725506571e+01,-6.304491114655981221e-01,1.269743922090720289e-01
1.854999999999999982e+00,7.365789473684209554e+01,7.428820753737187488e+01,-6.303128005297727876e-01,1.273699352426005404e-01
1.856000000000000094e+00,7.370526315789474836e+01,7.433543860012659366e+01,-6.301754422318456283e-01,1.277640558693038386e-01
1.856999999999999984e+00,7.375263157894737276e+01,7.438266862060409323e+01,-6.300370416567223630e-01,1.281567581632918618e-01
1.858000000000000096e+00,7.379999999999999716e+01,7.442989760387084175e+01,-6.298976038708354874e-01,1.285480461923667050e-01
1.858999999999999986e+00,7.384736842105263577e+01,7.447712555497494691e+01,-6.297571339223233533e-01,1.289379240180386077e-01
1.860000000000000098e+00,7.389473684210527438e+01,7.452435247894629811e+01,-6.296156368410168458e-01,1.293263956954797678e-01
1.860999999999999988e+00,7.394210526315791299e+01,7.457157838079649537e+01,-6.294731176385924831e-01,1.297134652735101312e-01
1.862000000000000099e+00,7.398947368421053739e+01,7.461880326551900566e+01,-6.293295813084699430e-01,1.300991367945227850e-01
1.862999999999999989e+00,7.403684210526316178e+01,7.466602713808912029e+01,-6.291850328259657177e-01,1.304834142945159314e-01
1.864000000000000101e+00,7.408421052631580039e+01,7.471325000346412537e+01,-6.290394771483304170e-01,1.308663018030502556e-01
1.864999999999999991e+00,7.413157894736842479e+01,7.476047186658325927e+01,-6.288929192148381420e-01,1.312478033432133984e-01
1.866000000000000103e+00,7.417894736842104919e+01,7.480769273236778361e+01,-6.287453639467358579e-01,1.316279229315808763e-01
1.866999999999999993e+00,7.422631578947367359e+01,7.485491260572106853e+01,-6.285968162473828391e-01,1.320066645782196346e-01
1.868000000000000105e+00,7.427368421052632641e+01,7.490213149152859273e+01,-6.284472810022637690e-01,1.323840322866542962e-01
1.868999999999999995e+00,7.432105263157896502e+01,7.494934939465807133e+01,-6.282967630791158609e-01,1.327600300538458455e-01
1.870000000000000107e+00,7.436842105263158942e+01,7.499656631995942746e+01,-6.281452673278397070e-01,1.331346618701347850e-01
1.870999999999999996e+00,7.441578947368421382e+01,7.504378227226489173e+01,-6.279927985806773583e-01,1.335079317192642279e-01
1.872000000000000108e+00,7.446315789473685243e+01,7.509099725638904488e+01,-6.278393616521872334e-01,1.338798435783301599e-01
1.872999999999999998e+00,7.451052631578947683e+01,7.513821127712884618e+01,-6.276849613393710170e-01,1.342504014177796634e-01
1.874000000000000110e+00,7.455789473684210122e+01,7.518542433926374713e+01,-6.275296024216480140e-01,1.346196092013505208e-01
1.875000000000000000e+00,7.460526315789472562e+01,7.523263644755567725e+01,-6.273732896609448551e-01,1.349874708860783201e-01
1.876000000000000112e+00,7.465263157894737844e+01,7.527984760674911513e+01,-6.272160278017331336e-01,1.353539904222733625e-01
1.877000000000000002e+00,7.470000000000000284e+01,7.532705782157115948e+01,-6.270578215711439807e-01,1.357191717534993458e-01
1.878000000000000114e+00,7.474736842105264145e+01,7.537426709673152914e+01,-6.268986756788919035e-01,1.360830188165165211e-01
1.879000000000000004e+00,7.479473684210526585e+01,7.542147543692270517e+01,-6.267385948174399868e-01,1.364455355413136672e-01
1.880000000000000115e+00,7.484210526315790446e+01,7.546868284681990247e+01,-6.265775836620002259e-01,1.368067258510601292e-01
1.881000000000000005e+00,7.488947368421052886e+01,7.551588933108114077e+01,-6.264156468706092440e-01,1.371665936620880544e-01
1.882000000000000117e+00,7.493684210526315326e+01,7.556309489434731574e+01,-6.262527890841544931e-01,1.375251428838657475e-01
1.883000000000000007e+00,7.498421052631577766e+01,7.561029954124221319e+01,-6.260890149264245474e-01,1.378823774189852358e-01
1.884000000000000119e+00,7.503157894736843048e+01,7.565750327637260852e+01,-6.259243290041729413e-01,1.382383011631498348e-01
1.885000000000000009e+00,7.507894736842105488e+01,7.570470610432828096e+01,-6.257587359072199762e-01,1.385929180051475029e-01
1.886000000000000121e+00,7.512631578947369348e+01,7.575190802968207038e+01,-6.255922402083763378e-01,1.389462318268117613e-01
1.887000000000000011e+00,7.517368421052631788e+01,7.579910905698991996e+01,-6.254248464636085192e-01,1.392982465030394579e-01
1.888000000000000123e+00,7.522105263157897070e+01,7.584630919079097566e+01,-6.252565592120132854e-01,1.396489659017516871e-01
1.889000000000000012e+00,7.526842105263159510e+01,7.589350843560755777e+01,-6.250873829759704403e-01,1.399983938838937902e-01
1.890000000000000124e+00,7.531578947368421950e+01,7.594070679594528883e+01,-6.249173222610665546e-01,1.403465343033802881e-01
1.891000000000000014e+00,7.536315789473684390e+01,7.598790427629307942e+01,-6.247463815562347422e-01,1.406933910071090921e-01
1.892000000000000126e+00,7.541052631578948251e+01,7.603510088112322762e+01,-6.245745653337418934e-01,1.410389678349313058e-01
1.893000000000000016e+00,7.545789473684210691e+01,7.608229661489143325e+01,-6.244018780493161280e-01,1.413832686196565547e-01
1.894000000000000128e+00,7.550526315789474552e+01,7.612949148203685468e+01,-6.242283241421212603e-01,1.417262971869961419e-01
1.895000000000000018e+00,7.555263157894736992e+01,7.617668548698220832e+01,-6.240539080348457279e-01,1.420680573555843651e-01
1.896000000000000130e+00,7.560000000000002274e+01,7.622387863413374021e+01,-6.238786341337155816e-01,1.424085529369376601e-01
1.897000000000000020e+00,7.564736842105264714e+01,7.627107092788129705e+01,-6.237025068286596863e-01,1.427477877354723645e-01
1.898000000000000131e+00,7.569473684210527153e+01,7.631826237259845414e+01,-6.235255304931822673e-01,1.430857655484247815e-01
1.899000000000000021e+00,7.574210526315789593e+01,7.636545297264243004e+01,-6.233477094845287780e-01,1.434224901658991413e-01
1.900000000000000133e+00,7.578947368421053454e+01,7.641264273235422877e+01,-6.231690481436984452e-01,1.437579653708338512e-01
1.901000000000000023e+00,7.583680263157894785e+01,7.645983165605872500e+01,-6.230290244797799248e-01,1.440921949389837309e-01
1.902000000000000135e+00,7.588405263157895320e+01,7.650701953461046401e+01,-6.229669030315045930e-01,1.277450475860595347e-01
1.903000000000000025e+00,7.593122368421052215e+01,7.655420600942760245e+01,-6.229823252170818559e-01,9.971942500214492355e-02
1.904000000000000137e+00,7.597831578947369735e+01,7.660139061772134994e+01,-6.230748282476639144e-01,6.354907518138741551e-02
1.905000000000000027e+00,7.602532894736842195e+01,7.664857282444117459e+01,-6.232438770727598554e-01,2.172985682981920519e-02
1.906000000000000139e+00,7.607226315789475279e+01,7.669575204483518860e+01,-6.234888869404453526e-01,-2.397559140748750650e-02
1.907000000000000028e+00,7.611911842105263304e+01,7.674292766038074376e+01,-6.238092393281113868e-01,-7.232261561801589522e-02
1.908000000000000140e+00,7.616589473684210532e+01,7.679009903003125714e+01,-6.242042931891480517e-01,-1.224324923895627748e-01
1.909000000000000030e+00,7.621259210526315542e+01,7.683726549815429507e+01,-6.246733928911376577e-01,-1.736850092293229508e-01
1.910000000000000142e+00,7.625921052631579755e+01,7.688442640013215623e+01,-6.252158738163665630e-01,-2.256425773911070465e-01
1.911000000000000032e+00,7.630575000000000330e+01,7.693158106631126714e+01,-6.258310663112728323e-01,-2.779966209548971889e-01
1.912000000000000144e+00,7.635221052631578686e+01,7.697872882478493750e+01,-6.265182984691509693e-01,-3.305297030939930991e-01
1.913000000000000034e+00,7.639859210526316247e+01,7.702586900335209918e+01,-6.272768980889292800e-01,-3.830887699693805715e-01
1.914000000000000146e+00,7.644489473684211589e+01,7.707300093089392590e+01,-6.281061940518148923e-01,-4.355662487362819135e-01
1.915000000000000036e+00,7.649111842105263293e+01,7.712012393833924762e+01,-6.290055172866179101e-01,-4.878866941337323127e-01
1.916000000000000147e+00,7.653726315789474199e+01,7.716723735933952355e+01,-6.299742014447796690e-01,-5.399973549026588771e-01
1.917000000000000037e+00,7.658332894736842889e+01,7.721434053073852510e+01,-6.310115833701024357e-01,-5.918615093896031354e-01
1.918000000000000149e+00,7.662931578947369360e+01,7.726143279289726706e+01,-6.321170034235729096e-01,-6.434537574575029950e-01
1.919000000000000039e+00,7.667522368421052192e+01,7.730851348991649274e+01,-6.332898057059758168e-01,-6.947566944409571121e-01
1.919999999999999929e+00,7.672105263157894228e+01,7.735558196978699641e+01,-6.345293382080415823e-01,-7.457585614547879160e-01
1.921000000000000041e+00,7.676680263157895467e+01,7.740263758448878662e+01,-6.358349529098448194e-01,-7.964515854529023997e-01
1.921999999999999931e+00,7.681247368421053068e+01,7.744967969005443820e+01,-6.372060058439067420e-01,-8.468308065653671335e-01
1.923000000000000043e+00,7.685806578947368450e+01,7.749670764660679367e+01,-6.386418571331198279e-01,-8.968932496757391348e-01
1.923999999999999932e+00,7.690357894736841615e+01,7.754372081837907160e+01,-6.401418710106584475e-01,-9.466373391890678946e-01
1.925000000000000044e+00,7.694901315789472562e+01,7.759071857372200043e+01,-6.417054158272683662e-01,-9.960624856031659036e-01
1.925999999999999934e+00,7.699436842105262713e+01,7.763770028510236898e+01,-6.433318640497401875e-01,-1.045168793451332512e+00
1.927000000000000046e+00,7.703964473684212066e+01,7.768466532909516786e+01,-6.450205922530471980e-01,-1.093956854988547001e+00
1.927999999999999936e+00,7.708484210526314939e+01,7.773161308637138234e+01,-6.467709811082209548e-01,-1.142427604451609291e+00
1.929000000000000048e+00,7.712996052631578436e+01,7.777854294168278670e+01,-6.485824153669954573e-01,-1.190582215112033104e+00
1.929999999999999938e+00,7.717499999999999716e+01,7.782545428384456443e+01,-6.504542838445686037e-01,-1.238422026560063394e+00
1.931000000000000050e+00,7.721996052631580199e+01,7.787234650571643613e+01,-6.523859794006335866e-01,-1.285948493345661525e+00
1.931999999999999940e+00,7.726484210526315621e+01,7.791921900418279279e+01,-6.543768989196335761e-01,-1.333163148707110501e+00
1.933000000000000052e+00,7.730964473684211669e+01,7.796607118013224635e+01,-6.564264432901394386e-01,-1.380067578958382946e+00
1.933999999999999941e+00,7.735436842105264077e+01,7.801290243843658345e+01,-6.585340173839469013e-01,-1.426663405406348950e+00
1.935000000000000053e+00,7.739901315789474268e+01,7.805971218792953437e+01,-6.606990300347923561e-01,-1.472952271587470996e+00
1.935999999999999943e+00,7.744357894736842240e+01,7.810649984138532886e+01,-6.629208940169157849e-01,-1.518935834262442164e+00
1.937000000000000055e+00,7.748806578947369417e+01,7.815326481549722359e+01,-6.651990260235349783e-01,-1.564615757065552337e+00
1.937999999999999945e+00,7.753247368421051533e+01,7.820000653085590159e+01,-6.675328466453830378e-01,-1.609993706029483995e+00
1.939000000000000057e+00,7.757680263157894274e+01,7.824672441192799965e+01,-6.699217803490551404e-01,-1.655071346434994872e+00
1.939999999999999947e+00,7.762105263157894797e+01,7.829341788703456473e+01,-6.723652554556224237e-01,-1.699850340596465337e+00
1.941000000000000059e+00,7.766522368421051681e+01,7.834008638832963811e+01,-6.748627041191188614e-01,-1.744332346308612891e+00
1.941999999999999948e+00,7.770931578947367768e+01,7.838672935177893919e+01,-6.774135623052571775e-01,-1.788519015760187791e+00
1.943000000000000060e+00,7.775332894736843059e+01,7.843334621713849231e+01,-6.800172697700676006e-01,-1.832411994777571884e+00
1.943999999999999950e+00,7.779726315789473290e+01,7.847993642793355207e+01,-6.826732700388177255e-01,-1.876012922301360852e+00
1.945000000000000062e+00,7.784111842105262724e+01,7.852649943143738653e+01,-6.853810103847535196e-01,-1.919323430027524147e+00
1.945999999999999952e+00,7.788489473684211362e+01,7.857303467865038726e+01,-6.881399418082732033e-01,-1.962345142164708456e+00
1.947000000000000064e+00,7.792859210526316360e+01,7.861954162427912252e+01,-6.909495190159604672e-01,-2.005079675273678141e+00
1.947999999999999954e+00,7.797221052631579141e+01,7.866601972671553256e+01,-6.938092003997334833e-01,-2.047528638164643588e+00
1.949000000000000066e+00,7.801575000000001125e+01,7.871246844801623865e+01,-6.967184480162345039e-01,-2.089693631835404908e+00
1.949999999999999956e+00,7.805921052631578050e+01,7.875888725388197997e+01,-6.996767275661943675e-01,-2.131576249438412951e+00
1.951000000000000068e+00,7.810259210526317020e+01,7.880527561363705047e+01,-7.026835083738864896e-01,-2.173178076268096781e+00
1.951999999999999957e+00,7.814589473684210930e+01,7.885163300020897736e+01,-7.057382633668726202e-01,-2.214500689762496144e+00
1.953000000000000069e+00,7.818911842105264043e+01,7.889795889010818541e+01,-7.088404690555458743e-01,-2.255545659515017398e+00
1.953999999999999959e+00,7.823226315789473517e+01,7.894425276340783171e+01,-7.119896055131058610e-01,-2.296314547293190067e+00
1.955000000000000071e+00,7.827532894736843616e+01,7.899051410372372573e+01,-7.151851563552921176e-01,-2.336808907062432716e+00
1.955999999999999961e+00,7.831831578947368655e+01,7.903674239819429204e+01,-7.184266087206009344e-01,-2.377030285013195687e+00
1.957000000000000073e+00,7.836122368421052897e+01,7.908293713746073195e+01,-7.217134532501975341e-01,-2.416980219590601386e+00
1.957999999999999963e+00,7.840405263157894922e+01,7.912909781564721357e+01,-7.250451840682594629e-01,-2.456660241525626454e+00
1.959000000000000075e+00,7.844680263157896150e+01,7.917522393034120398e+01,-7.284212987622449287e-01,-2.496071873867458102e+00
1.959999999999999964e+00,7.848947368421052317e+01,7.922131498257384408e+01,-7.318412983633260094e-01,-2.535216632016617844e+00
1.961000000000000076e+00,7.853206578947369110e+01,7.926737047680050807e+01,-7.353046873268216377e-01,-2.574096023758536411e+00
1.961999999999999966e+00,7.857457894736842263e+01,7.931338992088137729e+01,-7.388109735129493316e-01,-2.612711549297418223e+00
1.963000000000000078e+00,7.861701315789473199e+01,7.935937282606211340e+01,-7.423596681673721998e-01,-2.651064701290336778e+00
1.963999999999999968e+00,7.865936842105263338e+01,7.940531870695474481e+01,-7.459502859021164278e-01,-2.689156964881335377e+00
1.965000000000000080e+00,7.870164473684211259e+01,7.945122708151851043e+01,-7.495823446763981712e-01,-2.726989817735582911e+00
1.965999999999999970e+00,7.874384210526315542e+01,7.949709747104083135e+01,-7.532553657776807077e-01,-2.764564730073478138e+00
1.967000000000000082e+00,7.878596052631579028e+01,7.954292940011850988e+01,-7.569688738027180452e-01,-2.801883164704700668e+00
1.967999999999999972e+00,7.882800000000000296e+01,7.958872239663875803e+01,-7.607223966387516301e-01,-2.838946577062173127e+00
1.969000000000000083e+00,7.886996052631579346e+01,7.963447599176059555e+01,-7.645154654447959830e-01,-2.875756415235884766e+00
1.969999999999999973e+00,7.891184210526316178e+01,7.968018971989621946e+01,-7.683476146330511236e-01,-2.912314120006651130e+00
1.971000000000000085e+00,7.895364473684210793e+01,7.972586311869241626e+01,-7.722183818503034480e-01,-2.948621124879724498e+00
1.971999999999999975e+00,7.899536842105263190e+01,7.977149572901218733e+01,-7.761273079595539803e-01,-2.984678856118271106e+00
1.973000000000000087e+00,7.903701315789473369e+01,7.981708709491637421e+01,-7.800739370216355217e-01,-3.020488732776724028e+00
1.973999999999999977e+00,7.907857894736841331e+01,7.986263676364538355e+01,-7.840578162769685777e-01,-3.056052166734015252e+00
1.975000000000000089e+00,7.912006578947368496e+01,7.990814428560112503e+01,-7.880784961274323042e-01,-3.091370562726623028e+00
1.975999999999999979e+00,7.916147368421052022e+01,7.995360921432880730e+01,-7.921355301182859687e-01,-3.126445318381557037e+00
1.977000000000000091e+00,7.920280263157894751e+01,7.999903110649911753e+01,-7.962284749201676837e-01,-3.161277824249155266e+00
1.977999999999999980e+00,7.924405263157895263e+01,8.004440952189018788e+01,-8.003568903112443511e-01,-3.195869463835751212e+00
1.979000000000000092e+00,7.928522368421053557e+01,8.008974402336994558e+01,-8.045203391594138997e-01,-3.230221613636198974e+00
1.979999999999999982e+00,7.932631578947368212e+01,8.013503417687830677e+01,-8.087183874046208754e-01,-3.264335643166293544e+00
1.981000000000000094e+00,7.936732894736842070e+01,8.018027955140961183e+01,-8.129506040411856871e-01,-3.298212914995025891e+00
1.981999999999999984e+00,7.940826315789473711e+01,8.022547971899507502e+01,-8.172165611003496810e-01,-3.331854784776694167e+00
1.983000000000000096e+00,7.944911842105263133e+01,8.027063425468544722e+01,-8.215158336328072242e-01,-3.365262601282901223e+00
1.983999999999999986e+00,7.948989473684211760e+01,8.031574273653349394e+01,-8.258479996913783427e-01,-3.398437706434415340e+00
1.985000000000000098e+00,7.953059210526316747e+01,8.036080474557691389e+01,-8.302126403137445321e-01,-3.431381435332872876e+00
1.985999999999999988e+00,7.957121052631578095e+01,8.040581986582108698e+01,-8.346093395052993635e-01,-3.464095116292383203e+00
1.987000000000000099e+00,7.961175000000001489e+01,8.045078768422199289e+01,-8.390376842219859910e-01,-3.496580070870970225e+00
1.987999999999999989e+00,7.965221052631578402e+01,8.049570779066924331e+01,-8.434972643534529579e-01,-3.528837613901857573e+00
1.989000000000000101e+00,7.969259210526315940e+01,8.054057977796915679e+01,-8.479876727059940666e-01,-3.560869053524707617e+00
1.989999999999999991e+00,7.973289473684209838e+01,8.058540324182797576e+01,-8.525085049858689423e-01,-3.592675691216624223e+00
1.991000000000000103e+00,7.977311842105262940e+01,8.063017778083504083e+01,-8.570593597824085474e-01,-3.624258821823111099e+00
1.991999999999999993e+00,7.981326315789473824e+01,8.067490299644626361e+01,-8.616398385515139369e-01,-3.655619733588816977e+00
1.993000000000000105e+00,7.985332894736842491e+01,8.071957849296744314e+01,-8.662495455990159021e-01,-3.686759708188213303e+00
1.993999999999999995e+00,7.989331578947367518e+01,8.076420387753790919e+01,-8.708880880642251299e-01,-3.717680020756128023e+00
1.995000000000000107e+00,7.993322368421053170e+01,8.080877876011400929e+01,-8.755550759034821384e-01,-3.748381939918131955e+00
1.995999999999999996e+00,7.997305263157895183e+01,8.085330275345287987e+01,-8.802501218739369193e-01,-3.778866727820791915e+00
1.997000000000000108e+00,8.001280263157894979e+01,8.089777547309617489e+01,-8.849728415172257723e-01,-3.809135640161824377e+00
1.997999999999999998e+00,8.005247368421052556e+01,8.094219653735393649e+01,-8.897228531434033805e-01,-3.839189926220098137e+00
1.999000000000000110e+00,8.009206578947367916e+01,8.098656556728853673e+01,-8.944997778148494616e-01,-3.869030828885510864e+00
2.000000000000000000e+00,8.013157894736842479e+01,8.103088218669867615e+01,-8.993032393302511363e-01,-3.898659584688760837e+00
2.000999999999999890e+00,8.017101315789473404e+01,8.107514602210351029e+01,-9.041328642087764766e-01,-3.928077423830928616e+00
2.002000000000000224e+00,8.021036842105264952e+01,8.111935670272681875e+01,-9.089882816741721161e-01,-3.957285570213019632e+00
2.003000000000000114e+00,8.024964473684210020e+01,8.116351386048128802e+01,-9.138691236391781603e-01,-3.986285241465306051e+00
2.004000000000000004e+00,8.028884210526315712e+01,8.120761712995280845e+01,-9.187750246896508877e-01,-4.015077648976610014e+00
2.004999999999999893e+00,8.032796052631579187e+01,8.125166614838499868e+01,-9.237056220692071440e-01,-4.043663997923373721e+00
2.006000000000000227e+00,8.036700000000000443e+01,8.129566055566355942e+01,-9.286605556635508796e-01,-4.072045487298711741e+00
2.007000000000000117e+00,8.040596052631579482e+01,8.133959999430102528e+01,-9.336394679852183520e-01,-4.100223309941235961e+00
2.008000000000000007e+00,8.044484210526316303e+01,8.138348410942128908e+01,-9.386420041581343687e-01,-4.128198652563839666e+00
2.008999999999999897e+00,8.048364473684209486e+01,8.142731254874448155e+01,-9.436678119023829137e-01,-4.155972695782316428e+00
2.010000000000000231e+00,8.052236842105264714e+01,8.147108496257163779e+01,-9.487165415189919848e-01,-4.183546614143854647e+00
2.011000000000000121e+00,8.056101315789474882e+01,8.151480100376971905e+01,-9.537878458749720068e-01,-4.210921576155407742e+00
2.012000000000000011e+00,8.059957894736842832e+01,8.155846032775653498e+01,-9.588813803881127695e-01,-4.238098744311987964e+00
2.012999999999999901e+00,8.063806578947367143e+01,8.160206259248585070e+01,-9.639968030121747189e-01,-4.265079275124773694e+00
2.014000000000000234e+00,8.067647368421053500e+01,8.164560745843242273e+01,-9.691337742218898432e-01,-4.291864319149154561e+00
2.015000000000000124e+00,8.071480263157894797e+01,8.168909458857730499e+01,-9.742919569983560235e-01,-4.318455021012582939e+00
2.016000000000000014e+00,8.075305263157895297e+01,8.173252364839309791e+01,-9.794710168141523843e-01,-4.344852519442405914e+00
2.016999999999999904e+00,8.079122368421053579e+01,8.177589430582929708e+01,-9.846706216187722793e-01,-4.371057947293492951e+00
2.018000000000000238e+00,8.082931578947369644e+01,8.181920623129775549e+01,-9.898904418240561665e-01,-4.397072431575776541e+00
2.019000000000000128e+00,8.086732894736843491e+01,8.186245909765814588e+01,-9.951301502897139661e-01,-4.422897093481682695e+00
2.020000000000000018e+00,8.090526315789473699e+01,8.190565258020363615e+01,-1.000389422308898268e+00,-4.448533048413419344e+00
2.020999999999999908e+00,8.094311842105263111e+01,8.194878635664646538e+01,-1.005667935593827389e+00,-4.473981406010183015e+00
2.022000000000000242e+00,8.098089473684211725e+01,8.199186010710371875e+01,-1.010965370261601270e+00,-4.499243270175193210e+00
2.023000000000000131e+00,8.101859210526315280e+01,8.203487351408314510e+01,-1.016281408819989629e+00,-4.524319739102680593e+00
2.024000000000000021e+00,8.105621052631579460e+01,8.207782626246903135e+01,-1.021615736153234755e+00,-4.549211905304706427e+00
2.024999999999999911e+00,8.109375000000000000e+01,8.212071803950813376e+01,-1.026968039508133090e+00,-4.573920855637865657e+00
2.026000000000000245e+00,8.113121052631579744e+01,8.216354853479573705e+01,-1.032338008479938951e+00,-4.598447671329928710e+00
2.027000000000000135e+00,8.116859210526315849e+01,8.220631744026177046e+01,-1.037725334998611970e+00,-4.622793428006293226e+00
2.028000000000000025e+00,8.120589473684209736e+01,8.224902445015693786e+01,-1.043129713314835172e+00,-4.646959195716386937e+00
2.028999999999999915e+00,8.124311842105262826e+01,8.229166926103899016e+01,-1.048550839986364336e+00,-4.670946038959913338e+00
2.030000000000000249e+00,8.128026315789475120e+01,8.233425157175904019e+01,-1.053988413864287654e+00,-4.694755016713000551e+00
2.031000000000000139e+00,8.131732894736842354e+01,8.237677108344794874e+01,-1.059442136079515429e+00,-4.718387182454236495e+00
2.032000000000000028e+00,8.135431578947368791e+01,8.241922749950278160e+01,-1.064911710029089686e+00,-4.741843584190606364e+00
2.032999999999999918e+00,8.139122368421051590e+01,8.246162052557335187e+01,-1.070396841362839968e+00,-4.765125264483282663e+00
2.034000000000000252e+00,8.142805263157895013e+01,8.250394986954881915e+01,-1.075897237969858589e+00,-4.788233260473343300e+00
2.035000000000000142e+00,8.146480263157894797e+01,8.254621524154431711e+01,-1.081412609965359151e+00,-4.811168603907322705e+00
2.036000000000000032e+00,8.150147368421053784e+01,8.258841635388775160e+01,-1.086942669677215978e+00,-4.833932321162738965e+00
2.036999999999999922e+00,8.153806578947367711e+01,8.263055292110658456e+01,-1.092487131632899233e+00,-4.856525433273422898e+00
2.038000000000000256e+00,8.157457894736842263e+01,8.267262465991468900e+01,-1.098045712546268371e+00,-4.878948955954798272e+00
2.039000000000000146e+00,8.161101315789474597e+01,8.271463128919934604e+01,-1.103618131304608285e+00,-4.901203899629002159e+00
2.040000000000000036e+00,8.164736842105263293e+01,8.275657253000819935e+01,-1.109204108955577084e+00,-4.923291269449939556e+00
2.040999999999999925e+00,8.168364473684209770e+01,8.279844810553638013e+01,-1.114803368694291974e+00,-4.945212065328218110e+00
2.042000000000000259e+00,8.171984210526316872e+01,8.284025774111364626e+01,-1.120415635850480651e+00,-4.966967281955954938e+00
2.043000000000000149e+00,8.175596052631578914e+01,8.288200116419159258e+01,-1.126040637875797223e+00,-4.988557908831491083e+00
2.044000000000000039e+00,8.179200000000000159e+01,8.292367810433090369e+01,-1.131678104330908097e+00,-5.009984930284027804e+00
2.044999999999999929e+00,8.182796052631577766e+01,8.296528829318877740e+01,-1.137327766872987755e+00,-5.031249325498079017e+00
2.046000000000000263e+00,8.186384210526315997e+01,8.300683146450626282e+01,-1.142989359243096414e+00,-5.052352068537881102e+00
2.047000000000000153e+00,8.189964473684212010e+01,8.304830735409582587e+01,-1.148662617253701557e+00,-5.073294128371691691e+00
2.048000000000000043e+00,8.193536842105264384e+01,8.308971569982878691e+01,-1.154347278776144625e+00,-5.094076468895966769e+00
2.048999999999999932e+00,8.197101315789473119e+01,8.313105624162304252e+01,-1.160043083728314439e+00,-5.114700048959432088e+00
2.049999999999999822e+00,8.200657894736842479e+01,8.317232872143068789e+01,-1.165749774062267985e+00,-5.135165822387059542e+00
2.051000000000000156e+00,8.204206578947369621e+01,8.321353288322575281e+01,-1.171467093752055266e+00,-5.155474738003904100e+00
2.052000000000000046e+00,8.207747368421053125e+01,8.325466847299200879e+01,-1.177194788781481316e+00,-5.175627739658916759e+00
2.052999999999999936e+00,8.211280263157894410e+01,8.329573523871090401e+01,-1.182932607131967240e+00,-5.195625766248560318e+00
2.053999999999999826e+00,8.214805263157893478e+01,8.333673293034942731e+01,-1.188680298770492083e+00,-5.215469751740395843e+00
2.055000000000000160e+00,8.218322368421053170e+01,8.337766129984809993e+01,-1.194437615637568229e+00,-5.235160625196516371e+00
2.056000000000000050e+00,8.221831578947369223e+01,8.341852010110906690e+01,-1.200204311635385324e+00,-5.254699310796896228e+00
2.056999999999999940e+00,8.225332894736841638e+01,8.345930908998428777e+01,-1.205980142615864281e+00,-5.274086727862648871e+00
2.057999999999999829e+00,8.228826315789473256e+01,8.350002802426354265e+01,-1.211764866368812310e+00,-5.293323790879188806e+00
2.059000000000000163e+00,8.232311842105264077e+01,8.354067666366289302e+01,-1.217558242610256691e+00,-5.312411409519241623e+00
2.060000000000000053e+00,8.235789473684209838e+01,8.358125476981282986e+01,-1.223360032970727929e+00,-5.331350488665820286e+00
2.060999999999999943e+00,8.239259210526314803e+01,8.362176210624673445e+01,-1.229170000983580424e+00,-5.350141928435058425e+00
2.061999999999999833e+00,8.242721052631577550e+01,8.366219843838926806e+01,-1.234987912073492344e+00,-5.368786624198947699e+00
2.063000000000000167e+00,8.246175000000000921e+01,8.370256353354491807e+01,-1.240813533544912861e+00,-5.387285466607999673e+00
2.064000000000000057e+00,8.249621052631579232e+01,8.374285716088650133e+01,-1.246646634570701462e+00,-5.405639341613779791e+00
2.064999999999999947e+00,8.253059210526316747e+01,8.378307909144376708e+01,-1.252486986180602280e+00,-5.423849130491373849e+00
2.065999999999999837e+00,8.256489473684209202e+01,8.382322909809215616e+01,-1.258334361250060374e+00,-5.441915709861705253e+00
2.067000000000000171e+00,8.259911842105263702e+01,8.386330695554147496e+01,-1.264188534488835725e+00,-5.459839951713824746e+00
2.068000000000000060e+00,8.263326315789474563e+01,8.390331244032471147e+01,-1.270049282429960957e+00,-5.477622723427026941e+00
2.068999999999999950e+00,8.266732894736841786e+01,8.394324533078683714e+01,-1.275916383418417066e+00,-5.495264887792947306e+00
2.069999999999999840e+00,8.270131578947366791e+01,8.398310540707382188e+01,-1.281789617600143094e+00,-5.512767303037491295e+00
2.071000000000000174e+00,8.273522368421052420e+01,8.402289245112152116e+01,-1.287668766910992080e+00,-5.530130822842704852e+00
2.072000000000000064e+00,8.276905263157894410e+01,8.406260624664476211e+01,-1.293553615065816009e+00,-5.547356296368543660e+00
2.072999999999999954e+00,8.280280263157895604e+01,8.410224657912640112e+01,-1.299443947547447964e+00,-5.564444568274558023e+00
2.073999999999999844e+00,8.283647368421053159e+01,8.414181323580646676e+01,-1.305339551595939396e+00,-5.581396478741451617e+00
2.075000000000000178e+00,8.287006578947369917e+01,8.418130600567138799e+01,-1.311240216197695263e+00,-5.598212863492581626e+00
2.076000000000000068e+00,8.290357894736841615e+01,8.422072467944327911e+01,-1.317145732074851194e+00,-5.614894553815323874e+00
2.076999999999999957e+00,8.293701315789473938e+01,8.426006904956916799e+01,-1.323055891674433715e+00,-5.631442376582393550e+00
2.077999999999999847e+00,8.297036842105262622e+01,8.429933891021049419e+01,-1.328970489157864865e+00,-5.647857154273013158e+00
2.079000000000000181e+00,8.300364473684211930e+01,8.433853405723245089e+01,-1.334889320390338474e+00,-5.664139704994046731e+00
2.080000000000000071e+00,8.303684210526316178e+01,8.437765428819353986e+01,-1.340812182930376295e+00,-5.680290842501007909e+00
2.080999999999999961e+00,8.306996052631579630e+01,8.441669940233502700e+01,-1.346738876019242026e+00,-5.696311376218985423e+00
2.081999999999999851e+00,8.310299999999999443e+01,8.445566920057065374e+01,-1.352669200570649766e+00,-5.712202111263450455e+00
2.083000000000000185e+00,8.313596052631579880e+01,8.449456348547620621e+01,-1.358602959160407853e+00,-5.727963848461005369e+00
2.084000000000000075e+00,8.316884210526316679e+01,8.453338206127928345e+01,-1.364539956016126654e+00,-5.743597384370048964e+00
2.084999999999999964e+00,8.320164473684211259e+01,8.457212473384905138e+01,-1.370479997006938788e+00,-5.759103511301303158e+00
2.085999999999999854e+00,8.323436842105262201e+01,8.461079131068601100e+01,-1.376422889633385438e+00,-5.774483017338289059e+00
2.087000000000000188e+00,8.326701315789473767e+01,8.464938160091196551e+01,-1.382368443017225168e+00,-5.789736686357704443e+00
2.088000000000000078e+00,8.329957894736841695e+01,8.468789541525988795e+01,-1.388316467891473227e+00,-5.804865298049691091e+00
2.088999999999999968e+00,8.333206578947368826e+01,8.472633256606393104e+01,-1.394266776590248780e+00,-5.819869627938055956e+00
2.089999999999999858e+00,8.336447368421052317e+01,8.476469286724943686e+01,-1.400219183038914572e+00,-5.834750447400348428e+00
2.091000000000000192e+00,8.339680263157895013e+01,8.480297613432306036e+01,-1.406173502744104242e+00,-5.849508523687896755e+00
2.092000000000000082e+00,8.342905263157894069e+01,8.484118218436290704e+01,-1.412129552783963238e+00,-5.864144619945718340e+00
2.092999999999999972e+00,8.346122368421052329e+01,8.487931083600869897e+01,-1.418087151798174350e+00,-5.878659495232384735e+00
2.093999999999999861e+00,8.349331578947368371e+01,8.491736190945208307e+01,-1.424046119978404468e+00,-5.893053904539726773e+00
2.095000000000000195e+00,8.352532894736843616e+01,8.495533522642689661e+01,-1.430006279058456675e+00,-5.907328598812551235e+00
2.096000000000000085e+00,8.355726315789473801e+01,8.499323061019947545e+01,-1.435967452304728775e+00,-5.921484324968189661e+00
2.096999999999999975e+00,8.358911842105263190e+01,8.503104788555916116e+01,-1.441929464506531922e+00,-5.935521825915989425e+00
2.097999999999999865e+00,8.362089473684210361e+01,8.506878687880870871e+01,-1.447892141966599544e+00,-5.949441840576720431e+00
2.099000000000000199e+00,8.365259210526316735e+01,8.510644741775475097e+01,-1.453855312491584284e+00,-5.963245103901891220e+00
2.100000000000000089e+00,8.368421052631579471e+01,8.514402933169843379e+01,-1.459818805382642859e+00,-5.976932346892988690e+00
2.100999999999999979e+00,8.371574999999999989e+01,8.518153245142597996e+01,-1.465782451425984068e+00,-5.990504296620612124e+00
2.101999999999999869e+00,8.374721052631578289e+01,8.521895660919936688e+01,-1.471746082883581552e+00,-6.003961676243538825e+00
2.103000000000000203e+00,8.377859210526315792e+01,8.525630163874704692e+01,-1.477709533483885895e+00,-6.017305205027700055e+00
2.104000000000000092e+00,8.380989473684211077e+01,8.529356737525469612e+01,-1.483672638412589340e+00,-6.030535598365086791e+00
2.104999999999999982e+00,8.384111842105264145e+01,8.533075365535600554e+01,-1.489635234303375633e+00,-6.043653567792543591e+00
2.105999999999999872e+00,8.387226315789473574e+01,8.536786031712360057e+01,-1.495597159228862605e+00,-6.056659821010491385e+00
2.107000000000000206e+00,8.390332894736842206e+01,8.540488720005988910e+01,-1.501558252691454820e+00,-6.069555061901578341e+00
2.108000000000000096e+00,8.393431578947368621e+01,8.544183414508805186e+01,-1.507518355614361427e+00,-6.082339990549239239e+00
2.108999999999999986e+00,8.396522368421052818e+01,8.547870099454306114e+01,-1.513477310332537629e+00,-6.095015303256156258e+00
2.109999999999999876e+00,8.399605263157894797e+01,8.551548759216272799e+01,-1.519434960583792460e+00,-6.107581692562668252e+00
2.111000000000000210e+00,8.402680263157895979e+01,8.555219378307880618e+01,-1.525391151499845499e+00,-6.120039847265082322e+00
2.112000000000000099e+00,8.405747368421052101e+01,8.558881941380811043e+01,-1.531345729597584748e+00,-6.132390452433886807e+00
2.112999999999999989e+00,8.408806578947368848e+01,8.562536433224379095e+01,-1.537298542770100251e+00,-6.144634189431929627e+00
2.113999999999999879e+00,8.411857894736840535e+01,8.566182838764653695e+01,-1.543249440278119167e+00,-6.156771735932442091e+00
2.115000000000000213e+00,8.414901315789474268e+01,8.569821143063586533e+01,-1.549198272741127980e+00,-6.168803765937079575e+00
2.116000000000000103e+00,8.417936842105262940e+01,8.573451331318152313e+01,-1.555144892128898615e+00,-6.180730949793778350e+00
2.116999999999999993e+00,8.420964473684209395e+01,8.577073388859480474e+01,-1.561089151752709236e+00,-6.192553954214623957e+00
2.117999999999999883e+00,8.423984210526315053e+01,8.580687301152003954e+01,-1.567030906256885681e+00,-6.204273442293566809e+00
2.119000000000000217e+00,8.426996052631578493e+01,8.584293053792603700e+01,-1.572970011610250740e+00,-6.215890073524108494e+00
2.120000000000000107e+00,8.429999999999999716e+01,8.587890632509767386e+01,-1.578906325097677588e+00,-6.227404503816887704e+00
2.120999999999999996e+00,8.432996052631578721e+01,8.591480023162742441e+01,-1.584839705311641200e+00,-6.238817385517182679e+00
2.121999999999999886e+00,8.435984210526315508e+01,8.595061211740699036e+01,-1.590770012143835288e+00,-6.250129367422354143e+00
2.123000000000000220e+00,8.438964473684211498e+01,8.598634184361898747e+01,-1.596697106776877151e+00,-6.261341094799181661e+00
2.124000000000000110e+00,8.441936842105262429e+01,8.602198927272864637e+01,-1.602620851676025415e+00,-6.272453209401160912e+00
2.125000000000000000e+00,8.444901315789473983e+01,8.605755426847559875e+01,-1.608541110580859579e+00,-6.283466349485698821e+00
2.125999999999999890e+00,8.447857894736841899e+01,8.609303669586562080e+01,-1.614457748497201584e+00,-6.294381149831209221e+00
2.127000000000000224e+00,8.450806578947369019e+01,8.612843642116253307e+01,-1.620370631688846652e+00,-6.305198241754200517e+00
2.128000000000000114e+00,8.453747368421052499e+01,8.616375331188008602e+01,-1.626279627669560579e+00,-6.315918253126209692e+00
2.129000000000000004e+00,8.456680263157895183e+01,8.619898723677391672e+01,-1.632184605194975546e+00,-6.326541808390697241e+00
2.129999999999999893e+00,8.459605263157894228e+01,8.623413806583346286e+01,-1.638085434254524797e+00,-6.337069528579895916e+00
2.131000000000000227e+00,8.462522368421053898e+01,8.626920567027407571e+01,-1.643981986063541845e+00,-6.347502031331507588e+00
2.132000000000000117e+00,8.465431578947368507e+01,8.630418992252901944e+01,-1.649874133055334369e+00,-6.357839930905403669e+00
2.133000000000000007e+00,8.468332894736842320e+01,8.633909069624161248e+01,-1.655761748873195049e+00,-6.368083838200202962e+00
2.133999999999999897e+00,8.471226315789473915e+01,8.637390786625741157e+01,-1.661644708362678857e+00,-6.378234360769779343e+00
2.135000000000000231e+00,8.474111842105263293e+01,8.640864130861635317e+01,-1.667522887563728018e+00,-6.388292102839717934e+00
2.136000000000000121e+00,8.476989473684211873e+01,8.644329090054506537e+01,-1.673396163702949746e+00,-6.398257665323681564e+00
2.137000000000000011e+00,8.479859210526315394e+01,8.647785652044906612e+01,-1.679264415185919290e+00,-6.408131645839688417e+00
2.137999999999999901e+00,8.482721052631578118e+01,8.651233804790517468e+01,-1.685127521589393940e+00,-6.417914638726373688e+00
2.139000000000000234e+00,8.485575000000000045e+01,8.654673536365383768e+01,-1.690985363653832119e+00,-6.427607235059078050e+00
2.140000000000000124e+00,8.488421052631578334e+01,8.658104834959152640e+01,-1.696837823275735513e+00,-6.437210022665975195e+00
2.141000000000000014e+00,8.491259210526315826e+01,8.661527688876324760e+01,-1.702684783500090226e+00,-6.446723586144045726e+00
2.141999999999999904e+00,8.494089473684209679e+01,8.664942086535496912e+01,-1.708526128512875886e+00,-6.456148506875025284e+00
2.143000000000000238e+00,8.496911842105264157e+01,8.668348016468623030e+01,-1.714361743633594948e+00,-6.465485363041249656e+00
2.144000000000000128e+00,8.499726315789473574e+01,8.671745467320263856e+01,-1.720191515307896601e+00,-6.474734729641451914e+00
2.145000000000000018e+00,8.502532894736842195e+01,8.675134427846853669e+01,-1.726015331100119177e+00,-6.483897178506471626e+00
2.145999999999999908e+00,8.505331578947367177e+01,8.678514886915966997e+01,-1.731833079685988874e+00,-6.492973278314902785e+00
2.147000000000000242e+00,8.508122368421052784e+01,8.681886833505585344e+01,-1.737644650845329819e+00,-6.501963594608665353e+00
2.148000000000000131e+00,8.510905263157894751e+01,8.685250256703375271e+01,-1.743449935454799649e+00,-6.510868689808521736e+00
2.149000000000000021e+00,8.513680263157894501e+01,8.688605145705959387e+01,-1.749248825480649749e+00,-6.519689123229488459e+00
2.149999999999999911e+00,8.516447368421052033e+01,8.691951489818207222e+01,-1.755041213971550995e+00,-6.528425451096223853e+00
2.151000000000000245e+00,8.519206578947368769e+01,8.695289278452516157e+01,-1.760826995051469446e+00,-6.537078226558306504e+00
2.152000000000000135e+00,8.521957894736843286e+01,8.698618501128099467e+01,-1.766606063912565805e+00,-6.545647999705473730e+00
2.153000000000000025e+00,8.524701315789474165e+01,8.701939147470285718e+01,-1.772378316808110865e+00,-6.554135317582759690e+00
2.153999999999999915e+00,8.527436842105262826e+01,8.705251207209811071e+01,-1.778143651045487106e+00,-6.562540724205601528e+00
2.155000000000000249e+00,8.530164473684212112e+01,8.708554670182128632e+01,-1.783901964979167198e+00,-6.570864760574853136e+00
2.156000000000000139e+00,8.532884210526316338e+01,8.711849526326702176e+01,-1.789653158003855049e+00,-6.579107964691730537e+00
2.157000000000000028e+00,8.535596052631578345e+01,8.715135765686326863e+01,-1.795397130547490283e+00,-6.587270871572700415e+00
2.157999999999999918e+00,8.538299999999999557e+01,8.718413378406437175e+01,-1.801133784064377519e+00,-6.595354013264303816e+00
2.159000000000000252e+00,8.540996052631579971e+01,8.721682354734424791e+01,-1.806863021028455973e+00,-6.603357918857872377e+00
2.160000000000000142e+00,8.543684210526316747e+01,8.724942685018960731e+01,-1.812584744926442504e+00,-6.611283114504260539e+00
2.161000000000000032e+00,8.546364473684209884e+01,8.728194359709316075e+01,-1.818298860251063687e+00,-6.619130123428426771e+00
2.161999999999999922e+00,8.549036842105263645e+01,8.731437369354695477e+01,-1.824005272494325647e+00,-6.626899465944000589e+00
2.163000000000000256e+00,8.551701315789473767e+01,8.734671704603567832e+01,-1.829703888140935764e+00,-6.634591659467727887e+00
2.164000000000000146e+00,8.554357894736843093e+01,8.737897356202998367e+01,-1.835394614661561619e+00,-6.642207218533949131e+00
2.165000000000000036e+00,8.557006578947367359e+01,8.741114314997996360e+01,-1.841077360506277127e+00,-6.649746654808895485e+00
2.165999999999999925e+00,8.559647368421052249e+01,8.744322571930847232e+01,-1.846752035097948719e+00,-6.657210477105010682e+00
2.167000000000000259e+00,8.562280263157894922e+01,8.747522118040470218e+01,-1.852418548825745859e+00,-6.664599191395142341e+00
2.168000000000000149e+00,8.564905263157893955e+01,8.750712944461763243e+01,-1.858076813038691322e+00,-6.671913300826718185e+00
2.169000000000000039e+00,8.567522368421052192e+01,8.753895042424960593e+01,-1.863726740039083563e+00,-6.679153305735843205e+00
2.169999999999999929e+00,8.570131578947368212e+01,8.757068403254983480e+01,-1.869368243076161562e+00,-6.686319703661307123e+00
2.171000000000000263e+00,8.572732894736843434e+01,8.760233018370813340e+01,-1.875001236339704835e+00,-6.693412989358554555e+00
2.172000000000000153e+00,8.575326315789473597e+01,8.763388879284845245e+01,-1.880625634953711156e+00,-6.700433654813594764e+00
2.173000000000000043e+00,8.577911842105262963e+01,8.766535977602264040e+01,-1.886241354970009665e+00,-6.707382189256834160e+00
2.173999999999999932e+00,8.580489473684210111e+01,8.769674305020414806e+01,-1.891848313362052281e+00,-6.714259079176843947e+00
2.175000000000000266e+00,8.583059210526316463e+01,8.772803853328176160e+01,-1.897446428018603637e+00,-6.721064808334083374e+00
2.176000000000000156e+00,8.585621052631579175e+01,8.775924614405340662e+01,-1.903035617737622198e+00,-6.727799857774524384e+00
2.177000000000000046e+00,8.588174999999999670e+01,8.779036580222000907e+01,-1.908615802220012592e+00,-6.734464705843248744e+00
2.177999999999999936e+00,8.590721052631577948e+01,8.782139742837929930e+01,-1.914186902063520046e+00,-6.741059828197982107e+00
2.178999999999999826e+00,8.593259210526315428e+01,8.785234094401975824e+01,-1.919748838756610176e+00,-6.747585697822546358e+00
2.180000000000000160e+00,8.595789473684210691e+01,8.788319627151450675e+01,-1.925301534672400727e+00,-6.754042785040256014e+00
2.181000000000000050e+00,8.598311842105262315e+01,8.791396333411532282e+01,-1.930844913062695234e+00,-6.760431557527260438e+00
2.181999999999999940e+00,8.600826315789474563e+01,8.794464205594657358e+01,-1.936378898051837716e+00,-6.766752480325831876e+00
2.182999999999999829e+00,8.603332894736840331e+01,8.797523236199930352e+01,-1.941903414630898661e+00,-6.773006015857558459e+00
2.184000000000000163e+00,8.605831578947369565e+01,8.800573417812528021e+01,-1.947418388651594112e+00,-6.779192623936529216e+00
2.185000000000000053e+00,8.608322368421052317e+01,8.803614743103109674e+01,-1.952923746820573125e+00,-6.785312761782394730e+00
2.185999999999999943e+00,8.610805263157894274e+01,8.806647204827228848e+01,-1.958419416693349513e+00,-6.791366884033445572e+00
2.186999999999999833e+00,8.613280263157895433e+01,8.809670795824753498e+01,-1.963905326668589302e+00,-6.797355442759548616e+00
2.188000000000000167e+00,8.615747368421052954e+01,8.812685509019283359e+01,-1.969381405982296496e+00,-6.803278887475082470e+00
2.189000000000000057e+00,8.618206578947368257e+01,8.815691337417571560e+01,-1.974847584702025260e+00,-6.809137665151808072e+00
2.189999999999999947e+00,8.620657894736841342e+01,8.818688274108957614e+01,-1.980303793721166938e+00,-6.814932220231631810e+00
2.190999999999999837e+00,8.623101315789473631e+01,8.821676312264790454e+01,-1.985749964753174224e+00,-6.820662994639389964e+00
2.192000000000000171e+00,8.625536842105263702e+01,8.824655445137864263e+01,-1.991186030326002054e+00,-6.826330427795473277e+00
2.193000000000000060e+00,8.627964473684211555e+01,8.827625666061854304e+01,-1.996611923776432596e+00,-6.831934956628500366e+00
2.193999999999999950e+00,8.630384210526315769e+01,8.830586968450757013e+01,-2.002027579244415101e+00,-6.837477015587864138e+00
2.194999999999999840e+00,8.632796052631577766e+01,8.833539345798332931e+01,-2.007432931667542775e+00,-6.842957036656233782e+00
2.196000000000000174e+00,8.635200000000000387e+01,8.836482791677548221e+01,-2.012827916775482784e+00,-6.848375449362005263e+00
2.197000000000000064e+00,8.637596052631577948e+01,8.839417299740033229e+01,-2.018212471084541715e+00,-6.853732680791691401e+00
2.197999999999999954e+00,8.639984210526316133e+01,8.842342863715521162e+01,-2.023586531892055174e+00,-6.859029155602270222e+00
2.198999999999999844e+00,8.642364473684210679e+01,8.845259477411318016e+01,-2.028950037271072482e+00,-6.864265296033436492e+00
2.200000000000000178e+00,8.644736842105263008e+01,8.848167134711746940e+01,-2.034302926064831318e+00,-6.869441521919860349e+00
2.201000000000000068e+00,8.647101315789473119e+01,8.851065829577619581e+01,-2.039645137881469061e+00,-6.874558250703319828e+00
2.201999999999999957e+00,8.649457894736841013e+01,8.853955556045700348e+01,-2.044976613088587136e+00,-6.879615897444819161e+00
2.202999999999999847e+00,8.651806578947368109e+01,8.856836308228163546e+01,-2.050297292807961469e+00,-6.884614874836651133e+00
2.204000000000000181e+00,8.654147368421052988e+01,8.859708080312078948e+01,-2.055607118910260489e+00,-6.889555593214378604e+00
2.205000000000000071e+00,8.656480263157895649e+01,8.862570866558870364e+01,-2.060906034009753807e+00,-6.894438460568796501e+00
2.205999999999999961e+00,8.658805263157894672e+01,8.865424661303806886e+01,-2.066193981459121698e+00,-6.899263882557788108e+00
2.206999999999999851e+00,8.661122368421052897e+01,8.868269458955469986e+01,-2.071470905344174440e+00,-6.904032262518195573e+00
2.208000000000000185e+00,8.663431578947368905e+01,8.871105253995244766e+01,-2.076736750478764382e+00,-6.908744001477561625e+00
2.209000000000000075e+00,8.665732894736842695e+01,8.873932040976802682e+01,-2.081991462399606974e+00,-6.913399498165881951e+00
2.209999999999999964e+00,8.668026315789472847e+01,8.876749814525588533e+01,-2.087234987361155536e+00,-6.917999149027248329e+00
2.210999999999999854e+00,8.670311842105263622e+01,8.879558569338311713e+01,-2.092467272330484906e+00,-6.922543348231483762e+00
2.212000000000000188e+00,8.672589473684210759e+01,8.882358300182445987e+01,-2.097688264982355832e+00,-6.927032487685670148e+00
2.213000000000000078e+00,8.674859210526315678e+01,8.885149001895719323e+01,-2.102897913694038223e+00,-6.931466957045714139e+00
2.213999999999999968e+00,8.677121052631579801e+01,8.887930669385622195e+01,-2.108096167540424393e+00,-6.935847143727727371e+00
2.214999999999999858e+00,8.679375000000000284e+01,8.890703297628900259e+01,-2.113282976289003301e+00,-6.940173432919483965e+00
2.216000000000000192e+00,8.681621052631578550e+01,8.893466881671072599e+01,-2.118458290394939603e+00,-6.944446207591746578e+00
2.217000000000000082e+00,8.683859210526316019e+01,8.896221416625932932e+01,-2.123622060996160243e+00,-6.948665848509569365e+00
2.217999999999999972e+00,8.686089473684211271e+01,8.898966897675059329e+01,-2.128774239908483246e+00,-6.952832734243517443e+00
2.218999999999999861e+00,8.688311842105262883e+01,8.901703320067335312e+01,-2.133914779620718960e+00,-6.956947241180891695e+00
2.220000000000000195e+00,8.690526315789473699e+01,8.904430679118463843e+01,-2.139043633289900104e+00,-6.961009743536841654e+00
2.221000000000000085e+00,8.692732894736842297e+01,8.907148970210486993e+01,-2.144160754736446073e+00,-6.965020613365466851e+00
2.221999999999999975e+00,8.694931578947368678e+01,8.909858188791307043e+01,-2.149266098439393424e+00,-6.968980220570833772e+00
2.222999999999999865e+00,8.697122368421052840e+01,8.912558330374220361e+01,-2.154359619531674763e+00,-6.972888932917971516e+00
2.224000000000000199e+00,8.699305263157894785e+01,8.915249390537434238e+01,-2.159441273795386973e+00,-6.976747116043810593e+00
2.225000000000000089e+00,8.701480263157894512e+01,8.917931364923606452e+01,-2.164511017657109182e+00,-6.980555133468067552e+00
2.225999999999999979e+00,8.703647368421052022e+01,8.920604249239373473e+01,-2.169568808183220732e+00,-6.984313346604053230e+00
2.226999999999999869e+00,8.705806578947368735e+01,8.923268039254895712e+01,-2.174614603075270658e+00,-6.988022114769472104e+00
2.228000000000000203e+00,8.707957894736843230e+01,8.925922730803384297e+01,-2.179648360665409346e+00,-6.991681795197137284e+00
2.229000000000000092e+00,8.710101315789474086e+01,8.928568319780652018e+01,-2.184670039911772665e+00,-6.995292743045677497e+00
2.229999999999999982e+00,8.712236842105262724e+01,8.931204802144657151e+01,-2.189679600393937164e+00,-6.998855311410136615e+00
2.230999999999999872e+00,8.714364473684210566e+01,8.933832173915048713e+01,-2.194677002308381475e+00,-7.002369851332581163e+00
2.232000000000000206e+00,8.716484210526316190e+01,8.936450431172713138e+01,-2.199662206463966818e+00,-7.005836711812619022e+00
2.233000000000000096e+00,8.718596052631578175e+01,8.939059570059335158e+01,-2.204635174277562282e+00,-7.009256239817871048e+00
2.233999999999999986e+00,8.720700000000000784e+01,8.941659586776945901e+01,-2.209595867769452049e+00,-7.012628780294431152e+00
2.234999999999999876e+00,8.722796052631578334e+01,8.944250477587480930e+01,-2.214544249559022848e+00,-7.015954676177224236e+00
2.236000000000000210e+00,8.724884210526316508e+01,8.946832238812346816e+01,-2.219480282860309295e+00,-7.019234268400362353e+00
2.237000000000000099e+00,8.726964473684209622e+01,8.949404866831977756e+01,-2.224403931477670682e+00,-7.022467895907428925e+00
2.237999999999999989e+00,8.729036842105263361e+01,8.951968358085399302e+01,-2.229315159801349200e+00,-7.025655895661711448e+00
2.238999999999999879e+00,8.731101315789473460e+01,8.954522709069804876e+01,-2.234213932803311931e+00,-7.028798602656375571e+00
2.240000000000000213e+00,8.733157894736841342e+01,8.957067916340119496e+01,-2.239100216032769097e+00,-7.031896349924664946e+00
2.241000000000000103e+00,8.735206578947369849e+01,8.959603976508574874e+01,-2.243973975612055582e+00,-7.034949468549942964e+00
2.241999999999999993e+00,8.737247368421051874e+01,8.962130886244283090e+01,-2.248835178232316601e+00,-7.037958287675759372e+00
2.242999999999999883e+00,8.739280263157894524e+01,8.964648642272820211e+01,-2.253683791149258209e+00,-7.040923134515867154e+00
2.244000000000000217e+00,8.741305263157894956e+01,8.967157241375798549e+01,-2.258519782179038149e+00,-7.043844334364147919e+00
2.245000000000000107e+00,8.743322368421053170e+01,8.969656680390457382e+01,-2.263343119694042560e+00,-7.046722210604555947e+00
2.245999999999999996e+00,8.745331578947367746e+01,8.972146956209243740e+01,-2.268153772618751063e+00,-7.049557084720950328e+00
2.246999999999999886e+00,8.747332894736842945e+01,8.974628065779398867e+01,-2.272951710425564098e+00,-7.052349276306939529e+00
2.248000000000000220e+00,8.749326315789473085e+01,8.977100006102556051e+01,-2.277736903130819446e+00,-7.055099103075606948e+00
2.249000000000000110e+00,8.751311842105263850e+01,8.979562774234325673e+01,-2.282509321290621784e+00,-7.057806880869293309e+00
2.250000000000000000e+00,8.753289473684209554e+01,8.982016367283893032e+01,-2.287268935996833452e+00,-7.060472923669219192e+00
2.250999999999999890e+00,8.755259210526315883e+01,8.984460782413619029e+01,-2.292015718873028352e+00,-7.063097543605156403e+00
2.252000000000000224e+00,8.757221052631579994e+01,8.986896016838632306e+01,-2.296749642070524455e+00,-7.065681050964990995e+00
2.253000000000000114e+00,8.759175000000000466e+01,8.989322067826439877e+01,-2.301470678264387448e+00,-7.068223754204287168e+00
2.254000000000000004e+00,8.761121052631578721e+01,8.991738932696526376e+01,-2.306178800649475669e+00,-7.070725959955759699e+00
2.254999999999999893e+00,8.763059210526316178e+01,8.994146608819966104e+01,-2.310873982936493931e+00,-7.073187973038752574e+00
2.256000000000000227e+00,8.764989473684211418e+01,8.996545093619022282e+01,-2.315556199348115296e+00,-7.075610096468626153e+00
2.257000000000000117e+00,8.766911842105263020e+01,8.998934384566773304e+01,-2.320225424615100174e+00,-7.077992631466131890e+00
2.258000000000000007e+00,8.768826315789473824e+01,9.001314479186713413e+01,-2.324881633972402994e+00,-7.080335877466723993e+00
2.258999999999999897e+00,8.770732894736842411e+01,9.003685375052377537e+01,-2.329524803155356150e+00,-7.082640132129843558e+00
2.260000000000000231e+00,8.772631578947368780e+01,9.006047069786954751e+01,-2.334154908395851713e+00,-7.084905691348143186e+00
2.261000000000000121e+00,8.774522368421052931e+01,9.008399561062911687e+01,-2.338771926418578673e+00,-7.087132849256684963e+00
2.262000000000000011e+00,8.776405263157894865e+01,9.010742846601613110e+01,-2.343375834437190441e+00,-7.089321898242080700e+00
2.262999999999999901e+00,8.778280263157894581e+01,9.013076924172951010e+01,-2.347966610150566513e+00,-7.091473128951589544e+00
2.264000000000000234e+00,8.780147368421053500e+01,9.015401791594970859e+01,-2.352544231739172709e+00,-7.093586830302162305e+00
2.265000000000000124e+00,8.782006578947367359e+01,9.017717446733496445e+01,-2.357108677861284196e+00,-7.095663289489499093e+00
2.266000000000000014e+00,8.783857894736841843e+01,9.020023887501768911e+01,-2.361659927649268464e+00,-7.097702791996987060e+00
2.266999999999999904e+00,8.785701315789472687e+01,9.022321111860078702e+01,-2.366197960706050374e+00,-7.099705621604626593e+00
2.268000000000000238e+00,8.787536842105264157e+01,9.024609117815397497e+01,-2.370722757101332956e+00,-7.101672060397958397e+00
2.269000000000000128e+00,8.789364473684210566e+01,9.026887903421022941e+01,-2.375234297368124192e+00,-7.103602388776872445e+00
2.270000000000000018e+00,8.791184210526316178e+01,9.029157466776217689e+01,-2.379732562499009330e+00,-7.105496885464430257e+00
2.270999999999999908e+00,8.792996052631579573e+01,9.031417806025848449e+01,-2.384217533942690537e+00,-7.107355827515616120e+00
2.272000000000000242e+00,8.794800000000000750e+01,9.033668919360034977e+01,-2.388689193600348926e+00,-7.109179490326079431e+00
2.273000000000000131e+00,8.796596052631578289e+01,9.035910805013797642e+01,-2.393147523822183320e+00,-7.110968147640795323e+00
2.274000000000000021e+00,8.798384210526315030e+01,9.038143461266700740e+01,-2.397592507403861095e+00,-7.112722071562697757e+00
2.274999999999999911e+00,8.800164473684209554e+01,9.040366886442514271e+01,-2.402024127583044066e+00,-7.114441532561299297e+00
2.276000000000000245e+00,8.801936842105263281e+01,9.042581078908855829e+01,-2.406442368035930812e+00,-7.116126799481228282e+00
2.277000000000000135e+00,8.803701315789473369e+01,9.044786037076855223e+01,-2.410847212873818091e+00,-7.117778139550764216e+00
2.278000000000000025e+00,8.805457894736841240e+01,9.046981759400806311e+01,-2.415238646639643161e+00,-7.119395818390295894e+00
2.278999999999999915e+00,8.807206578947368314e+01,9.049168244377828785e+01,-2.419616654304597159e+00,-7.120980100020765313e+00
2.280000000000000249e+00,8.808947368421053170e+01,9.051345490547529948e+01,-2.423981221264770003e+00,-7.122531246872052968e+00
2.281000000000000139e+00,8.810680263157895808e+01,9.053513496491672186e+01,-2.428332333337762439e+00,-7.124049519791356033e+00
2.282000000000000028e+00,8.812405263157894808e+01,9.055672260833829057e+01,-2.432669976759342489e+00,-7.125535178051480401e+00
2.282999999999999918e+00,8.814122368421053011e+01,9.057821782239062713e+01,-2.436994138180099245e+00,-7.126988479359130046e+00
2.284000000000000252e+00,8.815831578947368996e+01,9.059962059413591362e+01,-2.441304804662222327e+00,-7.128409679863124460e+00
2.285000000000000142e+00,8.817532894736842763e+01,9.062093091104455311e+01,-2.445601963676133472e+00,-7.129799034162637383e+00
2.286000000000000032e+00,8.819226315789472892e+01,9.064214876099201490e+01,-2.449885603097278430e+00,-7.131156795315300556e+00
2.286999999999999922e+00,8.820911842105262224e+01,9.066327413225548071e+01,-2.454155711202857582e+00,-7.132483214845364294e+00
2.288000000000000256e+00,8.822589473684210759e+01,9.068430701351070411e+01,-2.458412276668594743e+00,-7.133778542751764817e+00
2.289000000000000146e+00,8.824259210526315655e+01,9.070524739382878465e+01,-2.462655288565621436e+00,-7.135043027516162262e+00
2.290000000000000036e+00,8.825921052631578334e+01,9.072609526267292779e+01,-2.466884736357140895e+00,-7.136276916110958268e+00
2.290999999999999925e+00,8.827574999999998795e+01,9.074685060989538954e+01,-2.471100609895402478e+00,-7.137480454007234520e+00
2.292000000000000259e+00,8.829221052631579880e+01,9.076751342573426484e+01,-2.475302899418470481e+00,-7.138653885182709047e+00
2.293000000000000149e+00,8.830859210526315906e+01,9.078808370081036117e+01,-2.479491595547193672e+00,-7.139797452129604594e+00
2.294000000000000039e+00,8.832489473684211134e+01,9.080856142612408632e+01,-2.483666689281976758e+00,-7.140911395862524103e+00
2.294999999999999929e+00,8.834111842105262724e+01,9.082894659305240737e+01,-2.487828171999789006e+00,-7.141995955926239148e+00
2.296000000000000263e+00,8.835726315789473517e+01,9.084923919334576681e+01,-2.491976035451034299e+00,-7.143051370403485478e+00
2.297000000000000153e+00,8.837332894736842093e+01,9.086943921912498467e+01,-2.496110271756563304e+00,-7.144077875922691057e+00
2.298000000000000043e+00,8.838931578947368450e+01,9.088954666287826001e+01,-2.500230873404579945e+00,-7.145075707665675679e+00
2.298999999999999932e+00,8.840522368421052590e+01,9.090956151745820080e+01,-2.504337833247678446e+00,-7.146045099375322174e+00
2.300000000000000266e+00,8.842105263157894512e+01,9.092948377607876864e+01,-2.508431144499826626e+00,-7.146986283363212955e+00
2.301000000000000156e+00,8.843680263157894217e+01,9.094931343231233711e+01,-2.512510800733390948e+00,-7.147899490517222176e+00
2.302000000000000046e+00,8.845247368421053125e+01,9.096905048008670747e+01,-2.516576795876183770e+00,-7.148784950309044817e+00
2.302999999999999936e+00,8.846806578947368394e+01,9.098869491368222384e+01,-2.520629124208537686e+00,-7.149642890801747086e+00
2.304000000000000270e+00,8.848357894736841445e+01,9.100824672772876056e+01,-2.524667780360339453e+00,-7.150473538657246664e+00
2.305000000000000160e+00,8.849901315789473699e+01,9.102770591720292259e+01,-2.528692759308183824e+00,-7.151277119143744976e+00
2.306000000000000050e+00,8.851436842105262315e+01,9.104707247742510390e+01,-2.532704056372469648e+00,-7.152053856143133714e+00
2.306999999999999940e+00,8.852964473684210134e+01,9.106634640405661685e+01,-2.536701667214512845e+00,-7.152803972158398693e+00
2.307999999999999829e+00,8.854484210526315735e+01,9.108552769309686425e+01,-2.540685587833710013e+00,-7.153527688320943767e+00
2.309000000000000163e+00,8.855996052631579118e+01,9.110461634088051142e+01,-2.544655814564714014e+00,-7.154225224397890770e+00
2.310000000000000053e+00,8.857500000000000284e+01,9.112361234407462973e+01,-2.548612344074633551e+00,-7.154896798799365243e+00
2.310999999999999943e+00,8.858996052631579232e+01,9.114251569967598243e+01,-2.552555173360198992e+00,-7.155542628585713771e+00
2.311999999999999833e+00,8.860484210526314541e+01,9.116132640500815398e+01,-2.556484299744998800e+00,-7.156162929474723100e+00
2.313000000000000167e+00,8.861964473684210475e+01,9.118004445771880739e+01,-2.560399720876706642e+00,-7.156757915848769969e+00
2.314000000000000057e+00,8.863436842105262770e+01,9.119866985577702678e+01,-2.564301434724399531e+00,-7.157327800761951409e+00
2.314999999999999947e+00,8.864901315789474268e+01,9.121720259747048942e+01,-2.568189439575742306e+00,-7.157872795947193723e+00
2.315999999999999837e+00,8.866357894736842127e+01,9.123564268140275146e+01,-2.572063734034332416e+00,-7.158393111823309951e+00
2.317000000000000171e+00,8.867806578947367768e+01,9.125399010649066156e+01,-2.575924317016973664e+00,-7.158888957502028916e+00
2.318000000000000060e+00,8.869247368421052613e+01,9.127224487196156133e+01,-2.579771187751033423e+00,-7.159360540794990513e+00
2.318999999999999950e+00,8.870680263157893819e+01,9.129040697735069898e+01,-2.583604345771756794e+00,-7.159808068220691268e+00
2.319999999999999840e+00,8.872105263157894228e+01,9.130847642249854346e+01,-2.587423790919606503e+00,-7.160231745011433446e+00
2.321000000000000174e+00,8.873522368421053841e+01,9.132645320754821228e+01,-2.591229523337681862e+00,-7.160631775120199549e+00
2.322000000000000064e+00,8.874931578947368394e+01,9.134433733294279989e+01,-2.595021543469111514e+00,-7.161008361227527708e+00
2.322999999999999954e+00,8.876332894736842150e+01,9.136212879942279130e+01,-2.598799852054378690e+00,-7.161361704748333779e+00
2.323999999999999844e+00,8.877726315789473688e+01,9.137982760802354676e+01,-2.602564450128817430e+00,-7.161692005838700581e+00
2.325000000000000178e+00,8.879111842105263008e+01,9.139743376007265852e+01,-2.606315339020030208e+00,-7.161999463402635158e+00
2.326000000000000068e+00,8.880489473684210111e+01,9.141494725718746395e+01,-2.610052520345366389e+00,-7.162284275098815378e+00
2.326999999999999957e+00,8.881859210526314996e+01,9.143236810127248759e+01,-2.613775996009330083e+00,-7.162546637347271705e+00
2.327999999999999847e+00,8.883221052631579084e+01,9.144969629451689741e+01,-2.617485768201109231e+00,-7.162786745336047645e+00
2.329000000000000181e+00,8.884574999999999534e+01,9.146693183939207472e+01,-2.621181839392084267e+00,-7.163004793027836214e+00
2.330000000000000071e+00,8.885921052631577766e+01,9.148407473864911310e+01,-2.624864212333333224e+00,-7.163200973166584440e+00
2.330999999999999961e+00,8.887259210526315201e+01,9.150112499531628885e+01,-2.628532890053138171e+00,-7.163375477284045445e+00
2.331999999999999851e+00,8.888589473684210418e+01,9.151808261269668776e+01,-2.632187875854581804e+00,-7.163528495706316335e+00
2.333000000000000185e+00,8.889911842105263418e+01,9.153494759436573247e+01,-2.635829173313103180e+00,-7.163660217560348542e+00
2.334000000000000075e+00,8.891226315789474199e+01,9.155171994416876657e+01,-2.639456786274032130e+00,-7.163770830780437748e+00
2.334999999999999964e+00,8.892532894736841342e+01,9.156839966621866722e+01,-2.643070718850244916e+00,-7.163860522114614326e+00
2.335999999999999854e+00,8.893831578947367689e+01,9.158498676489340085e+01,-2.646670975419724403e+00,-7.163929477131097734e+00
2.337000000000000188e+00,8.895122368421053238e+01,9.160148124483370680e+01,-2.650257560623179742e+00,-7.163977880224653205e+00
2.338000000000000078e+00,8.896405263157893728e+01,9.161788311094073833e+01,-2.653830479361794836e+00,-7.164005914622930682e+00
2.338999999999999968e+00,8.897680263157894842e+01,9.163419236837366100e+01,-2.657389736794709023e+00,-7.164013762392803741e+00
2.339999999999999858e+00,8.898947368421052317e+01,9.165040902254737887e+01,-2.660935338336842371e+00,-7.164001604446625038e+00
2.341000000000000192e+00,8.900206578947368996e+01,9.166653307913017557e+01,-2.664467289656490046e+00,-7.163969620548510164e+00
2.342000000000000082e+00,8.901457894736842036e+01,9.168256454404149736e+01,-2.667985596673072113e+00,-7.163917989320550461e+00
2.342999999999999972e+00,8.902701315789474279e+01,9.169850342344952310e+01,-2.671490265554790078e+00,-7.163846888248995626e+00
2.343999999999999861e+00,8.903936842105262883e+01,9.171434972376906103e+01,-2.674981302716429088e+00,-7.163756493690417670e+00
2.345000000000000195e+00,8.905164473684210691e+01,9.173010345165914714e+01,-2.678458714817039787e+00,-7.163646980877860670e+00
2.346000000000000085e+00,8.906384210526316281e+01,9.174576461402089933e+01,-2.681922508757738743e+00,-7.163518523926936332e+00
2.346999999999999975e+00,8.907596052631578232e+01,9.176133321799524367e+01,-2.685372691679456469e+00,-7.163371295841881370e+00
2.347999999999999865e+00,8.908799999999999386e+01,9.177680927096071173e+01,-2.688809270960711206e+00,-7.163205468521624653e+00
2.349000000000000199e+00,8.909996052631579744e+01,9.179219278053123787e+01,-2.692232254215444875e+00,-7.163021212765775303e+00
2.350000000000000089e+00,8.911184210526316463e+01,9.180748375455401344e+01,-2.695641649290850150e+00,-7.162818698280633889e+00
2.350999999999999979e+00,8.912364473684210964e+01,9.182268220110724144e+01,-2.699037464265140684e+00,-7.162598093685135225e+00
2.351999999999999869e+00,8.913536842105261826e+01,9.183778812849804751e+01,-2.702419707445416819e+00,-7.162359566516776077e+00
2.353000000000000203e+00,8.914701315789474734e+01,9.185280154526026308e+01,-2.705788387365526404e+00,-7.162103283237504670e+00
2.354000000000000092e+00,8.915857894736841160e+01,9.186772246015242160e+01,-2.709143512784004670e+00,-7.161829409239590660e+00
2.354999999999999982e+00,8.917006578947368212e+01,9.188255088215548483e+01,-2.712485092681796939e+00,-7.161538108851484452e+00
2.355999999999999872e+00,8.918147368421053045e+01,9.189728682047085329e+01,-2.715813136260323724e+00,-7.161229545343585912e+00
2.357000000000000206e+00,8.919280263157894240e+01,9.191193028451824887e+01,-2.719127652939294038e+00,-7.160903880934072596e+00
2.358000000000000096e+00,8.920405263157896059e+01,9.192648128393361162e+01,-2.722428652354656364e+00,-7.160561276794635610e+00
2.358999999999999986e+00,8.921522368421052818e+01,9.194093982856709601e+01,-2.725716144356562953e+00,-7.160201893056179934e+00
2.359999999999999876e+00,8.922631578947368780e+01,9.195530592848095353e+01,-2.728990139007258620e+00,-7.159825888814567385e+00
2.361000000000000210e+00,8.923732894736841104e+01,9.196957959394755733e+01,-2.732250646579133413e+00,-7.159433422136247671e+00
2.362000000000000099e+00,8.924826315789474052e+01,9.198376083544732751e+01,-2.735497677552585216e+00,-7.159024650063938289e+00
2.362999999999999989e+00,8.925911842105263361e+01,9.199784966366678418e+01,-2.738731242614151462e+00,-7.158599728622174752e+00
2.363999999999999879e+00,8.926989473684210452e+01,9.201184608949650112e+01,-2.741951352654406815e+00,-7.158158812822966510e+00
2.365000000000000213e+00,8.928059210526316747e+01,9.202575012402915888e+01,-2.745158018765993635e+00,-7.157702056671325863e+00
2.366000000000000103e+00,8.929121052631579403e+01,9.203956177855749843e+01,-2.748351252241713727e+00,-7.157229613170789762e+00
2.366999999999999993e+00,8.930174999999999841e+01,9.205328106457250215e+01,-2.751531064572503738e+00,-7.156741634328930068e+00
2.367999999999999883e+00,8.931221052631578061e+01,9.206690799376133327e+01,-2.754697467445553549e+00,-7.156238271162834508e+00
2.369000000000000217e+00,8.932259210526316906e+01,9.208044257800544585e+01,-2.757850472742283010e+00,-7.155719673704570738e+00
2.370000000000000107e+00,8.933289473684210691e+01,9.209388482937865206e+01,-2.760990092536548701e+00,-7.155185991006576707e+00
2.370999999999999996e+00,8.934311842105263679e+01,9.210723476014524636e+01,-2.764116339092607788e+00,-7.154637371147078539e+00
2.371999999999999886e+00,8.935326315789473028e+01,9.212049238275808705e+01,-2.767229224863348769e+00,-7.154073961235448031e+00
2.373000000000000220e+00,8.936332894736841581e+01,9.213365770985672043e+01,-2.770328762488297070e+00,-7.153495907417571686e+00
2.374000000000000110e+00,8.937331578947369337e+01,9.214673075426551918e+01,-2.773414964791829807e+00,-7.152903354881139819e+00
2.375000000000000000e+00,8.938322368421052033e+01,9.215971152899182073e+01,-2.776487844781296843e+00,-7.152296447860933881e+00
2.375999999999999890e+00,8.939305263157893933e+01,9.217260004722407984e+01,-2.779547415645135189e+00,-7.151675329644123558e+00
2.377000000000000224e+00,8.940280263157895035e+01,9.218539632233002123e+01,-2.782593690751075766e+00,-7.151040142575469716e+00
2.378000000000000114e+00,8.941247368421052499e+01,9.219810036785487739e+01,-2.785626683644350621e+00,-7.150391028062549559e+00
2.379000000000000004e+00,8.942206578947367746e+01,9.221071219751949855e+01,-2.788646408045821978e+00,-7.149728126580944476e+00
2.379999999999999893e+00,8.943157894736842195e+01,9.222323182521866158e+01,-2.791652877850239189e+00,-7.149051577679399472e+00
2.381000000000000227e+00,8.944101315789474427e+01,9.223565926501915158e+01,-2.794646107124405976e+00,-7.148361519984968382e+00
2.382000000000000117e+00,8.945036842105263020e+01,9.224799453115811332e+01,-2.797626110105478681e+00,-7.147658091208105802e+00
2.383000000000000007e+00,8.945964473684210816e+01,9.226023763804121813e+01,-2.800592901199117080e+00,-7.146941428147762565e+00
2.383999999999999897e+00,8.946884210526316394e+01,9.227238860024095857e+01,-2.803546494977796399e+00,-7.146211666696435927e+00
2.385000000000000231e+00,8.947796052631578334e+01,9.228444743249487203e+01,-2.806486906179074925e+00,-7.145468941845207311e+00
2.386000000000000121e+00,8.948699999999999477e+01,9.229641414970382129e+01,-2.809414149703825192e+00,-7.144713387688768513e+00
2.387000000000000011e+00,8.949596052631579823e+01,9.230828876693034601e+01,-2.812328240614556663e+00,-7.143945137430367964e+00
2.387999999999999901e+00,8.950484210526315110e+01,9.232007129939687218e+01,-2.815229194133709534e+00,-7.143164323386804071e+00
2.389000000000000234e+00,8.951364473684211021e+01,9.233176176248403522e+01,-2.818117025641924123e+00,-7.142371076993352830e+00
2.390000000000000124e+00,8.952236842105263293e+01,9.234336017172904576e+01,-2.820991750676414167e+00,-7.141565528808666130e+00
2.391000000000000014e+00,8.953101315789473347e+01,9.235486654282401275e+01,-2.823853384929285504e+00,-7.140747808519650519e+00
2.391999999999999904e+00,8.953957894736841183e+01,9.236628089161426658e+01,-2.826701944245858300e+00,-7.139918044946359288e+00
2.393000000000000238e+00,8.954806578947368223e+01,9.237760323409671059e+01,-2.829537444623024367e+00,-7.139076366046809063e+00
2.394000000000000128e+00,8.955647368421053045e+01,9.238883358641814425e+01,-2.832359902207620461e+00,-7.138222898921799064e+00
2.395000000000000018e+00,8.956480263157894228e+01,9.239997196487377096e+01,-2.835169333294824234e+00,-7.137357769819676179e+00
2.395999999999999908e+00,8.957305263157894615e+01,9.241101838590545015e+01,-2.837965754326500445e+00,-7.136481104141138232e+00
2.397000000000000242e+00,8.958122368421052784e+01,9.242197286610014828e+01,-2.840749181889623554e+00,-7.135593026443952880e+00
2.398000000000000131e+00,8.958931578947368735e+01,9.243283542218838988e+01,-2.843519632714699430e+00,-7.134693660447684493e+00
2.399000000000000021e+00,8.959732894736842468e+01,9.244360607104255223e+01,-2.846277123674125331e+00,-7.133783129038377524e+00
2.399999999999999911e+00,8.960526315789473983e+01,9.245428482967543005e+01,-2.849021671780688880e+00,-7.132861554273225657e+00
2.401000000000000245e+00,8.961311842105263281e+01,9.246487171523862969e+01,-2.851753294186001764e+00,-7.131929057385228532e+00
2.402000000000000135e+00,8.962089473684210361e+01,9.247536674502099174e+01,-2.854472008178884579e+00,-7.130985758787835138e+00
2.403000000000000025e+00,8.962859210526315223e+01,9.248576993644704203e+01,-2.857177831183892014e+00,-7.130031778079491289e+00
2.403999999999999915e+00,8.963621052631579289e+01,9.249608130707557052e+01,-2.859870780759772302e+00,-7.129067234048254598e+00
2.405000000000000249e+00,8.964374999999999716e+01,9.250630087459795448e+01,-2.862550874597953321e+00,-7.128092244676347278e+00
2.406000000000000139e+00,8.965121052631579346e+01,9.251642865683679418e+01,-2.865218130521004269e+00,-7.127106927144698290e+00
2.407000000000000028e+00,8.965859210526315337e+01,9.252646467174433553e+01,-2.867872566481184826e+00,-7.126111397837410877e+00
2.407999999999999918e+00,8.966589473684210532e+01,9.253640893740102058e+01,-2.870514200558917484e+00,-7.125105772346294941e+00
2.409000000000000252e+00,8.967311842105263509e+01,9.254626147201395270e+01,-2.873143050961312728e+00,-7.124090165475307046e+00
2.410000000000000142e+00,8.968026315789472847e+01,9.255602229391551816e+01,-2.875759136020782591e+00,-7.123064691244996638e+00
2.411000000000000032e+00,8.968732894736841388e+01,9.256569142156186558e+01,-2.878362474193449927e+00,-7.122029462896934504e+00
2.411999999999999922e+00,8.969431578947367711e+01,9.257526887353148481e+01,-2.880953084057812585e+00,-7.120984592898090604e+00
2.413000000000000256e+00,8.970122368421051817e+01,9.258475466852375746e+01,-2.883530984313241508e+00,-7.119930192945229663e+00
2.414000000000000146e+00,8.970805263157895126e+01,9.259414882535754998e+01,-2.886096193778595609e+00,-7.118866373969252592e+00
2.415000000000000036e+00,8.971480263157894797e+01,9.260345136296976420e+01,-2.888648731390808688e+00,-7.117793246139517471e+00
2.415999999999999925e+00,8.972147368421053670e+01,9.261266230041395886e+01,-2.891188616203425710e+00,-7.116710918868183633e+00
2.417000000000000259e+00,8.972806578947367484e+01,9.262178165685895692e+01,-2.893715867385268758e+00,-7.115619500814466036e+00
2.418000000000000149e+00,8.973457894736841922e+01,9.263080945158742452e+01,-2.896230504219009294e+00,-7.114519099888923392e+00
2.419000000000000039e+00,8.974101315789472721e+01,9.263974570399454933e+01,-2.898732546099810570e+00,-7.113409823257673459e+00
2.419999999999999929e+00,8.974736842105262724e+01,9.264859043358657686e+01,-2.901222012533950512e+00,-7.112291777346644750e+00
2.421000000000000263e+00,8.975364473684210509e+01,9.265734365997958832e+01,-2.903698923137487231e+00,-7.111165067845766075e+00
2.422000000000000153e+00,8.975984210526316076e+01,9.266600540289802268e+01,-2.906163297634872578e+00,-7.110029799713167620e+00
2.423000000000000043e+00,8.976596052631579425e+01,9.267457568217341191e+01,-2.908615155857615875e+00,-7.108886077179302987e+00
2.423999999999999932e+00,8.977199999999999136e+01,9.268305451774298831e+01,-2.911054517742997838e+00,-7.107734003751110308e+00
2.425000000000000266e+00,8.977796052631578050e+01,9.269144192964846241e+01,-2.913481403332673914e+00,-7.106573682216142274e+00
2.426000000000000156e+00,8.978384210526316167e+01,9.269973793803458761e+01,-2.915895832771437490e+00,-7.105405214646635770e+00
2.427000000000000046e+00,8.978964473684210645e+01,9.270794256314799497e+01,-2.918297826305885412e+00,-7.104228702403593054e+00
2.427999999999999936e+00,8.979536842105262906e+01,9.271605582533574363e+01,-2.920687404283107469e+00,-7.103044246140859386e+00
2.429000000000000270e+00,8.980101315789474370e+01,9.272407774504416977e+01,-2.923064587149426519e+00,-7.101851945809137590e+00
2.430000000000000160e+00,8.980657894736842195e+01,9.273200834281755078e+01,-2.925429395449127057e+00,-7.100651900660016835e+00
2.431000000000000050e+00,8.981206578947367802e+01,9.273984763929682629e+01,-2.927781849823142934e+00,-7.099444209249950788e+00
2.431999999999999940e+00,8.981747368421052613e+01,9.274759565521837601e+01,-2.930121971007852100e+00,-7.098228969444237535e+00
2.432999999999999829e+00,8.982280263157895206e+01,9.275525241141275501e+01,-2.932449779833800729e+00,-7.097006278420975534e+00
2.434000000000000163e+00,8.982805263157894160e+01,9.276281792880344312e+01,-2.934765297224496639e+00,-7.095776232674996464e+00
2.435000000000000053e+00,8.983322368421052317e+01,9.277029222840563705e+01,-2.937068544195111652e+00,-7.094538928021801638e+00
2.435999999999999943e+00,8.983831578947368257e+01,9.277767533132499977e+01,-2.939359541851310542e+00,-7.093294459601404256e+00
2.436999999999999833e+00,8.984332894736841979e+01,9.278496725875645268e+01,-2.941638311388042215e+00,-7.092042921882240947e+00
2.438000000000000167e+00,8.984826315789474904e+01,9.279216803198302443e+01,-2.943904874088281165e+00,-7.090784408665028238e+00
2.439000000000000057e+00,8.985311842105262770e+01,9.279927767237455782e+01,-2.946159251321932349e+00,-7.089519013086579946e+00
2.439999999999999947e+00,8.985789473684211259e+01,9.280629620138658709e+01,-2.948401464544483819e+00,-7.088246827623644108e+00
2.440999999999999837e+00,8.986259210526316110e+01,9.281322364055915841e+01,-2.950631535295999974e+00,-7.086967944096659089e+00
2.442000000000000171e+00,8.986721052631578743e+01,9.282006001151562202e+01,-2.952849485199825708e+00,-7.085682453673580738e+00
2.443000000000000060e+00,8.987174999999999159e+01,9.282680533596148109e+01,-2.955055335961490393e+00,-7.084390446873613634e+00
2.443999999999999950e+00,8.987621052631578777e+01,9.283345963568329751e+01,-2.957249109367501294e+00,-7.083092013570938761e+00
2.444999999999999840e+00,8.988059210526316178e+01,9.284002293254742710e+01,-2.959430827284261323e+00,-7.081787242998444754e+00
2.446000000000000174e+00,8.988489473684209941e+01,9.284649524849896807e+01,-2.961600511656872214e+00,-7.080476223751439591e+00
2.447000000000000064e+00,8.988911842105262906e+01,9.285287660556065248e+01,-2.963758184508016313e+00,-7.079159043791322325e+00
2.447999999999999954e+00,8.989326315789473654e+01,9.285916702583163840e+01,-2.965903867936900085e+00,-7.077835790449221065e+00
2.448999999999999844e+00,8.989732894736840763e+01,9.286536653148644405e+01,-2.968037584118031980e+00,-7.076506550429691345e+00
2.450000000000000178e+00,8.990131578947368496e+01,9.287147514477385357e+01,-2.970159355300169057e+00,-7.075171409814297263e+00
2.451000000000000068e+00,8.990522368421052590e+01,9.287749288801578018e+01,-2.972269203805257831e+00,-7.073830454065227258e+00
2.451999999999999957e+00,8.990905263157894467e+01,9.288341978360622875e+01,-2.974367152027278749e+00,-7.072483768028881457e+00
2.452999999999999847e+00,8.991280263157894126e+01,9.288925585401017315e+01,-2.976453222431227008e+00,-7.071131435939450149e+00
2.454000000000000181e+00,8.991647368421052988e+01,9.289500112176246205e+01,-2.978527437551930834e+00,-7.069773541422478047e+00
2.455000000000000071e+00,8.992006578947369633e+01,9.290065560946683831e+01,-2.980589819993146428e+00,-7.068410167498353935e+00
2.455999999999999961e+00,8.992357894736841217e+01,9.290621933979478797e+01,-2.982640392426364695e+00,-7.067041396585866053e+00
2.456999999999999851e+00,8.992701315789473426e+01,9.291169233548453121e+01,-2.984679177589802723e+00,-7.065667310505690857e+00
2.458000000000000185e+00,8.993036842105261996e+01,9.291707461933999923e+01,-2.986706198287376601e+00,-7.064287990483858692e+00
2.459000000000000075e+00,8.993364473684209770e+01,9.292236621422973997e+01,-2.988721477387643155e+00,-7.062903517155236344e+00
2.459999999999999964e+00,8.993684210526315326e+01,9.292756714308596599e+01,-2.990725037822809185e+00,-7.061513970566933196e+00
2.460999999999999854e+00,8.993996052631580085e+01,9.293267742890344607e+01,-2.992716902587648331e+00,-7.060119430181777567e+00
2.462000000000000188e+00,8.994299999999999784e+01,9.293769709473856722e+01,-2.994697094738573817e+00,-7.058719974881685566e+00
2.463000000000000078e+00,8.994596052631578686e+01,9.294262616370829733e+01,-2.996665637392506909e+00,-7.057315682971099235e+00
2.463999999999999968e+00,8.994884210526315371e+01,9.294746465898919041e+01,-2.998622553726034035e+00,-7.055906632180274585e+00
2.464999999999999858e+00,8.995164473684211259e+01,9.295221260381639183e+01,-3.000567866974278353e+00,-7.054492899668728612e+00
2.466000000000000192e+00,8.995436842105262087e+01,9.295687002148264355e+01,-3.002501600430018680e+00,-7.053074562028520234e+00
2.467000000000000082e+00,8.995701315789473540e+01,9.296143693533736041e+01,-3.004423777442623678e+00,-7.051651695287615595e+00
2.467999999999999972e+00,8.995957894736842775e+01,9.296591336878559275e+01,-3.006334421417171221e+00,-7.050224374913133474e+00
2.468999999999999861e+00,8.996206578947368371e+01,9.297029934528711692e+01,-3.008233555813432769e+00,-7.048792675814693709e+00
2.470000000000000195e+00,8.996447368421051749e+01,9.297459488835544050e+01,-3.010121204144918572e+00,-7.047356672347659057e+00
2.471000000000000085e+00,8.996680263157894331e+01,9.297880002155687862e+01,-3.011997389977935757e+00,-7.045916438316396579e+00
2.471999999999999975e+00,8.996905263157894694e+01,9.298291476850961601e+01,-3.013862136930672175e+00,-7.044472046977486634e+00
2.472999999999999865e+00,8.997122368421052840e+01,9.298693915288276912e+01,-3.015715468672244270e+00,-7.043023571042980713e+00
2.474000000000000199e+00,8.997331578947368769e+01,9.299087319839544818e+01,-3.017557408921764939e+00,-7.041571082683592664e+00
2.475000000000000089e+00,8.997532894736841058e+01,9.299471692881586193e+01,-3.019387981447443359e+00,-7.040114653531891697e+00
2.475999999999999979e+00,8.997726315789473972e+01,9.299847036796033706e+01,-3.021207210065603554e+00,-7.038654354685453640e+00
2.476999999999999869e+00,8.997911842105263247e+01,9.300213353969253660e+01,-3.023015118639909460e+00,-7.037190256710005976e+00
2.478000000000000203e+00,8.998089473684210304e+01,9.300570646792245100e+01,-3.024811731080345734e+00,-7.035722429642614628e+00
2.479000000000000092e+00,8.998259210526316565e+01,9.300918917660554541e+01,-3.026597071342380207e+00,-7.034250942994771272e+00
2.479999999999999982e+00,8.998421052631579187e+01,9.301258168974187868e+01,-3.028371163426083701e+00,-7.032775865755485967e+00
2.480999999999999872e+00,8.998574999999999591e+01,9.301588403137522221e+01,-3.030134031375215642e+00,-7.031297266394411771e+00
2.482000000000000206e+00,8.998721052631579198e+01,9.301909622559216473e+01,-3.031885699276370971e+00,-7.029815212864892970e+00
2.483000000000000096e+00,8.998859210526316588e+01,9.302221829652130225e+01,-3.033626191258140814e+00,-7.028329772607031956e+00
2.483999999999999986e+00,8.998989473684210338e+01,9.302525026833231436e+01,-3.035355531490209646e+00,-7.026841012550719690e+00
2.484999999999999876e+00,8.999111842105263293e+01,9.302819216523515422e+01,-3.037073744182513302e+00,-7.025348999118677717e+00
2.486000000000000210e+00,8.999226315789474029e+01,9.303104401147918168e+01,-3.038780853584440944e+00,-7.023853798229449552e+00
2.487000000000000099e+00,8.999332894736842547e+01,9.303380583135232484e+01,-3.040476883983904255e+00,-7.022355475300425809e+00
2.487999999999999989e+00,8.999431578947368848e+01,9.303647764918028429e+01,-3.042161859706598914e+00,-7.020854095250769866e+00
2.488999999999999879e+00,8.999522368421052931e+01,9.303905948932565195e+01,-3.043835805115116866e+00,-7.019349722504431455e+00
2.490000000000000213e+00,8.999605263157894797e+01,9.304155137618710114e+01,-3.045498744608153618e+00,-7.017842420993072317e+00
2.491000000000000103e+00,8.999680263157895865e+01,9.304395333419863334e+01,-3.047150702619684903e+00,-7.016332254159010517e+00
2.491999999999999993e+00,8.999747368421051874e+01,9.304626538782868295e+01,-3.048791703618162874e+00,-7.014819284958108803e+00
2.492999999999999883e+00,8.999806578947368507e+01,9.304848756157937828e+01,-3.050421772105690543e+00,-7.013303575862715356e+00
2.494000000000000217e+00,8.999857894736842923e+01,9.305061987998570316e+01,-3.052040932617282820e+00,-7.011785188864513074e+00
2.495000000000000107e+00,8.999901315789473699e+01,9.305266236761475795e+01,-3.053649209720027624e+00,-7.010264185477432797e+00
2.495999999999999996e+00,8.999936842105263679e+01,9.305461504906493531e+01,-3.055246628012296295e+00,-7.008740626740467050e+00
2.496999999999999886e+00,8.999964473684211441e+01,9.305647794896513858e+01,-3.056833212123033050e+00,-7.007214573220527321e+00
2.498000000000000220e+00,8.999984210526315564e+01,9.305825109197407130e+01,-3.058408986710911659e+00,-7.005686085015291553e+00
2.499000000000000110e+00,8.999996052631578891e+01,9.305993450277938450e+01,-3.059973976463589374e+00,-7.004155221756001914e+00
2.500000000000000000e+00,9.000000000000000000e+01,9.306152820609699461e+01,-3.061528206096991056e+00,-7.002622042610233244e+00
2.500999999999999890e+00,9.000000000000000000e+01,9.306303222667027342e+01,-3.063032226670274305e+00,-7.001086606284724567e+00
2.502000000000000224e+00,9.000000000000000000e+01,9.306444680272345238e+01,-3.064446802723451491e+00,-6.982868835975291510e+00
2.503000000000000114e+00,9.000000000000000000e+01,9.306577232192709914e+01,-3.065772321927105803e+00,-6.952971687403958434e+00
2.504000000000000004e+00,9.000000000000000000e+01,9.306700927616796548e+01,-3.067009276167962373e+00,-6.914928962151490666e+00
2.504999999999999893e+00,9.000000000000000000e+01,9.306815822960302853e+01,-3.068158229603027642e+00,-6.871236572067876303e+00
2.506000000000000227e+00,9.000000000000000000e+01,9.306921979609849416e+01,-3.069219796098501263e+00,-6.823657208502248217e+00
2.507000000000000117e+00,9.000000000000000000e+01,9.307019462329857618e+01,-3.070194623298571734e+00,-6.773435577633961202e+00
2.508000000000000007e+00,9.000000000000000000e+01,9.307108338137788905e+01,-3.071083381377889499e+00,-6.721450454707577293e+00
2.508999999999999897e+00,9.000000000000000000e+01,9.307188675510280973e+01,-3.071886755102803956e+00,-6.668322103616431740e+00
2.510000000000000231e+00,9.000000000000000000e+01,9.307260543823015553e+01,-3.072605438230151975e+00,-6.614488164078080601e+00
2.511000000000000121e+00,9.000000000000000000e+01,9.307324012955723447e+01,-3.073240129557235356e+00,-6.560257262557392721e+00
2.512000000000000011e+00,9.000000000000000000e+01,9.307379153013840778e+01,-3.073791530138406447e+00,-6.505846886002062845e+00
2.512999999999999901e+00,9.000000000000000000e+01,9.307426034132568304e+01,-3.074260341325678159e+00,-6.451410137950854384e+00
2.514000000000000234e+00,9.000000000000000000e+01,9.307464726339146921e+01,-3.074647263391468766e+00,-6.397054640529658442e+00
2.515000000000000124e+00,9.000000000000000000e+01,9.307495299456259374e+01,-3.074952994562591968e+00,-6.342855887864527809e+00
2.516000000000000014e+00,9.000000000000000000e+01,9.307517823034466176e+01,-3.075178230344666641e+00,-6.288866679666146098e+00
2.516999999999999904e+00,9.000000000000000000e+01,9.307532366305177618e+01,-3.075323663051778400e+00,-6.235123785628704951e+00
2.518000000000000238e+00,9.000000000000000000e+01,9.307538998148096709e+01,-3.075389981480967982e+00,-6.181652653521665819e+00
2.519000000000000128e+00,9.000000000000000000e+01,9.307537787068913815e+01,-3.075377870689135484e+00,-6.128470735237024236e+00
2.520000000000000018e+00,9.000000000000000000e+01,9.307528801184213307e+01,-3.075288011842127300e+00,-6.075589836483310968e+00
2.520999999999999908e+00,9.000000000000000000e+01,9.307512108211496127e+01,-3.075121082114957272e+00,-6.023017776729175488e+00
2.522000000000000242e+00,9.000000000000000000e+01,9.307487775462792001e+01,-3.074877754627916460e+00,-5.970759561868907106e+00
2.523000000000000131e+00,9.000000000000000000e+01,9.307455869840816831e+01,-3.074558698408175861e+00,-5.918818212647504851e+00
2.524000000000000021e+00,9.000000000000000000e+01,9.307416457836927748e+01,-3.074164578369278367e+00,-5.867195349895198753e+00
2.524999999999999911e+00,9.000000000000000000e+01,9.307369605530323042e+01,-3.073696055303226427e+00,-5.815891607958617371e+00
2.526000000000000245e+00,9.000000000000000000e+01,9.307315378588153010e+01,-3.073153785881525213e+00,-5.764906926760511752e+00
2.527000000000000135e+00,9.000000000000000000e+01,9.307253842266240440e+01,-3.072538422662407509e+00,-5.714240758116003960e+00
2.528000000000000025e+00,9.000000000000000000e+01,9.307185061410247329e+01,-3.071850614102476840e+00,-5.663892211474872873e+00
2.528999999999999915e+00,9.000000000000000000e+01,9.307109100457137174e+01,-3.071091004571373961e+00,-5.613860156871066209e+00
2.530000000000000249e+00,9.000000000000000000e+01,9.307026023436861806e+01,-3.070260234368621610e+00,-5.564143297641052754e+00
2.531000000000000139e+00,9.000000000000000000e+01,9.306935893974194585e+01,-3.069358939741945846e+00,-5.514740221785246810e+00
2.532000000000000028e+00,9.000000000000000000e+01,9.306838775290653132e+01,-3.068387752906536203e+00,-5.465649438241764635e+00
2.532999999999999918e+00,9.000000000000000000e+01,9.306734730206508743e+01,-3.067347302065082548e+00,-5.416869402501409247e+00
2.534000000000000252e+00,9.000000000000000000e+01,9.306623821142822806e+01,-3.066238211428221838e+00,-5.368398534692802038e+00
2.535000000000000142e+00,9.000000000000000000e+01,9.306506110123521580e+01,-3.065061101235223351e+00,-5.320235232348029086e+00
2.536000000000000032e+00,9.000000000000000000e+01,9.306381658777495147e+01,-3.063816587774953248e+00,-5.272377879410317547e+00
2.536999999999999922e+00,9.000000000000000000e+01,9.306250528340683559e+01,-3.062505283406830703e+00,-5.224824852586977819e+00
2.538000000000000256e+00,9.000000000000000000e+01,9.306112779658188572e+01,-3.061127796581882610e+00,-5.177574525826883267e+00
2.539000000000000146e+00,9.000000000000000000e+01,9.305968473186375434e+01,-3.059684731863759222e+00,-5.130625273473095938e+00
2.540000000000000036e+00,9.000000000000000000e+01,9.305817668994973246e+01,-3.058176689949726690e+00,-5.083975472479563606e+00
2.540999999999999925e+00,9.000000000000000000e+01,9.305660426769159699e+01,-3.056604267691595656e+00,-5.037623503966679905e+00
2.542000000000000259e+00,9.000000000000000000e+01,9.305496805811661432e+01,-3.054968058116610763e+00,-4.991567754309812699e+00
2.543000000000000149e+00,9.000000000000000000e+01,9.305326865044821716e+01,-3.053268650448212274e+00,-4.945806615897955005e+00
2.544000000000000039e+00,9.000000000000000000e+01,9.305150663012676659e+01,-3.051506630126762598e+00,-4.900338487659351649e+00
2.544999999999999929e+00,9.000000000000000000e+01,9.304968257883017202e+01,-3.049682578830167579e+00,-4.855161775422567771e+00
2.546000000000000263e+00,9.000000000000000000e+01,9.304779707449435477e+01,-3.047797074494358771e+00,-4.810274892161342741e+00
2.547000000000000153e+00,9.000000000000000000e+01,9.304585069133375441e+01,-3.045850691333753080e+00,-4.765676258157355960e+00
2.548000000000000043e+00,9.000000000000000000e+01,9.304384399986160759e+01,-3.043843999861605365e+00,-4.721364301105086092e+00
2.548999999999999932e+00,9.000000000000000000e+01,9.304177756691018431e+01,-3.041777566910188746e+00,-4.677337456175796326e+00
2.550000000000000266e+00,9.000000000000000000e+01,9.303965195565096735e+01,-3.039651955650968684e+00,-4.633594166052643182e+00
2.551000000000000156e+00,9.000000000000000000e+01,9.303746772561464695e+01,-3.037467725614644287e+00,-4.590132880945478000e+00
2.552000000000000046e+00,9.000000000000000000e+01,9.303522543271108702e+01,-3.035225432711081250e+00,-4.546952058591323897e+00
2.552999999999999936e+00,9.000000000000000000e+01,9.303292562924916353e+01,-3.032925629249159982e+00,-4.504050164244765675e+00
2.554000000000000270e+00,9.000000000000000000e+01,9.303056886395651759e+01,-3.030568863956519365e+00,-4.461425670661267162e+00
2.555000000000000160e+00,9.000000000000000000e+01,9.302815568199920904e+01,-3.028155681999213034e+00,-4.419077058075520981e+00
2.556000000000000050e+00,9.000000000000000000e+01,9.302568662500127061e+01,-3.025686625001263952e+00,-4.377002814176342405e+00
2.556999999999999940e+00,9.000000000000000000e+01,9.302316223106413418e+01,-3.023162231064129291e+00,-4.335201434079157146e+00
2.558000000000000274e+00,9.000000000000000000e+01,9.302058303478604273e+01,-3.020583034786049836e+00,-4.293671420296824692e+00
2.559000000000000163e+00,9.000000000000000000e+01,9.301794956728133457e+01,-3.017949567281338563e+00,-4.252411282709334550e+00
2.560000000000000053e+00,9.000000000000000000e+01,9.301526235619954264e+01,-3.015262356199538196e+00,-4.211419538532741313e+00
2.560999999999999943e+00,9.000000000000000000e+01,9.301252192574449396e+01,-3.012521925744494400e+00,-4.170694712287603245e+00
2.561999999999999833e+00,9.000000000000000000e+01,9.300972879669335214e+01,-3.009728796693347697e+00,-4.130235335767100224e+00
2.563000000000000167e+00,9.000000000000000000e+01,9.300688348641543257e+01,-3.006883486415440121e+00,-4.090039948004981163e+00
2.564000000000000057e+00,9.000000000000000000e+01,9.300398650889107444e+01,-3.003986508891079321e+00,-4.050107095243430599e+00
2.564999999999999947e+00,9.000000000000000000e+01,9.300103837473025692e+01,-3.001038374730254699e+00,-4.010435330900890882e+00
2.565999999999999837e+00,9.000000000000000000e+01,9.299803959119128649e+01,-2.998039591191286490e+00,-3.971023215539920326e+00
2.567000000000000171e+00,9.000000000000000000e+01,9.299499066219927101e+01,-2.994990662199273679e+00,-3.931869316835124195e+00
2.568000000000000060e+00,9.000000000000000000e+01,9.299189208836459386e+01,-2.991892088364592528e+00,-3.892972209541119000e+00
2.568999999999999950e+00,9.000000000000000000e+01,9.298874436700118906e+01,-2.988744367001189950e+00,-3.854330475460638450e+00
2.569999999999999840e+00,9.000000000000000000e+01,9.298554799214484490e+01,-2.985547992144840457e+00,-3.815942703412714021e+00
2.571000000000000174e+00,9.000000000000000000e+01,9.298230345457130852e+01,-2.982303454571314738e+00,-3.777807489200974977e+00
2.572000000000000064e+00,9.000000000000000000e+01,9.297901124181441901e+01,-2.979011241814418121e+00,-3.739923435582074962e+00
2.572999999999999954e+00,9.000000000000000000e+01,9.297567183818398462e+01,-2.975671838183992168e+00,-3.702289152234222058e+00
2.573999999999999844e+00,9.000000000000000000e+01,9.297228572478378794e+01,-2.972285724783791050e+00,-3.664903255725851849e+00
2.575000000000000178e+00,9.000000000000000000e+01,9.296885337952927841e+01,-2.968853379529279746e+00,-3.627764369484414608e+00
2.576000000000000068e+00,9.000000000000000000e+01,9.296537527716532168e+01,-2.965375277165329226e+00,-3.590871123765291273e+00
2.576999999999999957e+00,9.000000000000000000e+01,9.296185188928387788e+01,-2.961851889283875217e+00,-3.554222155620825774e+00
2.577999999999999847e+00,9.000000000000000000e+01,9.295828368434140998e+01,-2.958283684341413089e+00,-3.517816108869514125e+00
2.579000000000000181e+00,9.000000000000000000e+01,9.295467112767647677e+01,-2.954671127676475884e+00,-3.481651634065284107e+00
2.580000000000000071e+00,9.000000000000000000e+01,9.295101468152695645e+01,-2.951014681526963557e+00,-3.445727388466931718e+00
2.580999999999999961e+00,9.000000000000000000e+01,9.294731480504744070e+01,-2.947314805047443809e+00,-3.410042036007657096e+00
2.581999999999999851e+00,9.000000000000000000e+01,9.294357195432633034e+01,-2.943571954326328566e+00,-3.374594247264752767e+00
2.583000000000000185e+00,9.000000000000000000e+01,9.293978658240297364e+01,-2.939786582402971860e+00,-3.339382699429400247e+00
2.584000000000000075e+00,9.000000000000000000e+01,9.293595913928467667e+01,-2.935959139284678887e+00,-3.304406076276598547e+00
2.584999999999999964e+00,9.000000000000000000e+01,9.293209007196367111e+01,-2.932090071963678657e+00,-3.269663068135207684e+00
2.585999999999999854e+00,9.000000000000000000e+01,9.292817982443391145e+01,-2.928179824433916334e+00,-3.235152371858148079e+00
2.587000000000000188e+00,9.000000000000000000e+01,9.292422883770784381e+01,-2.924228837707847362e+00,-3.200872690792680331e+00
2.588000000000000078e+00,9.000000000000000000e+01,9.292023754983311790e+01,-2.920237549833115676e+00,-3.166822734750838642e+00
2.588999999999999968e+00,9.000000000000000000e+01,9.291620639590915687e+01,-2.916206395909156424e+00,-3.133001219979980156e+00
2.589999999999999858e+00,9.000000000000000000e+01,9.291213580810368455e+01,-2.912135808103684109e+00,-3.099406869133463527e+00
2.591000000000000192e+00,9.000000000000000000e+01,9.290802621566915320e+01,-2.908026215669154535e+00,-3.066038411241431838e+00
2.592000000000000082e+00,9.000000000000000000e+01,9.290387804495908597e+01,-2.903878044959088189e+00,-3.032894581681739865e+00
2.592999999999999972e+00,9.000000000000000000e+01,9.289969171944433413e+01,-2.899691719444341231e+00,-2.999974122150985245e+00
2.593999999999999861e+00,9.000000000000000000e+01,9.289546765972933429e+01,-2.895467659729328069e+00,-2.967275780635661775e+00
2.595000000000000195e+00,9.000000000000000000e+01,9.289120628356806719e+01,-2.891206283568060975e+00,-2.934798311383461478e+00
2.596000000000000085e+00,9.000000000000000000e+01,9.288690800588021546e+01,-2.886908005880220784e+00,-2.902540474874649057e+00
2.596999999999999975e+00,9.000000000000000000e+01,9.288257323876707972e+01,-2.882573238767084600e+00,-2.870501037793593557e+00
2.597999999999999865e+00,9.000000000000000000e+01,9.287820239152740953e+01,-2.878202391527414861e+00,-2.838678773000403055e+00
2.599000000000000199e+00,9.000000000000000000e+01,9.287379587067319164e+01,-2.873795870673185426e+00,-2.807072459502697459e+00
2.600000000000000089e+00,9.000000000000000000e+01,9.286935407994535296e+01,-2.869354079945356073e+00,-2.775680882427459917e+00
2.600999999999999979e+00,9.000000000000000000e+01,9.286487742032944936e+01,-2.864877420329444924e+00,-2.744502832993054753e+00
2.601999999999999869e+00,9.000000000000000000e+01,9.286036629007109866e+01,-2.860366290071100437e+00,-2.713537108481324456e+00
2.603000000000000203e+00,9.000000000000000000e+01,9.285582108469155571e+01,-2.855821084691558376e+00,-2.682782512209821224e+00
2.604000000000000092e+00,9.000000000000000000e+01,9.285124219700306014e+01,-2.851242197003061918e+00,-2.652237853504149534e+00
2.604999999999999982e+00,9.000000000000000000e+01,9.284663001712414143e+01,-2.846630017124140544e+00,-2.621901947670441047e+00
2.605999999999999872e+00,9.000000000000000000e+01,9.284198493249488138e+01,-2.841984932494877381e+00,-2.591773615967917888e+00
2.607000000000000206e+00,9.000000000000000000e+01,9.283730732789203444e+01,-2.837307327892034881e+00,-2.561851685581598481e+00
2.608000000000000096e+00,9.000000000000000000e+01,9.283259758544416229e+01,-2.832597585444156962e+00,-2.532134989595089092e+00
2.608999999999999986e+00,9.000000000000000000e+01,9.282785608464661209e+01,-2.827856084646605872e+00,-2.502622366963506817e+00
2.609999999999999876e+00,9.000000000000000000e+01,9.282308320237643784e+01,-2.823083202376434730e+00,-2.473312662486534474e+00
2.611000000000000210e+00,9.000000000000000000e+01,9.281827931290730760e+01,-2.818279312907312040e+00,-2.444204726781545212e+00
2.612000000000000099e+00,9.000000000000000000e+01,9.281344478792424013e+01,-2.813444787924239243e+00,-2.415297416256888763e+00
2.612999999999999989e+00,9.000000000000000000e+01,9.280857999653831314e+01,-2.808579996538308698e+00,-2.386589593085246541e+00
2.613999999999999879e+00,9.000000000000000000e+01,9.280368530530130045e+01,-2.803685305301298669e+00,-2.358080125177130171e+00
2.615000000000000213e+00,9.000000000000000000e+01,9.279876107822028075e+01,-2.798761078220274978e+00,-2.329767886154471057e+00
2.616000000000000103e+00,9.000000000000000000e+01,9.279380767677203323e+01,-2.793807676772032345e+00,-2.301651755324345849e+00
2.616999999999999993e+00,9.000000000000000000e+01,9.278882545991754682e+01,-2.788825459917547267e+00,-2.273730617652782726e+00
2.617999999999999883e+00,9.000000000000000000e+01,9.278381478411627370e+01,-2.783814784116277252e+00,-2.246003363738706682e+00
2.619000000000000217e+00,9.000000000000000000e+01,9.277877600334046804e+01,-2.778776003340472922e+00,-2.218468889787967413e+00
2.620000000000000107e+00,9.000000000000000000e+01,9.277370946908932581e+01,-2.773709469089325808e+00,-2.191126097587505761e+00
2.620999999999999996e+00,9.000000000000000000e+01,9.276861553040313879e+01,-2.768615530403140568e+00,-2.163973894479600979e+00
2.621999999999999886e+00,9.000000000000000000e+01,9.276349453387733490e+01,-2.763494533877329129e+00,-2.137011193336256554e+00
2.623000000000000220e+00,9.000000000000000000e+01,9.275834682367646167e+01,-2.758346823676457227e+00,-2.110236912533654863e+00
2.624000000000000110e+00,9.000000000000000000e+01,9.275317274154809866e+01,-2.753172741548097324e+00,-2.083649975926772147e+00
2.625000000000000000e+00,9.000000000000000000e+01,9.274797262683668464e+01,-2.747972626836683752e+00,-2.057249312824051213e+00
2.625999999999999890e+00,9.000000000000000000e+01,9.274274681649731633e+01,-2.742746816497316775e+00,-2.031033857962205147e+00
2.627000000000000224e+00,9.000000000000000000e+01,9.273749564510940502e+01,-2.737495645109400577e+00,-2.005002551481139150e+00
2.628000000000000114e+00,9.000000000000000000e+01,9.273221944489031898e+01,-2.732219444890318538e+00,-1.979154338898949206e+00
2.629000000000000004e+00,9.000000000000000000e+01,9.272691854570898329e+01,-2.726918545708984620e+00,-1.953488171087049308e+00
2.629999999999999893e+00,9.000000000000000000e+01,9.272159327509929483e+01,-2.721593275099301046e+00,-1.928003004245402829e+00
2.631000000000000227e+00,9.000000000000000000e+01,9.271624395827363685e+01,-2.716243958273633297e+00,-1.902697799877835605e+00
2.632000000000000117e+00,9.000000000000000000e+01,9.271087091813612346e+01,-2.710870918136128793e+00,-1.877571524767491118e+00
2.633000000000000007e+00,9.000000000000000000e+01,9.270547447529600049e+01,-2.705474475295998715e+00,-1.852623150952362518e+00
2.633999999999999897e+00,9.000000000000000000e+01,9.270005494808077628e+01,-2.700054948080776729e+00,-1.827851655700930777e+00
2.635000000000000231e+00,9.000000000000000000e+01,9.269461265254940940e+01,-2.694612652549407183e+00,-1.803256021487928962e+00
2.636000000000000121e+00,9.000000000000000000e+01,9.268914790250538260e+01,-2.689147902505389265e+00,-1.778835235970169126e+00
2.637000000000000011e+00,9.000000000000000000e+01,9.268366100950974840e+01,-2.683661009509753281e+00,-1.754588291962516866e+00
2.637999999999999901e+00,9.000000000000000000e+01,9.267815228289403251e+01,-2.678152282894036063e+00,-1.730514187413933591e+00
2.639000000000000234e+00,9.000000000000000000e+01,9.267262202977315155e+01,-2.672622029773144892e+00,-1.706611925383642925e+00
2.640000000000000124e+00,9.000000000000000000e+01,9.266707055505818857e+01,-2.667070555058193904e+00,-1.682880514017382145e+00
2.641000000000000014e+00,9.000000000000000000e+01,9.266149816146923968e+01,-2.661498161469237012e+00,-1.659318966523768646e+00
2.641999999999999904e+00,9.000000000000000000e+01,9.265590514954799062e+01,-2.655905149547992838e+00,-1.635926301150752993e+00
2.643000000000000238e+00,9.000000000000000000e+01,9.265029181767040711e+01,-2.650291817670412886e+00,-1.612701541162196772e+00
2.644000000000000128e+00,9.000000000000000000e+01,9.264465846205928301e+01,-2.644658462059289672e+00,-1.589643714814513276e+00
2.645000000000000018e+00,9.000000000000000000e+01,9.263900537679671743e+01,-2.639005376796723645e+00,-1.566751855333441634e+00
2.645999999999999908e+00,9.000000000000000000e+01,9.263333285383656346e+01,-2.633332853836566567e+00,-1.544025000890904442e+00
2.647000000000000242e+00,9.000000000000000000e+01,9.262764118301679162e+01,-2.627641183016787618e+00,-1.521462194581969074e+00
2.648000000000000131e+00,9.000000000000000000e+01,9.262193065207175380e+01,-2.621930652071748913e+00,-1.499062484401907147e+00
2.649000000000000021e+00,9.000000000000000000e+01,9.261620154664447568e+01,-2.616201546644470799e+00,-1.476824923223337693e+00
2.649999999999999911e+00,9.000000000000000000e+01,9.261045415029882122e+01,-2.610454150298820775e+00,-1.454748568773484019e+00
2.651000000000000245e+00,9.000000000000000000e+01,9.260468874453160026e+01,-2.604688744531596267e+00,-1.432832483611534702e+00
2.652000000000000135e+00,9.000000000000000000e+01,9.259890560878460519e+01,-2.598905608784602528e+00,-1.411075735106082307e+00
2.653000000000000025e+00,9.000000000000000000e+01,9.259310502045663327e+01,-2.593105020456632381e+00,-1.389477395412671568e+00
2.653999999999999915e+00,9.000000000000000000e+01,9.258728725491539535e+01,-2.587287254915390911e+00,-1.368036541451439714e+00
2.655000000000000249e+00,9.000000000000000000e+01,9.258145258550936774e+01,-2.581452585509362851e+00,-1.346752254884849620e+00
2.656000000000000139e+00,9.000000000000000000e+01,9.257560128357962981e+01,-2.575601283579632028e+00,-1.325623622095519538e+00
2.657000000000000028e+00,9.000000000000000000e+01,9.256973361847160220e+01,-2.569733618471598646e+00,-1.304649734164154751e+00
2.657999999999999918e+00,9.000000000000000000e+01,9.256384985754671391e+01,-2.563849857546709465e+00,-1.283829686847557827e+00
2.659000000000000252e+00,9.000000000000000000e+01,9.255795026619404098e+01,-2.557950266194047639e+00,-1.263162580556761450e+00
2.660000000000000142e+00,9.000000000000000000e+01,9.255203510784190257e+01,-2.552035107841897243e+00,-1.242647520335230293e+00
2.661000000000000032e+00,9.000000000000000000e+01,9.254610464396925806e+01,-2.546104643969255843e+00,-1.222283615837158832e+00
2.661999999999999922e+00,9.000000000000000000e+01,9.254015913411728889e+01,-2.540159134117286222e+00,-1.202069981305867730e+00
2.663000000000000256e+00,9.000000000000000000e+01,9.253419883590069617e+01,-2.534198835900701940e+00,-1.182005735552297043e+00
2.664000000000000146e+00,9.000000000000000000e+01,9.252822400501908362e+01,-2.528224005019088949e+00,-1.162090001933589134e+00
2.665000000000000036e+00,9.000000000000000000e+01,9.252223489526816991e+01,-2.522234895268167687e+00,-1.142321908331762170e+00
2.665999999999999925e+00,9.000000000000000000e+01,9.251623175855102943e+01,-2.516231758551023212e+00,-1.122700587132467787e+00
2.667000000000000259e+00,9.000000000000000000e+01,9.251021484488923363e+01,-2.510214844889240293e+00,-1.103225175203855990e+00
2.668000000000000149e+00,9.000000000000000000e+01,9.250418440243402074e+01,-2.504184402434020740e+00,-1.083894813875517560e+00
2.669000000000000039e+00,9.000000000000000000e+01,9.249814067747718127e+01,-2.498140677477188376e+00,-1.064708648917532141e+00
2.669999999999999929e+00,9.000000000000000000e+01,9.249208391446219935e+01,-2.492083914462194461e+00,-1.045665830519584505e+00
2.671000000000000263e+00,9.000000000000000000e+01,9.248601435599503873e+01,-2.486014355995032510e+00,-1.026765513270188279e+00
2.672000000000000153e+00,9.000000000000000000e+01,9.247993224285509939e+01,-2.479932242855104274e+00,-1.008006856135993612e+00
2.673000000000000043e+00,9.000000000000000000e+01,9.247383781400604619e+01,-2.473837814006044411e+00,-9.893890224411832079e-01
2.673999999999999932e+00,9.000000000000000000e+01,9.246773130660645279e+01,-2.467731306606460340e+00,-9.709111798469665100e-01
2.675000000000000266e+00,9.000000000000000000e+01,9.246161295602064456e+01,-2.461612956020641896e+00,-9.525725003311513728e-01
2.676000000000000156e+00,9.000000000000000000e+01,9.245548299582917195e+01,-2.455482995829174619e+00,-9.343721601678112165e-01
2.677000000000000046e+00,9.000000000000000000e+01,9.244934165783955393e+01,-2.449341657839559705e+00,-9.163093399070212364e-01
2.677999999999999936e+00,9.000000000000000000e+01,9.244318917209675135e+01,-2.443189172096750461e+00,-8.983832243547065222e-01
2.679000000000000270e+00,9.000000000000000000e+01,9.243702576689359773e+01,-2.437025766893595069e+00,-8.805930025525758875e-01
2.680000000000000160e+00,9.000000000000000000e+01,9.243085166878130110e+01,-2.430851668781296215e+00,-8.629378677581198698e-01
2.681000000000000050e+00,9.000000000000000000e+01,9.242466710257976104e+01,-2.424667102579766809e+00,-8.454170174247219727e-01
2.681999999999999940e+00,9.000000000000000000e+01,9.241847229138792841e+01,-2.418472291387932849e+00,-8.280296531818420736e-01
2.683000000000000274e+00,9.000000000000000000e+01,9.241226745659400876e+01,-2.412267456594002546e+00,-8.107749808152824311e-01
2.684000000000000163e+00,9.000000000000000000e+01,9.240605281788569414e+01,-2.406052817885694584e+00,-7.936522102475422891e-01
2.685000000000000053e+00,9.000000000000000000e+01,9.239982859326035225e+01,-2.399828593260351361e+00,-7.766605555182726217e-01
2.685999999999999943e+00,9.000000000000000000e+01,9.239359499903508777e+01,-2.393594999035091320e+00,-7.597992347647866129e-01
2.687000000000000277e+00,9.000000000000000000e+01,9.238735224985680361e+01,-2.387352249856797393e+00,-7.430674702026895950e-01
2.688000000000000167e+00,9.000000000000000000e+01,9.238110055871217696e+01,-2.381100558712179183e+00,-7.264644881065513982e-01
2.689000000000000057e+00,9.000000000000000000e+01,9.237484013693766371e+01,-2.374840136937657942e+00,-7.099895187907097061e-01
2.689999999999999947e+00,9.000000000000000000e+01,9.236857119422928974e+01,-2.368571194229290189e+00,-6.936417965901136018e-01
2.690999999999999837e+00,9.000000000000000000e+01,9.236229393865259851e+01,-2.362293938652601621e+00,-6.774205598412752494e-01
2.692000000000000171e+00,9.000000000000000000e+01,9.235600857665238550e+01,-2.356008576652384612e+00,-6.613250508632988467e-01
2.693000000000000060e+00,9.000000000000000000e+01,9.234971531306241843e+01,-2.349715313062416211e+00,-6.453545159389972863e-01
2.693999999999999950e+00,9.000000000000000000e+01,9.234341435111515750e+01,-2.343414351115153504e+00,-6.295082052960769836e-01
2.694999999999999840e+00,9.000000000000000000e+01,9.233710589245139033e+01,-2.337105892451389888e+00,-6.137853730884144099e-01
2.696000000000000174e+00,9.000000000000000000e+01,9.233079013712978167e+01,-2.330790137129782114e+00,-5.981852773774234411e-01
2.697000000000000064e+00,9.000000000000000000e+01,9.232446728363646571e+01,-2.324467283636459491e+00,-5.827071801134691142e-01
2.697999999999999954e+00,9.000000000000000000e+01,9.231813752889445368e+01,-2.318137528894459010e+00,-5.673503471174099477e-01
2.698999999999999844e+00,9.000000000000000000e+01,9.231180106827316934e+01,-2.311801068273168891e+00,-5.521140480621891111e-01
2.700000000000000178e+00,9.000000000000000000e+01,9.230545809559771442e+01,-2.305458095597716639e+00,-5.369975564545097502e-01
2.701000000000000068e+00,9.000000000000000000e+01,9.229910880315831889e+01,-2.299108803158318448e+00,-5.220001496165931343e-01
2.701999999999999957e+00,9.000000000000000000e+01,9.229275338171953535e+01,-2.292753381719529582e+00,-5.071211086680276203e-01
2.702999999999999847e+00,9.000000000000000000e+01,9.228639202052953294e+01,-2.286392020529532054e+00,-4.923597185076702409e-01
2.704000000000000181e+00,9.000000000000000000e+01,9.228002490732927754e+01,-2.280024907329280204e+00,-4.777152677956613136e-01
2.705000000000000071e+00,9.000000000000000000e+01,9.227365222836166936e+01,-2.273652228361675132e+00,-4.631870489354890097e-01
2.705999999999999961e+00,9.000000000000000000e+01,9.226727416838062368e+01,-2.267274168380621902e+00,-4.487743580561520673e-01
2.706999999999999851e+00,9.000000000000000000e+01,9.226089091066009473e+01,-2.260890910660100062e+00,-4.344764949943800136e-01
2.708000000000000185e+00,9.000000000000000000e+01,9.225450263700314224e+01,-2.254502637003148013e+00,-4.202927632769495325e-01
2.709000000000000075e+00,9.000000000000000000e+01,9.224810952775082740e+01,-2.248109527750828729e+00,-4.062224701030674456e-01
2.709999999999999964e+00,9.000000000000000000e+01,9.224171176179112308e+01,-2.241711761791124857e+00,-3.922649263268422892e-01
2.710999999999999854e+00,9.000000000000000000e+01,9.223530951656776722e+01,-2.235309516567767218e+00,-3.784194464398273894e-01
2.712000000000000188e+00,9.000000000000000000e+01,9.222890296808907351e+01,-2.228902968089077063e+00,-3.646853485536230011e-01
2.713000000000000078e+00,9.000000000000000000e+01,9.222249229093669953e+01,-2.222492290936705750e+00,-3.510619543825794775e-01
2.713999999999999968e+00,9.000000000000000000e+01,9.221607765827437220e+01,-2.216077658274375750e+00,-3.375485892265612797e-01
2.714999999999999858e+00,9.000000000000000000e+01,9.220965924185651375e+01,-2.209659241856517742e+00,-3.241445819538015805e-01
2.716000000000000192e+00,9.000000000000000000e+01,9.220323721203692457e+01,-2.203237212036923243e+00,-3.108492649838130450e-01
2.717000000000000082e+00,9.000000000000000000e+01,9.219681173777730976e+01,-2.196811737777304430e+00,-2.976619742703918714e-01
2.717999999999999972e+00,9.000000000000000000e+01,9.219038298665580555e+01,-2.190382986655809106e+00,-2.845820492846840022e-01
2.718999999999999861e+00,9.000000000000000000e+01,9.218395112487554854e+01,-2.183951124875552097e+00,-2.716088329983172844e-01
2.720000000000000195e+00,9.000000000000000000e+01,9.217751631727301742e+01,-2.177516317273017865e+00,-2.587416718666368798e-01
2.721000000000000085e+00,9.000000000000000000e+01,9.217107872732647422e+01,-2.171078727326476443e+00,-2.459799158119864160e-01
2.721999999999999975e+00,9.000000000000000000e+01,9.216463851716433453e+01,-2.164638517164334974e+00,-2.333229182070784002e-01
2.722999999999999865e+00,9.000000000000000000e+01,9.215819584757342398e+01,-2.158195847573427972e+00,-2.207700358584345768e-01
2.724000000000000199e+00,9.000000000000000000e+01,9.215175087800730580e+01,-2.151750878007302248e+00,-2.083206289898889008e-01
2.725000000000000089e+00,9.000000000000000000e+01,9.214530376659442368e+01,-2.145303766594422346e+00,-1.959740612261791082e-01
2.725999999999999979e+00,9.000000000000000000e+01,9.213885467014635822e+01,-2.138854670146361769e+00,-1.837296995765977936e-01
2.726999999999999869e+00,9.000000000000000000e+01,9.213240374416589873e+01,-2.132403744165897841e+00,-1.715869144187296413e-01
2.728000000000000203e+00,9.000000000000000000e+01,9.212595114285514342e+01,-2.125951142855150078e+00,-1.595450794822326213e-01
2.729000000000000092e+00,9.000000000000000000e+01,9.211949701912359956e+01,-2.119497019123597781e+00,-1.476035718327262103e-01
2.729999999999999982e+00,9.000000000000000000e+01,9.211304152459608474e+01,-2.113041524596081189e+00,-1.357617718557315722e-01
2.730999999999999872e+00,9.000000000000000000e+01,9.210658480962077022e+01,-2.106584809620766219e+00,-1.240190632406785731e-01
2.732000000000000206e+00,9.000000000000000000e+01,9.210012702327706791e+01,-2.100127023277070126e+00,-1.123748329649918443e-01
2.733000000000000096e+00,9.000000000000000000e+01,9.209366831338351744e+01,-2.093668313383523216e+00,-1.008284712782476777e-01
2.733999999999999986e+00,9.000000000000000000e+01,9.208720882650560213e+01,-2.087208826505606574e+00,-8.937937168639575880e-02
2.734999999999999876e+00,9.000000000000000000e+01,9.208074870796355071e+01,-2.080748707963550714e+00,-7.802693093605284069e-02
2.736000000000000210e+00,9.000000000000000000e+01,9.207428810184006807e+01,-2.074288101840070286e+00,-6.677054899886836203e-02
2.737000000000000099e+00,9.000000000000000000e+01,9.206782715098808012e+01,-2.067827150988074347e+00,-5.560962905595334682e-02
2.737999999999999989e+00,9.000000000000000000e+01,9.206136599703836509e+01,-2.061365997038362430e+00,-4.454357748237725012e-02
2.738999999999999879e+00,9.000000000000000000e+01,9.205490478040719893e+01,-2.054904780407194931e+00,-3.357180383175584204e-02
2.740000000000000213e+00,9.000000000000000000e+01,9.204844364030392967e+01,-2.048443640303926117e+00,-2.269372082086706932e-02
2.741000000000000103e+00,9.000000000000000000e+01,9.204198271473852344e+01,-2.041982714738522997e+00,-1.190874431437016767e-02
2.741999999999999993e+00,9.000000000000000000e+01,9.203552214052906777e+01,-2.035522140529071766e+00,-1.216293309575400272e-03
2.742999999999999883e+00,9.000000000000000000e+01,9.202906205330926070e+01,-2.029062053309258484e+00,9.384210078716703762e-03
2.744000000000000217e+00,9.000000000000000000e+01,9.202260258753575783e+01,-2.022602587535760055e+00,1.989334063329661895e-02
2.745000000000000107e+00,9.000000000000000000e+01,9.201614387649564719e+01,-2.016143876495648524e+00,3.031167004958379430e-02
2.745999999999999996e+00,9.000000000000000000e+01,9.200968605231372521e+01,-2.009686052313732763e+00,4.063976695057847088e-02
2.746999999999999886e+00,9.000000000000000000e+01,9.200322924595985796e+01,-2.003229245959860627e+00,5.087819690175288123e-02
2.748000000000000220e+00,9.000000000000000000e+01,9.199677358725618603e+01,-1.996773587256182481e+00,6.102752242587516918e-02
2.749000000000000110e+00,9.000000000000000000e+01,9.199031920488437208e+01,-1.990319204884366089e+00,7.108830301776847271e-02
2.750000000000000000e+00,9.000000000000000000e+01,9.198386622639279153e+01,-1.983866226392796417e+00,8.106109515901116502e-02
2.750999999999999890e+00,9.000000000000000000e+01,9.197741477820372324e+01,-1.977414778203725687e+00,9.094645233256115624e-02
2.752000000000000224e+00,9.000000000000000000e+01,9.197096498562035549e+01,-1.970964985620359711e+00,1.007449250373153582e-01
2.753000000000000114e+00,9.000000000000000000e+01,9.196451697283394822e+01,-1.964516972833944664e+00,1.104570608026180789e-01
2.754000000000000004e+00,9.000000000000000000e+01,9.195807086293079635e+01,-1.958070862930801459e+00,1.200834042026928117e-01
2.754999999999999893e+00,9.000000000000000000e+01,9.195162677789932104e+01,-1.951626777899323706e+00,1.296244968710089651e-01
2.756000000000000227e+00,9.000000000000000000e+01,9.194518483863690506e+01,-1.945184838636911717e+00,1.390808775145828680e-01
2.757000000000000117e+00,9.000000000000000000e+01,9.193874516495691296e+01,-1.938745164956917399e+00,1.484530819282305902e-01
2.758000000000000007e+00,9.000000000000000000e+01,9.193230787559548389e+01,-1.932307875595490110e+00,1.577416430087370536e-01
2.758999999999999897e+00,9.000000000000000000e+01,9.192587308821846648e+01,-1.925873088218471585e+00,1.669470907689867278e-01
2.760000000000000231e+00,9.000000000000000000e+01,9.191944091942816897e+01,-1.919440919428164527e+00,1.760699523519959619e-01
2.761000000000000121e+00,9.000000000000000000e+01,9.191301148477009519e+01,-1.913011484770099857e+00,1.851107520449122301e-01
2.762000000000000011e+00,9.000000000000000000e+01,9.190658489873979420e+01,-1.906584898739793754e+00,1.940700112929474308e-01
2.762999999999999901e+00,9.000000000000000000e+01,9.190016127478942565e+01,-1.900161274789425425e+00,2.029482487132352464e-01
2.764000000000000234e+00,9.000000000000000000e+01,9.189374072533450999e+01,-1.893740725334504216e+00,2.117459801086380988e-01
2.765000000000000124e+00,9.000000000000000000e+01,9.188732336176047966e+01,-1.887323361760484763e+00,2.204637184814890460e-01
2.766000000000000014e+00,9.000000000000000000e+01,9.188090929442938659e+01,-1.880909294429383261e+00,2.291019740472743926e-01
2.766999999999999904e+00,9.000000000000000000e+01,9.187449863268629713e+01,-1.874498632686290689e+00,2.376612542482405832e-01
2.768000000000000238e+00,9.000000000000000000e+01,9.186809148486590004e+01,-1.868091484865899377e+00,2.461420637669644584e-01
2.769000000000000128e+00,9.000000000000000000e+01,9.186168795829901512e+01,-1.861687958299016454e+00,2.545449045398542331e-01
2.770000000000000018e+00,9.000000000000000000e+01,9.185528815931895963e+01,-1.855288159318964070e+00,2.628702757705689841e-01
2.770999999999999908e+00,9.000000000000000000e+01,9.184889219326801424e+01,-1.848892193268015793e+00,2.711186739434092718e-01
2.772000000000000242e+00,9.000000000000000000e+01,9.184250016450376108e+01,-1.842500164503758642e+00,2.792905928366287149e-01
2.773000000000000131e+00,9.000000000000000000e+01,9.183611217640543600e+01,-1.836112176405440444e+00,2.873865235356969361e-01
2.774000000000000021e+00,9.000000000000000000e+01,9.182972833138028079e+01,-1.829728331380281237e+00,2.954069544464934527e-01
2.774999999999999911e+00,9.000000000000000000e+01,9.182334873086972493e+01,-1.823348730869731815e+00,3.033523713084425033e-01
2.776000000000000245e+00,9.000000000000000000e+01,9.181697347535572362e+01,-1.816973475355719847e+00,3.112232572075981363e-01
2.777000000000000135e+00,9.000000000000000000e+01,9.181060266436685424e+01,-1.810602664366860015e+00,3.190200925896606865e-01
2.778000000000000025e+00,9.000000000000000000e+01,9.180423639648458334e+01,-1.804236396484584448e+00,3.267433552729348545e-01
2.778999999999999915e+00,9.000000000000000000e+01,9.179787476934932045e+01,-1.797874769349326662e+00,3.343935204612511480e-01
2.780000000000000249e+00,9.000000000000000000e+01,9.179151787966658560e+01,-1.791517879666589375e+00,3.419710607567956195e-01
2.781000000000000139e+00,9.000000000000000000e+01,9.178516582321302053e+01,-1.785165823213026526e+00,3.494764461729078509e-01
2.782000000000000028e+00,9.000000000000000000e+01,9.177881869484248512e+01,-1.778818694842485781e+00,3.569101441468081060e-01
2.782999999999999918e+00,9.000000000000000000e+01,9.177247658849198331e+01,-1.772476588491987970e+00,3.642726195522656418e-01
2.784000000000000252e+00,9.000000000000000000e+01,9.176613959718771696e+01,-1.766139597187719845e+00,3.715643347122217222e-01
2.785000000000000142e+00,9.000000000000000000e+01,9.175980781305094069e+01,-1.759807813050936254e+00,3.787857494113431311e-01
2.786000000000000032e+00,9.000000000000000000e+01,9.175348132730390205e+01,-1.753481327303901827e+00,3.859373209085374956e-01
2.786999999999999922e+00,9.000000000000000000e+01,9.174716023027573897e+01,-1.747160230275743853e+00,3.930195039493873388e-01
2.788000000000000256e+00,9.000000000000000000e+01,9.174084461140826363e+01,-1.740844611408265408e+00,4.000327507785412795e-01
2.789000000000000146e+00,9.000000000000000000e+01,9.173453455926180311e+01,-1.734534559261810216e+00,4.069775111520637090e-01
2.790000000000000036e+00,9.000000000000000000e+01,9.172823016152096898e+01,-1.728230161520976305e+00,4.138542323496923192e-01
2.790999999999999925e+00,9.000000000000000000e+01,9.172193150500038428e+01,-1.721931505000390272e+00,4.206633591870776456e-01
2.792000000000000259e+00,9.000000000000000000e+01,9.171563867565042472e+01,-1.715638675650420497e+00,4.274053340279471147e-01
2.793000000000000149e+00,9.000000000000000000e+01,9.170935175856283195e+01,-1.709351758562837720e+00,4.340805967962120260e-01
2.794000000000000039e+00,9.000000000000000000e+01,9.170307083797646897e+01,-1.703070837976465191e+00,4.406895849880330118e-01
2.794999999999999929e+00,9.000000000000000000e+01,9.169679599728280550e+01,-1.696795997282799950e+00,4.472327336838284317e-01
2.796000000000000263e+00,9.000000000000000000e+01,9.169052731903161657e+01,-1.690527319031612574e+00,4.537104755602212602e-01
2.797000000000000153e+00,9.000000000000000000e+01,9.168426488493648208e+01,-1.684264884936479412e+00,4.601232409019277991e-01
2.798000000000000043e+00,9.000000000000000000e+01,9.167800877588030062e+01,-1.678008775880305947e+00,4.664714576136044233e-01
2.798999999999999932e+00,9.000000000000000000e+01,9.167175907192084594e+01,-1.671759071920846385e+00,4.727555512316417019e-01
2.800000000000000266e+00,9.000000000000000000e+01,9.166551585229612442e+01,-1.665515852296124866e+00,4.789759449358861332e-01
2.801000000000000156e+00,9.000000000000000000e+01,9.165927919542990310e+01,-1.659279195429905096e+00,4.851330595613374541e-01
2.802000000000000046e+00,9.000000000000000000e+01,9.165304917893706715e+01,-1.653049178937071817e+00,4.912273136097660142e-01
2.802999999999999936e+00,9.000000000000000000e+01,9.164682587962900584e+01,-1.646825879629000733e+00,4.972591232612928458e-01
2.804000000000000270e+00,9.000000000000000000e+01,9.164060937351891312e+01,-1.640609373518912673e+00,5.032289023859179977e-01
2.805000000000000160e+00,9.000000000000000000e+01,9.163439973582717357e+01,-1.634399735827180455e+00,5.091370625549855866e-01
2.806000000000000050e+00,9.000000000000000000e+01,9.162819704098660623e+01,-1.628197040986608002e+00,5.149840130526053272e-01
2.806999999999999940e+00,9.000000000000000000e+01,9.162200136264767991e+01,-1.622001362647684131e+00,5.207701608870207721e-01
2.808000000000000274e+00,9.000000000000000000e+01,9.161581277368381393e+01,-1.615812773683812154e+00,5.264959108019255929e-01
2.809000000000000163e+00,9.000000000000000000e+01,9.160963134619649395e+01,-1.609631346196499946e+00,5.321616652877270148e-01
2.810000000000000053e+00,9.000000000000000000e+01,9.160345715152053003e+01,-1.603457151520525814e+00,5.377678245927590694e-01
2.810999999999999943e+00,9.000000000000000000e+01,9.159729026022907306e+01,-1.597290260229077274e+00,5.433147867344447768e-01
2.812000000000000277e+00,9.000000000000000000e+01,9.159113074213887273e+01,-1.591130742138866738e+00,5.488029475104083676e-01
2.813000000000000167e+00,9.000000000000000000e+01,9.158497866631519457e+01,-1.584978666315193685e+00,5.542327005095304404e-01
2.814000000000000057e+00,9.000000000000000000e+01,9.157883410107699262e+01,-1.578834101076995955e+00,5.596044371229651482e-01
2.814999999999999947e+00,9.000000000000000000e+01,9.157269711400189749e+01,-1.572697114001900598e+00,5.649185465551054275e-01
2.815999999999999837e+00,9.000000000000000000e+01,9.156656777193120433e+01,-1.566567771931197894e+00,5.701754158344816137e-01
2.817000000000000171e+00,9.000000000000000000e+01,9.156044614097478984e+01,-1.560446140974790952e+00,5.753754298246234189e-01
2.818000000000000060e+00,9.000000000000000000e+01,9.155433228651618549e+01,-1.554332286516181938e+00,5.805189712348850506e-01
2.818999999999999950e+00,9.000000000000000000e+01,9.154822627321733819e+01,-1.548226273217332194e+00,5.856064206311863973e-01
2.819999999999999840e+00,9.000000000000000000e+01,9.154212816502358407e+01,-1.542128165023586517e+00,5.906381564467442224e-01
2.821000000000000174e+00,9.000000000000000000e+01,9.153603802516849441e+01,-1.536038025168493748e+00,5.956145549927223115e-01
2.822000000000000064e+00,9.000000000000000000e+01,9.152995591617867888e+01,-1.529955916178680431e+00,6.005359904688603034e-01
2.822999999999999954e+00,9.000000000000000000e+01,9.152388189987860301e+01,-1.523881899878607671e+00,6.054028349740219195e-01
2.823999999999999844e+00,9.000000000000000000e+01,9.151781603739536308e+01,-1.517816037395369078e+00,6.102154585167276490e-01
2.825000000000000178e+00,9.000000000000000000e+01,9.151175838916341831e+01,-1.511758389163421645e+00,6.149742290256217103e-01
2.826000000000000068e+00,9.000000000000000000e+01,9.150570901492935150e+01,-1.505709014929345502e+00,6.196795123599021515e-01
2.826999999999999957e+00,9.000000000000000000e+01,9.149966797375651595e+01,-1.499667973756511508e+00,6.243316723196770113e-01
2.827999999999999847e+00,9.000000000000000000e+01,9.149363532402972510e+01,-1.493635324029725986e+00,6.289310706562962761e-01
2.829000000000000181e+00,9.000000000000000000e+01,9.148761112345991364e+01,-1.487611123459912088e+00,6.334780670826469784e-01
2.830000000000000071e+00,9.000000000000000000e+01,9.148159542908871344e+01,-1.481595429088714555e+00,6.379730192833750202e-01
2.830999999999999961e+00,9.000000000000000000e+01,9.147558829729308627e+01,-1.475588297293081164e+00,6.424162829250681384e-01
2.831999999999999851e+00,9.000000000000000000e+01,9.146958978378982863e+01,-1.469589783789828852e+00,6.468082116663989023e-01
2.833000000000000185e+00,9.000000000000000000e+01,9.146359994364017609e+01,-1.463599943640173207e+00,6.511491571682181956e-01
2.834000000000000075e+00,9.000000000000000000e+01,9.145761883125426550e+01,-1.457618831254270164e+00,6.554394691036067311e-01
2.834999999999999964e+00,9.000000000000000000e+01,9.145164650039566823e+01,-1.451646500395669115e+00,6.596794951678617291e-01
2.835999999999999854e+00,9.000000000000000000e+01,9.144568300418579554e+01,-1.445683004185790654e+00,6.638695810884605031e-01
2.837000000000000188e+00,9.000000000000000000e+01,9.143972839510836081e+01,-1.439728395108367254e+00,6.680100706349676454e-01
2.838000000000000078e+00,9.000000000000000000e+01,9.143378272501381332e+01,-1.433782725013819093e+00,6.721013056288911436e-01
2.838999999999999968e+00,9.000000000000000000e+01,9.142784604512368674e+01,-1.427846045123694063e+00,6.761436259535185123e-01
2.839999999999999858e+00,9.000000000000000000e+01,9.142191840603497610e+01,-1.421918406034981430e+00,6.801373695636681038e-01
2.841000000000000192e+00,9.000000000000000000e+01,9.141599985772447212e+01,-1.415999857724474786e+00,6.840828724954310935e-01
2.842000000000000082e+00,9.000000000000000000e+01,9.141009044955306706e+01,-1.410090449553072389e+00,6.879804688758459630e-01
2.842999999999999972e+00,9.000000000000000000e+01,9.140419023027006062e+01,-1.404190230270064621e+00,6.918304909325403429e-01
2.843999999999999861e+00,9.000000000000000000e+01,9.139829924801738059e+01,-1.398299248017383034e+00,6.956332690033237842e-01
2.845000000000000195e+00,9.000000000000000000e+01,9.139241755033387449e+01,-1.392417550333875154e+00,6.993891315457470004e-01
2.846000000000000085e+00,9.000000000000000000e+01,9.138654518415947337e+01,-1.386545184159477362e+00,7.030984051465891671e-01
2.846999999999999975e+00,9.000000000000000000e+01,9.138068219583944085e+01,-1.380682195839438631e+00,7.067614145313345642e-01
2.847999999999999865e+00,9.000000000000000000e+01,9.137482863112843745e+01,-1.374828631128442336e+00,7.103784825735777186e-01
2.849000000000000199e+00,9.000000000000000000e+01,9.136898453519481222e+01,-1.368984535194805563e+00,7.139499303044165579e-01
2.850000000000000089e+00,9.000000000000000000e+01,9.136314995262455341e+01,-1.363149952624548522e+00,7.174760769217629619e-01
2.850999999999999979e+00,9.000000000000000000e+01,9.135732492742550903e+01,-1.357324927425505035e+00,7.209572397996439896e-01
2.851999999999999869e+00,9.000000000000000000e+01,9.135150950303139439e+01,-1.351509503031393500e+00,7.243937344974473724e-01
2.853000000000000203e+00,9.000000000000000000e+01,9.134570372230587054e+01,-1.345703722305875427e+00,7.277858747691243746e-01
2.854000000000000092e+00,9.000000000000000000e+01,9.133990762754658022e+01,-1.339907627546574664e+00,7.311339725723444705e-01
2.854999999999999982e+00,9.000000000000000000e+01,9.133412126048905577e+01,-1.334121260489060434e+00,7.344383380776104975e-01
2.855999999999999872e+00,9.000000000000000000e+01,9.132834466231085457e+01,-1.328344662310855018e+00,7.376992796773447214e-01
2.857000000000000206e+00,9.000000000000000000e+01,9.132257787363536750e+01,-1.322577873635363721e+00,7.409171039949120630e-01
2.858000000000000096e+00,9.000000000000000000e+01,9.131682093453582638e+01,-1.316820934535820165e+00,7.440921158936197877e-01
2.858999999999999986e+00,9.000000000000000000e+01,9.131107388453918361e+01,-1.311073884539190937e+00,7.472246184856652373e-01
2.859999999999999876e+00,9.000000000000000000e+01,9.130533676263007692e+01,-1.305336762630081582e+00,7.503149131410469241e-01
2.861000000000000210e+00,9.000000000000000000e+01,9.129960960725456687e+01,-1.299609607254566646e+00,7.533632994964212237e-01
2.862000000000000099e+00,9.000000000000000000e+01,9.129389245632407324e+01,-1.293892456324069240e+00,7.563700754639439694e-01
2.862999999999999989e+00,9.000000000000000000e+01,9.128818534721916933e+01,-1.288185347219164889e+00,7.593355372400434344e-01
2.863999999999999879e+00,9.000000000000000000e+01,9.128248831679337627e+01,-1.282488316793373162e+00,7.622599793141657809e-01
2.865000000000000213e+00,9.000000000000000000e+01,9.127680140137694309e+01,-1.276801401376949086e+00,7.651436944774860915e-01
2.866000000000000103e+00,9.000000000000000000e+01,9.127112463678064103e+01,-1.271124636780635475e+00,7.679869738315650007e-01
2.866999999999999993e+00,9.000000000000000000e+01,9.126545805829935887e+01,-1.265458058299365751e+00,7.707901067969709086e-01
2.867999999999999883e+00,9.000000000000000000e+01,9.125980170071602515e+01,-1.259801700716029593e+00,7.735533811218795464e-01
2.869000000000000217e+00,9.000000000000000000e+01,9.125415559830513246e+01,-1.254155598305136232e+00,7.762770828905967146e-01
2.870000000000000107e+00,9.000000000000000000e+01,9.124851978483646064e+01,-1.248519784836454205e+00,7.789614965320639239e-01
2.870999999999999996e+00,9.000000000000000000e+01,9.124289429357871484e+01,-1.242894293578712839e+00,7.816069048283391663e-01
2.871999999999999886e+00,9.000000000000000000e+01,9.123727915730320603e+01,-1.237279157303202481e+00,7.842135889230030799e-01
2.873000000000000220e+00,9.000000000000000000e+01,9.123167440828736119e+01,-1.231674408287362521e+00,7.867818283295466841e-01
2.874000000000000110e+00,9.000000000000000000e+01,9.122608007831837540e+01,-1.226080078318381394e+00,7.893119009397271402e-01
2.875000000000000000e+00,9.000000000000000000e+01,9.122049619869677883e+01,-1.220496198696784829e+00,7.918040830318746615e-01
2.875999999999999890e+00,9.000000000000000000e+01,9.121492280023991839e+01,-1.214922800239921497e+00,7.942586492791461339e-01
2.877000000000000224e+00,9.000000000000000000e+01,9.120935991328555303e+01,-1.209359913285550148e+00,7.966758727577762933e-01
2.878000000000000114e+00,9.000000000000000000e+01,9.120380756769530706e+01,-1.203807567695301062e+00,7.990560249552471905e-01
2.879000000000000004e+00,9.000000000000000000e+01,9.119826579285815171e+01,-1.198265792858147716e+00,8.013993757784501071e-01
2.879999999999999893e+00,9.000000000000000000e+01,9.119273461769390110e+01,-1.192734617693894883e+00,8.037061935618097230e-01
2.881000000000000227e+00,9.000000000000000000e+01,9.118721407065660856e+01,-1.187214070656611442e+00,8.059767450753552165e-01
2.882000000000000117e+00,9.000000000000000000e+01,9.118170417973804831e+01,-1.181704179738053639e+00,8.082112955327569459e-01
2.883000000000000007e+00,9.000000000000000000e+01,9.117620497247105504e+01,-1.176204972471049492e+00,8.104101085993253850e-01
2.883999999999999897e+00,9.000000000000000000e+01,9.117071647593289185e+01,-1.170716475932894962e+00,8.125734463999836343e-01
2.885000000000000231e+00,9.000000000000000000e+01,9.116523871674870350e+01,-1.165238716748700387e+00,8.147015695271919711e-01
2.886000000000000121e+00,9.000000000000000000e+01,9.115977172109475646e+01,-1.159771721094761343e+00,8.167947370488408687e-01
2.887000000000000011e+00,9.000000000000000000e+01,9.115431551470183535e+01,-1.154315514701842016e+00,8.188532065160920581e-01
2.887999999999999901e+00,9.000000000000000000e+01,9.114887012285849721e+01,-1.148870122858493881e+00,8.208772339712073762e-01
2.889000000000000234e+00,9.000000000000000000e+01,9.114343557041433996e+01,-1.143435570414340408e+00,8.228670739553278768e-01
2.890000000000000124e+00,9.000000000000000000e+01,9.113801188178334201e+01,-1.138011881783344226e+00,8.248229795162149713e-01
2.891000000000000014e+00,9.000000000000000000e+01,9.113259908094705963e+01,-1.132599080947053416e+00,8.267452022159522684e-01
2.891999999999999904e+00,9.000000000000000000e+01,9.112719719145779607e+01,-1.127197191457793179e+00,8.286339921386147722e-01
2.893000000000000238e+00,9.000000000000000000e+01,9.112180623644191257e+01,-1.121806236441911020e+00,8.304895978979180970e-01
2.894000000000000128e+00,9.000000000000000000e+01,9.111642623860294066e+01,-1.116426238602944432e+00,8.323122666448070639e-01
2.895000000000000018e+00,9.000000000000000000e+01,9.111105722022480791e+01,-1.111057220224813236e+00,8.341022440750225364e-01
2.895999999999999908e+00,9.000000000000000000e+01,9.110569920317490755e+01,-1.105699203174912437e+00,8.358597744366165205e-01
2.897000000000000242e+00,9.000000000000000000e+01,9.110035220890731011e+01,-1.100352208907317442e+00,8.375851005374693736e-01
2.898000000000000131e+00,9.000000000000000000e+01,9.109501625846583295e+01,-1.095016258465837611e+00,8.392784637527209712e-01
2.899000000000000021e+00,9.000000000000000000e+01,9.108969137248713821e+01,-1.089691372487145538e+00,8.409401040322093124e-01
2.899999999999999911e+00,9.000000000000000000e+01,9.108437757120381661e+01,-1.084377571203818391e+00,8.425702599078470634e-01
2.901000000000000245e+00,9.000000000000000000e+01,9.107907487444744277e+01,-1.079074874447441434e+00,8.441691685009878876e-01
2.902000000000000135e+00,9.000000000000000000e+01,9.107378330165160207e+01,-1.073783301651598521e+00,8.457370655297257178e-01
2.903000000000000025e+00,9.000000000000000000e+01,9.106850287185491766e+01,-1.068502871854924097e+00,8.472741853161958048e-01
2.903999999999999915e+00,9.000000000000000000e+01,9.106323360370411990e+01,-1.063233603704119901e+00,8.487807607938150367e-01
2.905000000000000249e+00,9.000000000000000000e+01,9.105797551545687440e+01,-1.057975515456880178e+00,8.502570235144844002e-01
2.906000000000000139e+00,9.000000000000000000e+01,9.105272862498493680e+01,-1.052728624984932582e+00,8.517032036557968810e-01
2.907000000000000028e+00,9.000000000000000000e+01,9.104749294977693808e+01,-1.047492949776938742e+00,8.531195300281588789e-01
2.907999999999999918e+00,9.000000000000000000e+01,9.104226850694142570e+01,-1.042268506941432804e+00,8.545062300819150636e-01
2.909000000000000252e+00,9.000000000000000000e+01,9.103705531320977684e+01,-1.037055313209773733e+00,8.558635299144333741e-01
2.910000000000000142e+00,9.000000000000000000e+01,9.103185338493898371e+01,-1.031853384938981932e+00,8.571916542771310654e-01
2.911000000000000032e+00,9.000000000000000000e+01,9.102666273811468045e+01,-1.026662738114677564e+00,8.584908265825104134e-01
2.911999999999999922e+00,9.000000000000000000e+01,9.102148338835390007e+01,-1.021483388353906063e+00,8.597612689111204798e-01
2.913000000000000256e+00,9.000000000000000000e+01,9.101631535090798764e+01,-1.016315350907986526e+00,8.610032020185125479e-01
2.914000000000000146e+00,9.000000000000000000e+01,9.101115864066537142e+01,-1.011158640665375641e+00,8.622168453421579226e-01
2.915000000000000036e+00,9.000000000000000000e+01,9.100601327215443348e+01,-1.006013272154439919e+00,8.634024170083128835e-01
2.915999999999999925e+00,9.000000000000000000e+01,9.100087925954625234e+01,-1.000879259546255229e+00,8.645601338388770873e-01
2.917000000000000259e+00,9.000000000000000000e+01,9.099575661665741677e+01,-9.957566166574183253e-01,8.656902113582158886e-01
2.918000000000000149e+00,9.000000000000000000e+01,9.099064535695276845e+01,-9.906453569527692293e-01,8.667928637999273711e-01
2.919000000000000039e+00,9.000000000000000000e+01,9.098554549354815890e+01,-9.855454935481522405e-01,8.678683041136056042e-01
2.919999999999999929e+00,9.000000000000000000e+01,9.098045703921314953e+01,-9.804570392131507495e-01,8.689167439715589358e-01
2.921000000000000263e+00,9.000000000000000000e+01,9.097538000637378275e+01,-9.753800063737849690e-01,8.699383937754934237e-01
2.922000000000000153e+00,9.000000000000000000e+01,9.097031440711522521e+01,-9.703144071152211003e-01,8.709334626631735077e-01
2.923000000000000043e+00,9.000000000000000000e+01,9.096526025318445363e+01,-9.652602531844561851e-01,8.719021585150424913e-01
2.923999999999999932e+00,9.000000000000000000e+01,9.096021755599295489e+01,-9.602175559929515547e-01,8.728446879608079412e-01
2.925000000000000266e+00,9.000000000000000000e+01,9.095518632661929814e+01,-9.551863266193042490e-01,8.737612563860180925e-01
2.926000000000000156e+00,9.000000000000000000e+01,9.095016657581189179e+01,-9.501665758118935656e-01,8.746520679385860753e-01
2.927000000000000046e+00,9.000000000000000000e+01,9.094515831399145611e+01,-9.451583139914505605e-01,8.755173255352755035e-01
2.927999999999999936e+00,9.000000000000000000e+01,9.094016155125370915e+01,-9.401615512537048192e-01,8.763572308681896184e-01
2.929000000000000270e+00,9.000000000000000000e+01,9.093517629737192465e+01,-9.351762973719283112e-01,8.771719844111912634e-01
2.930000000000000160e+00,9.000000000000000000e+01,9.093020256179954686e+01,-9.302025617995436368e-01,8.779617854263236376e-01
2.931000000000000050e+00,9.000000000000000000e+01,9.092524035367263480e+01,-9.252403536726306887e-01,8.787268319701723174e-01
2.931999999999999940e+00,9.000000000000000000e+01,9.092028968181250548e+01,-9.202896818125086975e-01,8.794673209002269454e-01
2.933000000000000274e+00,9.000000000000000000e+01,9.091535055472824922e+01,-9.153505547282427823e-01,8.801834478811826346e-01
2.934000000000000163e+00,9.000000000000000000e+01,9.091042298061913129e+01,-9.104229806191248553e-01,8.808754073912246074e-01
2.935000000000000053e+00,9.000000000000000000e+01,9.090550696737720671e+01,-9.055069673772051519e-01,8.815433927282969595e-01
2.935999999999999943e+00,9.000000000000000000e+01,9.090060252258973605e+01,-9.006025225897350550e-01,8.821875960163140240e-01
2.937000000000000277e+00,9.000000000000000000e+01,9.089570965354165821e+01,-8.957096535416606553e-01,8.828082082113668516e-01
2.938000000000000167e+00,9.000000000000000000e+01,9.089082836721802039e+01,-8.908283672180268287e-01,8.834054191078757334e-01
2.939000000000000057e+00,9.000000000000000000e+01,9.088595867030645081e+01,-8.859586703064462609e-01,8.839794173447436121e-01
2.939999999999999947e+00,9.000000000000000000e+01,9.088110056919948931e+01,-8.811005691994900912e-01,8.845303904114524274e-01
2.941000000000000281e+00,9.000000000000000000e+01,9.087625406999711686e+01,-8.762540699971189673e-01,8.850585246541474715e-01
2.942000000000000171e+00,9.000000000000000000e+01,9.087141917850902928e+01,-8.714191785090228404e-01,8.855640052816745600e-01
2.943000000000000060e+00,9.000000000000000000e+01,9.086659590025705313e+01,-8.665959002570520209e-01,8.860470163716190894e-01
2.943999999999999950e+00,9.000000000000000000e+01,9.086178424047753310e+01,-8.617842404775316600e-01,8.865077408762745970e-01
2.944999999999999840e+00,9.000000000000000000e+01,9.085698420412360576e+01,-8.569842041236030994e-01,8.869463606286172030e-01
2.946000000000000174e+00,9.000000000000000000e+01,9.085219579586758698e+01,-8.521957958675904221e-01,8.873630563482460820e-01
2.947000000000000064e+00,9.000000000000000000e+01,9.084741902010327408e+01,-8.474190201032770764e-01,8.877580076472729731e-01
2.947999999999999954e+00,9.000000000000000000e+01,9.084265388094821958e+01,-8.426538809482219117e-01,8.881313930362103592e-01
2.948999999999999844e+00,9.000000000000000000e+01,9.083790038224603336e+01,-8.379003822460362461e-01,8.884833899298182347e-01
2.950000000000000178e+00,9.000000000000000000e+01,9.083315852756867059e+01,-8.331585275686738123e-01,8.888141746529285570e-01
2.951000000000000068e+00,9.000000000000000000e+01,9.082842832021867707e+01,-8.284283202186826234e-01,8.891239224462307300e-01
2.951999999999999957e+00,9.000000000000000000e+01,9.082370976323143452e+01,-8.237097632314314133e-01,8.894128074720344390e-01
2.952999999999999847e+00,9.000000000000000000e+01,9.081900285937736328e+01,-8.190028593773613919e-01,8.896810028200158316e-01
2.954000000000000181e+00,9.000000000000000000e+01,9.081430761116416761e+01,-8.143076111641747161e-01,8.899286805129211775e-01
2.955000000000000071e+00,9.000000000000000000e+01,9.080962402083908103e+01,-8.096240208390855786e-01,8.901560115122607586e-01
2.955999999999999961e+00,9.000000000000000000e+01,9.080495209039096949e+01,-8.049520903909714864e-01,8.903631657239436947e-01
2.956999999999999851e+00,9.000000000000000000e+01,9.080029182155254830e+01,-8.002918215525476331e-01,8.905503120039133247e-01
2.958000000000000185e+00,9.000000000000000000e+01,9.079564321580252795e+01,-7.956432158025301682e-01,8.907176181637550538e-01
2.959000000000000075e+00,9.000000000000000000e+01,9.079100627436783100e+01,-7.910062743678244468e-01,8.908652509762733374e-01
2.959999999999999964e+00,9.000000000000000000e+01,9.078638099822559582e+01,-7.863809982255987041e-01,8.909933761810165942e-01
2.960999999999999854e+00,9.000000000000000000e+01,9.078176738810546453e+01,-7.817673881054594265e-01,8.911021584898198844e-01
2.962000000000000188e+00,9.000000000000000000e+01,9.077716544449152991e+01,-7.771654444915251370e-01,8.911917615922818614e-01
2.963000000000000078e+00,9.000000000000000000e+01,9.077257516762453804e+01,-7.725751676245384836e-01,8.912623481612402809e-01
2.963999999999999968e+00,9.000000000000000000e+01,9.076799655750392049e+01,-7.679965575039268133e-01,8.913140798582098734e-01
2.964999999999999858e+00,9.000000000000000000e+01,9.076342961388991171e+01,-7.634296138899147044e-01,8.913471173388064495e-01
2.966000000000000192e+00,9.000000000000000000e+01,9.075887433630553858e+01,-7.588743363055460156e-01,8.913616202581172709e-01
2.967000000000000082e+00,9.000000000000000000e+01,9.075433072403873780e+01,-7.543307240387326917e-01,8.913577472760709774e-01
2.967999999999999972e+00,9.000000000000000000e+01,9.074979877614430279e+01,-7.497987761443030141e-01,8.913356560627760938e-01
2.968999999999999861e+00,9.000000000000000000e+01,9.074527849144598690e+01,-7.452784914459861243e-01,8.912955033038233443e-01
2.970000000000000195e+00,9.000000000000000000e+01,9.074076986853846449e+01,-7.407698685384602744e-01,8.912374447055829707e-01
2.971000000000000085e+00,9.000000000000000000e+01,9.073627290578930626e+01,-7.362729057893120377e-01,8.911616350004495368e-01
2.971999999999999975e+00,9.000000000000000000e+01,9.073178760134102561e+01,-7.317876013410211655e-01,8.910682279520840687e-01
2.972999999999999865e+00,9.000000000000000000e+01,9.072731395311295444e+01,-7.273139531129579893e-01,8.909573763606263297e-01
2.974000000000000199e+00,9.000000000000000000e+01,9.072285195880330377e+01,-7.228519588033039955e-01,8.908292320678629084e-01
2.975000000000000089e+00,9.000000000000000000e+01,9.071840161589099694e+01,-7.184016158909990457e-01,8.906839459623951960e-01
2.975999999999999979e+00,9.000000000000000000e+01,9.071396292163771591e+01,-7.139629216377126886e-01,8.905216679847779426e-01
2.976999999999999869e+00,9.000000000000000000e+01,9.070953587308972033e+01,-7.095358730897147748e-01,8.903425471326069651e-01
2.978000000000000203e+00,9.000000000000000000e+01,9.070512046707979437e+01,-7.051204670797960317e-01,8.901467314656156260e-01
2.979000000000000092e+00,9.000000000000000000e+01,9.070071670022917942e+01,-7.007167002291770919e-01,8.899343681107358961e-01
2.979999999999999982e+00,9.000000000000000000e+01,9.069632456894937889e+01,-6.963245689493779977e-01,8.897056032671251113e-01
2.980999999999999872e+00,9.000000000000000000e+01,9.069194406944410503e+01,-6.919440694441012507e-01,8.894605822111781857e-01
2.982000000000000206e+00,9.000000000000000000e+01,9.068757519771106956e+01,-6.875751977110643454e-01,8.891994493015072942e-01
2.983000000000000096e+00,9.000000000000000000e+01,9.068321794954388793e+01,-6.832179495438944761e-01,8.889223479839147846e-01
2.983999999999999986e+00,9.000000000000000000e+01,9.067887232053391244e+01,-6.788723205339102229e-01,8.886294207963101321e-01
2.984999999999999876e+00,9.000000000000000000e+01,9.067453830607198029e+01,-6.745383060719791768e-01,8.883208093736404409e-01
2.986000000000000210e+00,9.000000000000000000e+01,9.067021590135031772e+01,-6.702159013503239393e-01,8.879966544527720940e-01
2.987000000000000099e+00,9.000000000000000000e+01,9.066590510136433068e+01,-6.659051013643287886e-01,8.876570958773535303e-01
2.987999999999999989e+00,9.000000000000000000e+01,9.066160590091429583e+01,-6.616059009142959413e-01,8.873022726026522644e-01
2.988999999999999879e+00,9.000000000000000000e+01,9.065731829460727909e+01,-6.573182946072768651e-01,8.869323227003892418e-01
2.990000000000000213e+00,9.000000000000000000e+01,9.065304227685879823e+01,-6.530422768588026727e-01,8.865473833635109102e-01
2.991000000000000103e+00,9.000000000000000000e+01,9.064877784189464194e+01,-6.487778418946399395e-01,8.861475909109688409e-01
2.991999999999999993e+00,9.000000000000000000e+01,9.064452498375254663e+01,-6.445249837525462988e-01,8.857330807924707061e-01
2.992999999999999883e+00,9.000000000000000000e+01,9.064028369628400128e+01,-6.402836962840007251e-01,8.853039875932005032e-01
2.994000000000000217e+00,9.000000000000000000e+01,9.063605397315593848e+01,-6.360539731559337051e-01,8.848604450385199049e-01
2.995000000000000107e+00,9.000000000000000000e+01,9.063183580785241134e+01,-6.318358078524062282e-01,8.844025859986388571e-01
2.995999999999999996e+00,9.000000000000000000e+01,9.062762919367635561e+01,-6.276291936763536139e-01,8.839305424932868416e-01
2.996999999999999886e+00,9.000000000000000000e+01,9.062343412375123819e+01,-6.234341237512383005e-01,8.834444456963280734e-01
2.998000000000000220e+00,9.000000000000000000e+01,9.061925059102274815e+01,-6.192505910227553700e-01,8.829444259403828044e-01
2.999000000000000110e+00,9.000000000000000000e+01,9.061507858826047368e+01,-6.150785882604736798e-01,8.824306127214044393e-01
3.000000000000000000e+00,9.000000000000000000e+01,9.061091810805950786e+01,-6.109181080595148527e-01,8.819031347032524337e-01
3.000999999999999890e+00,9.000000000000000000e+01,9.060676914284218242e+01,-6.067691428421818634e-01,8.813621197222291093e-01
3.002000000000000224e+00,9.000000000000000000e+01,9.060263168485961671e+01,-6.026316848596130482e-01,8.808076947916031463e-01
3.003000000000000114e+00,9.000000000000000000e+01,9.059850572619338038e+01,-5.985057261933848238e-01,8.802399861061007691e-01
3.004000000000000004e+00,9.000000000000000000e+01,9.059439125875715604e+01,-5.943912587571534845e-01,8.796591190463877163e-01
3.004999999999999893e+00,9.000000000000000000e+01,9.059028827429821717e+01,-5.902882742982189512e-01,8.790652181835136858e-01
3.006000000000000227e+00,9.000000000000000000e+01,9.058619676439916191e+01,-5.861967643991672361e-01,8.784584072833581114e-01
3.007000000000000117e+00,9.000000000000000000e+01,9.058211672047939089e+01,-5.821167204793959993e-01,8.778388093110230939e-01
3.008000000000000007e+00,9.000000000000000000e+01,9.057804813379674158e+01,-5.780481337967435795e-01,8.772065464352420960e-01
3.008999999999999897e+00,9.000000000000000000e+01,9.057399099544902299e+01,-5.739909954490282074e-01,8.765617400327290198e-01
3.010000000000000231e+00,9.000000000000000000e+01,9.056994529637557889e+01,-5.699452963755748947e-01,8.759045106925231750e-01
3.011000000000000121e+00,9.000000000000000000e+01,9.056591102735880838e+01,-5.659110273588052742e-01,8.752349782203293627e-01
3.012000000000000011e+00,9.000000000000000000e+01,9.056188817902574328e+01,-5.618881790257393982e-01,8.745532616428023376e-01
3.012999999999999901e+00,9.000000000000000000e+01,9.055787674184951186e+01,-5.578767418495088615e-01,8.738594792118340449e-01
3.014000000000000234e+00,9.000000000000000000e+01,9.055387670615090201e+01,-5.538767061508972356e-01,8.731537484088232048e-01
3.015000000000000124e+00,9.000000000000000000e+01,9.054988806209983920e+01,-5.498880620998404245e-01,8.724361859489034865e-01
3.016000000000000014e+00,9.000000000000000000e+01,9.054591079971689283e+01,-5.459107997168900495e-01,8.717069077851564707e-01
3.016999999999999904e+00,9.000000000000000000e+01,9.054194490887471147e+01,-5.419449088747148036e-01,8.709660291128213938e-01
3.018000000000000238e+00,9.000000000000000000e+01,9.053799037929957194e+01,-5.379903792995759382e-01,8.702136643734699195e-01
3.019000000000000128e+00,9.000000000000000000e+01,9.053404720057278610e+01,-5.340472005727906479e-01,8.694499272591594830e-01
3.020000000000000018e+00,9.000000000000000000e+01,9.053011536213217880e+01,-5.301153621321820220e-01,8.686749307165657630e-01
3.020999999999999908e+00,9.000000000000000000e+01,9.052619485327350901e+01,-5.261948532735043482e-01,8.678887869510987230e-01
3.022000000000000242e+00,9.000000000000000000e+01,9.052228566315193348e+01,-5.222856631519310344e-01,8.670916074310094368e-01
3.023000000000000131e+00,9.000000000000000000e+01,9.051838778078341363e+01,-5.183877807834167406e-01,8.662835028914394053e-01
3.024000000000000021e+00,9.000000000000000000e+01,9.051450119504616509e+01,-5.145011950461595429e-01,8.654645833384970732e-01
3.024999999999999911e+00,9.000000000000000000e+01,9.051062589468196506e+01,-5.106258946819628441e-01,8.646349580532780577e-01
3.026000000000000245e+00,9.000000000000000000e+01,9.050676186829768710e+01,-5.067618682976853250e-01,8.637947355958965900e-01
3.027000000000000135e+00,9.000000000000000000e+01,9.050290910436660852e+01,-5.029091043666025218e-01,8.629440238094605586e-01
3.028000000000000025e+00,9.000000000000000000e+01,9.049906759122976041e+01,-4.990675912297549144e-01,8.620829298240481053e-01
3.028999999999999915e+00,9.000000000000000000e+01,9.049523731709737717e+01,-4.952373170973736194e-01,8.612115600606804477e-01
3.030000000000000249e+00,9.000000000000000000e+01,9.049141827005021810e+01,-4.914182700502153223e-01,8.603300202352391901e-01
3.031000000000000139e+00,9.000000000000000000e+01,9.048761043804090320e+01,-4.876104380408986527e-01,8.594384153623817468e-01
3.032000000000000028e+00,9.000000000000000000e+01,9.048381380889524905e+01,-4.838138088952527172e-01,8.585368497594468851e-01
3.032999999999999918e+00,9.000000000000000000e+01,9.048002837031367562e+01,-4.800283703136781210e-01,8.576254270503349542e-01
3.034000000000000252e+00,9.000000000000000000e+01,9.047625410987244265e+01,-4.762541098724448752e-01,8.567042501693512557e-01
3.035000000000000142e+00,9.000000000000000000e+01,9.047249101502499968e+01,-4.724910150250025698e-01,8.557734213650489696e-01
3.036000000000000032e+00,9.000000000000000000e+01,9.046873907310332186e+01,-4.687390731033164726e-01,8.548330422040562038e-01
3.036999999999999922e+00,9.000000000000000000e+01,9.046499827131913207e+01,-4.649982713191267436e-01,8.538832135748638530e-01
3.038000000000000256e+00,9.000000000000000000e+01,9.046126859676526522e+01,-4.612685967652718766e-01,8.529240356916200083e-01
3.039000000000000146e+00,9.000000000000000000e+01,9.045755003641696135e+01,-4.575500364169605705e-01,8.519556080978833990e-01
3.040000000000000036e+00,9.000000000000000000e+01,9.045384257713301679e+01,-4.538425771330186764e-01,8.509780296703645108e-01
3.040999999999999925e+00,9.000000000000000000e+01,9.045014620565720520e+01,-4.501462056571996495e-01,8.499913986226638185e-01
3.042000000000000259e+00,9.000000000000000000e+01,9.044646090861938603e+01,-4.464609086193930820e-01,8.489958125089600571e-01
3.043000000000000149e+00,9.000000000000000000e+01,9.044278667253688297e+01,-4.427866725368840850e-01,8.479913682277122611e-01
3.044000000000000039e+00,9.000000000000000000e+01,9.043912348381562083e+01,-4.391234838156258258e-01,8.469781620253322707e-01
3.044999999999999929e+00,9.000000000000000000e+01,9.043547132875141870e+01,-4.354713287514223596e-01,8.459562894998167160e-01
3.046000000000000263e+00,9.000000000000000000e+01,9.043183019353116947e+01,-4.318301935311629203e-01,8.449258456043954313e-01
3.047000000000000153e+00,9.000000000000000000e+01,9.042820006423406198e+01,-4.282000642340557106e-01,8.438869246511482292e-01
3.048000000000000043e+00,9.000000000000000000e+01,9.042458092683281734e+01,-4.245809268328115116e-01,8.428396203145909205e-01
3.048999999999999932e+00,9.000000000000000000e+01,9.042097276719485421e+01,-4.209727671948517713e-01,8.417840256352603356e-01
3.050000000000000266e+00,9.000000000000000000e+01,9.041737557108348255e+01,-4.173755710834794463e-01,8.407202330232710352e-01
3.051000000000000156e+00,9.000000000000000000e+01,9.041378932415909730e+01,-4.137893241591001359e-01,8.396483342618669132e-01
3.052000000000000046e+00,9.000000000000000000e+01,9.041021401198032947e+01,-4.102140119803289742e-01,8.385684205109281697e-01
3.052999999999999936e+00,9.000000000000000000e+01,9.040664962000522564e+01,-4.066496200052246990e-01,8.374805823105051505e-01
3.054000000000000270e+00,9.000000000000000000e+01,9.040309613359239904e+01,-4.030961335923963773e-01,8.363849095842846859e-01
3.055000000000000160e+00,9.000000000000000000e+01,9.039955353800218063e+01,-3.995535380021740801e-01,8.352814916430763015e-01
3.056000000000000050e+00,9.000000000000000000e+01,9.039602181839774175e+01,-3.960218183977409212e-01,8.341704171882627916e-01
3.056999999999999940e+00,9.000000000000000000e+01,9.039250095984628786e+01,-3.925009598462909088e-01,8.330517743152411336e-01
3.058000000000000274e+00,9.000000000000000000e+01,9.038899094732011008e+01,-3.889909473201102474e-01,8.319256505168296512e-01
3.059000000000000163e+00,9.000000000000000000e+01,9.038549176569772214e+01,-3.854917656977224216e-01,8.307921326866872791e-01
3.060000000000000053e+00,9.000000000000000000e+01,9.038200339976499720e+01,-3.820033997649950330e-01,8.296513071226957470e-01
3.060999999999999943e+00,9.000000000000000000e+01,9.037852583421624786e+01,-3.785258342162465817e-01,8.285032595303269964e-01
3.062000000000000277e+00,9.000000000000000000e+01,9.037505905365532044e+01,-3.750590536553277676e-01,8.273480750259903926e-01
3.063000000000000167e+00,9.000000000000000000e+01,9.037160304259671761e+01,-3.716030425967158934e-01,8.261858381403741625e-01
3.064000000000000057e+00,9.000000000000000000e+01,9.036815778546659317e+01,-3.681577854665958882e-01,8.250166328217626299e-01
3.064999999999999947e+00,9.000000000000000000e+01,9.036472326660393151e+01,-3.647232666039292859e-01,8.238405424393353549e-01
3.066000000000000281e+00,9.000000000000000000e+01,9.036129947026151399e+01,-3.612994702615098808e-01,8.226576497864538373e-01
3.067000000000000171e+00,9.000000000000000000e+01,9.035788638060704159e+01,-3.578863806070454734e-01,8.214680370839348988e-01
3.068000000000000060e+00,9.000000000000000000e+01,9.035448398172418649e+01,-3.544839817241879354e-01,8.202717859832926450e-01
3.068999999999999950e+00,9.000000000000000000e+01,9.035109225761355844e+01,-3.510922576135641626e-01,8.190689775699770969e-01
3.070000000000000284e+00,9.000000000000000000e+01,9.034771119219384161e+01,-3.477111921938443317e-01,8.178596923666042739e-01
3.071000000000000174e+00,9.000000000000000000e+01,9.034434076930274671e+01,-3.443407693027472072e-01,8.166440103361456426e-01
3.072000000000000064e+00,9.000000000000000000e+01,9.034098097269807681e+01,-3.409809726980705946e-01,8.154220108851197857e-01
3.072999999999999954e+00,9.000000000000000000e+01,9.033763178605869371e+01,-3.376317860586964814e-01,8.141937728667599794e-01
3.073999999999999844e+00,9.000000000000000000e+01,9.033429319298558369e+01,-3.342931929855829654e-01,8.129593745841723340e-01
3.075000000000000178e+00,9.000000000000000000e+01,9.033096517700282391e+01,-3.309651770028208539e-01,8.117188937934848303e-01
3.076000000000000068e+00,9.000000000000000000e+01,9.032764772155854871e+01,-3.276477215585489877e-01,8.104724077069447308e-01
3.076999999999999957e+00,9.000000000000000000e+01,9.032434081002600124e+01,-3.243408100259980720e-01,8.092199929960516291e-01
3.077999999999999847e+00,9.000000000000000000e+01,9.032104442570445713e+01,-3.210444257044570704e-01,8.079617257946344333e-01
3.079000000000000181e+00,9.000000000000000000e+01,9.031775855182021928e+01,-3.177585518202149517e-01,8.066976817019222423e-01
3.080000000000000071e+00,9.000000000000000000e+01,9.031448317152756999e+01,-3.144831715275656081e-01,8.054279357856199972e-01
3.080999999999999961e+00,9.000000000000000000e+01,9.031121826790973728e+01,-3.112182679097366123e-01,8.041525625849396119e-01
3.081999999999999851e+00,9.000000000000000000e+01,9.030796382397986122e+01,-3.079638239798561661e-01,8.028716361136367663e-01
3.083000000000000185e+00,9.000000000000000000e+01,9.030471982268188924e+01,-3.047198226818944589e-01,8.015852298630212758e-01
3.084000000000000075e+00,9.000000000000000000e+01,9.030148624689159931e+01,-3.014862468916051363e-01,8.002934168049538055e-01
3.084999999999999964e+00,9.000000000000000000e+01,9.029826307941742414e+01,-2.982630794174285782e-01,7.989962693948270411e-01
3.085999999999999854e+00,9.000000000000000000e+01,9.029505030300147439e+01,-2.950503030014715034e-01,7.976938595745470817e-01
3.087000000000000188e+00,9.000000000000000000e+01,9.029184790032036290e+01,-2.918479003203594546e-01,7.963862587754647615e-01
3.088000000000000078e+00,9.000000000000000000e+01,9.028865585398621363e+01,-2.886558539862162376e-01,7.950735379213349496e-01
3.088999999999999968e+00,9.000000000000000000e+01,9.028547414654750014e+01,-2.854741465475036932e-01,7.937557674312166744e-01
3.089999999999999858e+00,9.000000000000000000e+01,9.028230276048995506e+01,-2.823027604899503995e-01,7.924330172224010038e-01
3.091000000000000192e+00,9.000000000000000000e+01,9.027914167823746538e+01,-2.791416782374677719e-01,7.911053567133020659e-01
3.092000000000000082e+00,9.000000000000000000e+01,9.027599088215298195e+01,-2.759908821529894474e-01,7.897728548263186488e-01
3.092999999999999972e+00,9.000000000000000000e+01,9.027285035453937212e+01,-2.728503545393748397e-01,7.884355799907133422e-01
3.093999999999999861e+00,9.000000000000000000e+01,9.026972007764028660e+01,-2.697200776402869926e-01,7.870936001454584829e-01
3.095000000000000195e+00,9.000000000000000000e+01,9.026660003364104057e+01,-2.666000336410446203e-01,7.857469827420652253e-01
3.096000000000000085e+00,9.000000000000000000e+01,9.026349020466948048e+01,-2.634902046694876931e-01,7.843957947474079484e-01
3.096999999999999975e+00,9.000000000000000000e+01,9.026039057279683675e+01,-2.603905727968420791e-01,7.830401026465303449e-01
3.097999999999999865e+00,9.000000000000000000e+01,9.025730112003854799e+01,-2.573011200385469377e-01,7.816799724454305265e-01
3.099000000000000199e+00,9.000000000000000000e+01,9.025422182835509943e+01,-2.542218283551067048e-01,7.803154696738452412e-01
3.100000000000000089e+00,9.000000000000000000e+01,9.025115267965293242e+01,-2.511526796529310879e-01,7.789466593880124412e-01
3.100999999999999979e+00,9.000000000000000000e+01,9.024809365578516918e+01,-2.480936557851744495e-01,7.775736061734166427e-01
3.101999999999999869e+00,9.000000000000000000e+01,9.024504473855252229e+01,-2.450447385525248156e-01,7.761963741475156331e-01
3.103000000000000203e+00,9.000000000000000000e+01,9.024200590970404789e+01,-2.420059097040434537e-01,7.748150269624756170e-01
3.104000000000000092e+00,9.000000000000000000e+01,9.023897715093799832e+01,-2.389771509379917669e-01,7.734296278078747200e-01
3.104999999999999982e+00,9.000000000000000000e+01,9.023595844390260368e+01,-2.359584439026073677e-01,7.720402394133852875e-01
3.105999999999999872e+00,9.000000000000000000e+01,9.023294977019692453e+01,-2.329497701969311663e-01,7.706469240514620678e-01
3.107000000000000206e+00,9.000000000000000000e+01,9.022995111137157664e+01,-2.299511113715704547e-01,7.692497435399979766e-01
3.108000000000000096e+00,9.000000000000000000e+01,9.022696244892951256e+01,-2.269624489295133385e-01,7.678487592449875221e-01
3.108999999999999986e+00,9.000000000000000000e+01,9.022398376432688849e+01,-2.239837643268919598e-01,7.664440320831557019e-01
3.109999999999999876e+00,9.000000000000000000e+01,9.022101503897377484e+01,-2.210150389737713106e-01,7.650356225245901198e-01
3.111000000000000210e+00,9.000000000000000000e+01,9.021805625423493780e+01,-2.180562542349380184e-01,7.636235905953467906e-01
3.112000000000000099e+00,9.000000000000000000e+01,9.021510739143060675e+01,-2.151073914306128043e-01,7.622079958800356270e-01
3.112999999999999989e+00,9.000000000000000000e+01,9.021216843183725587e+01,-2.121684318372518696e-01,7.607888975244255780e-01
3.113999999999999879e+00,9.000000000000000000e+01,9.020923935668831461e+01,-2.092393566883104239e-01,7.593663542380065801e-01
3.115000000000000213e+00,9.000000000000000000e+01,9.020632014717493519e+01,-2.063201471749422089e-01,7.579404242965337435e-01
3.116000000000000103e+00,9.000000000000000000e+01,9.020341078444678828e+01,-2.034107844467883952e-01,7.565111655445920791e-01
3.116999999999999993e+00,9.000000000000000000e+01,9.020051124961268840e+01,-2.005112496126900679e-01,7.550786353981138177e-01
3.117999999999999883e+00,9.000000000000000000e+01,9.019762152374143227e+01,-1.976215237414259418e-01,7.536428908469016141e-01
3.119000000000000217e+00,9.000000000000000000e+01,9.019474158786243834e+01,-1.947415878624376706e-01,7.522039884571337653e-01
3.120000000000000107e+00,9.000000000000000000e+01,9.019187142296655679e+01,-1.918714229665549886e-01,7.507619843738561061e-01
3.120999999999999996e+00,9.000000000000000000e+01,9.018901101000672327e+01,-1.890110100067208532e-01,7.493169343234593605e-01
3.121999999999999886e+00,9.000000000000000000e+01,9.018616032989866937e+01,-1.861603298986657384e-01,7.478688936161377310e-01
3.123000000000000220e+00,9.000000000000000000e+01,9.018331936352164746e+01,-1.833193635216455175e-01,7.464179171483578124e-01
3.124000000000000110e+00,9.000000000000000000e+01,9.018048809171914115e+01,-1.804880917191411527e-01,7.449640594052914233e-01
3.125000000000000000e+00,9.000000000000000000e+01,9.017766649529953327e+01,-1.776664952995330449e-01,7.435073744632372250e-01
3.125999999999999890e+00,9.000000000000000000e+01,9.017485455503678793e+01,-1.748545550367879564e-01,7.420479159920435608e-01
3.127000000000000224e+00,9.000000000000000000e+01,9.017205225167117533e+01,-1.720522516711715522e-01,7.405857372575175290e-01
3.128000000000000114e+00,9.000000000000000000e+01,9.016925956590989699e+01,-1.692595659098971028e-01,7.391208911238028589e-01
3.129000000000000004e+00,9.000000000000000000e+01,9.016647647842781055e+01,-1.664764784278125742e-01,7.376534300557664459e-01
3.129999999999999893e+00,9.000000000000000000e+01,9.016370296986806920e+01,-1.637029698680749490e-01,7.361834061213623492e-01
3.131000000000000227e+00,9.000000000000000000e+01,9.016093902084280387e+01,-1.609390208427989022e-01,7.347108709939799143e-01
3.132000000000000117e+00,9.000000000000000000e+01,9.015818461193372002e+01,-1.581846119337185219e-01,7.332358759547897842e-01
3.133000000000000007e+00,9.000000000000000000e+01,9.015543972369285086e+01,-1.554397236928487247e-01,7.317584718950743694e-01
3.133999999999999897e+00,9.000000000000000000e+01,9.015270433664311156e+01,-1.527043366431087845e-01,7.302787093185404421e-01
3.135000000000000231e+00,9.000000000000000000e+01,9.014997843127900978e+01,-1.499784312790092000e-01,7.287966383436358386e-01
3.136000000000000121e+00,9.000000000000000000e+01,9.014726198806725677e+01,-1.472619880672624837e-01,7.273123087058246394e-01
3.137000000000000011e+00,9.000000000000000000e+01,9.014455498744739259e+01,-1.445549874473937291e-01,7.258257697598711200e-01
3.137999999999999901e+00,9.000000000000000000e+01,9.014185740983241146e+01,-1.418574098324149046e-01,7.243370704821257000e-01
3.139000000000000234e+00,9.000000000000000000e+01,9.013916923560941541e+01,-1.391692356094228755e-01,7.228462594727648183e-01
3.140000000000000124e+00,9.000000000000000000e+01,9.013649044514021114e+01,-1.364904451402099428e-01,7.213533849580415769e-01
3.141000000000000014e+00,9.000000000000000000e+01,9.013382101876190688e+01,-1.338210187619128522e-01,7.198584947925259492e-01
3.141999999999999904e+00,9.000000000000000000e+01,9.013116093678756613e+01,-1.311609367875723187e-01,7.183616364613115701e-01
3.143000000000000238e+00,9.000000000000000000e+01,9.012851017950677601e+01,-1.285101795067821739e-01,7.168628570822443979e-01
3.144000000000000128e+00,9.000000000000000000e+01,9.012586872718625841e+01,-1.258687271862615753e-01,7.153622034081081882e-01
3.145000000000000018e+00,9.000000000000000000e+01,9.012323656007046679e+01,-1.232365600704658226e-01,7.138597218288182944e-01
3.145999999999999908e+00,9.000000000000000000e+01,9.012061365838216886e+01,-1.206136583821716263e-01,7.123554583735932644e-01
3.147000000000000242e+00,9.000000000000000000e+01,9.011800000232304342e+01,-1.180000023230367151e-01,7.108494587131186648e-01
3.148000000000000131e+00,9.000000000000000000e+01,9.011539557207423456e+01,-1.153955720742361191e-01,7.093417681617155690e-01
3.149000000000000021e+00,9.000000000000000000e+01,9.011280034779699122e+01,-1.128003477969963947e-01,7.078324316794608606e-01
3.149999999999999911e+00,9.000000000000000000e+01,9.011021430963316448e+01,-1.102143096331681671e-01,7.063214938743270777e-01
3.151000000000000245e+00,9.000000000000000000e+01,9.010763743770580447e+01,-1.076374377058113285e-01,7.048089990043087116e-01
3.152000000000000135e+00,9.000000000000000000e+01,9.010506971211975724e+01,-1.050697121197548684e-01,7.032949909795243038e-01
3.153000000000000025e+00,9.000000000000000000e+01,9.010251111296216209e+01,-1.025111129621565781e-01,7.017795133643117689e-01
3.153999999999999915e+00,9.000000000000000000e+01,9.009996162030303424e+01,-9.996162030303742951e-02,7.002626093793120621e-01
3.155000000000000249e+00,9.000000000000000000e+01,9.009742121419584748e+01,-9.742121419585408892e-02,6.987443219035546216e-01
3.156000000000000139e+00,9.000000000000000000e+01,9.009488987467803156e+01,-9.488987467803319809e-02,6.972246934765155002e-01
3.157000000000000028e+00,9.000000000000000000e+01,9.009236758177151216e+01,-9.236758177151847826e-02,6.957037663001730543e-01
3.157999999999999918e+00,9.000000000000000000e+01,9.008985431548330780e+01,-8.985431548330502505e-02,6.941815822410477566e-01
3.159000000000000252e+00,9.000000000000000000e+01,9.008735005580595612e+01,-8.735005580596094665e-02,6.926581828322353473e-01
3.160000000000000142e+00,9.000000000000000000e+01,9.008485478271816760e+01,-8.485478271817442630e-02,6.911336092754327698e-01
3.161000000000000032e+00,9.000000000000000000e+01,9.008236847618528031e+01,-8.236847618527529113e-02,6.896079024429435655e-01
3.161999999999999922e+00,9.000000000000000000e+01,9.007989111615972888e+01,-7.989111615973122638e-02,6.880811028796733897e-01
3.163000000000000256e+00,9.000000000000000000e+01,9.007742268258168394e+01,-7.742268258168207018e-02,6.865532508051310767e-01
3.164000000000000146e+00,9.000000000000000000e+01,9.007496315537945009e+01,-7.496315537944872598e-02,6.850243861154046154e-01
3.165000000000000036e+00,9.000000000000000000e+01,9.007251251447004847e+01,-7.251251447005477302e-02,6.834945483851291304e-01
3.165999999999999925e+00,9.000000000000000000e+01,9.007007073975970002e+01,-7.007073975969717317e-02,6.819637768694353230e-01
3.167000000000000259e+00,9.000000000000000000e+01,9.006763781114428014e+01,-6.763781114428063512e-02,6.804321105059103481e-01
3.168000000000000149e+00,9.000000000000000000e+01,9.006521370850987296e+01,-6.521370850987555368e-02,6.788995879165230507e-01
3.169000000000000039e+00,9.000000000000000000e+01,9.006279841173324030e+01,-6.279841173323968961e-02,6.773662474095645258e-01
3.169999999999999929e+00,9.000000000000000000e+01,9.006039190068227640e+01,-6.039190068227614366e-02,6.758321269815561472e-01
3.171000000000000263e+00,9.000000000000000000e+01,9.005799415521654794e+01,-5.799415521655493233e-02,6.742972643191675886e-01
3.172000000000000153e+00,9.000000000000000000e+01,9.005560515518777720e+01,-5.560515518777104510e-02,6.727616968010976528e-01
3.173000000000000043e+00,9.000000000000000000e+01,9.005322488044018314e+01,-5.322488044018969244e-02,6.712254614999630942e-01
3.173999999999999932e+00,9.000000000000000000e+01,9.005085331081117772e+01,-5.085331081118062840e-02,6.696885951841933249e-01
3.175000000000000266e+00,9.000000000000000000e+01,9.004849042613162169e+01,-4.849042613162529020e-02,6.681511343198730524e-01
3.176000000000000156e+00,9.000000000000000000e+01,9.004613620622640724e+01,-4.613620622641294300e-02,6.666131150726172239e-01
3.177000000000000046e+00,9.000000000000000000e+01,9.004379063091489854e+01,-4.379063091489868859e-02,6.650745733094113321e-01
3.177999999999999936e+00,9.000000000000000000e+01,9.004145368001134386e+01,-4.145368001134874109e-02,6.635355446004447266e-01
3.179000000000000270e+00,9.000000000000000000e+01,9.003912533332538715e+01,-3.912533332538570968e-02,6.619960642209412605e-01
3.180000000000000160e+00,9.000000000000000000e+01,9.003680557066245171e+01,-3.680557066244657949e-02,6.604561671529828315e-01
3.181000000000000050e+00,9.000000000000000000e+01,9.003449437182423765e+01,-3.449437182424074100e-02,6.589158880873158264e-01
3.181999999999999940e+00,9.000000000000000000e+01,9.003219171660917652e+01,-3.219171660918252603e-02,6.573752614251403559e-01
3.183000000000000274e+00,9.000000000000000000e+01,9.002989758481280091e+01,-2.989758481279831612e-02,6.558343212798970479e-01
3.184000000000000163e+00,9.000000000000000000e+01,9.002761195622818491e+01,-2.761195622818455805e-02,6.542931014790622779e-01
3.185000000000000053e+00,9.000000000000000000e+01,9.002533481064646992e+01,-2.533481064646574132e-02,6.527516355659138680e-01
3.185999999999999943e+00,9.000000000000000000e+01,9.002306612785714890e+01,-2.306612785715065131e-02,6.512099568012734707e-01
3.187000000000000277e+00,9.000000000000000000e+01,9.002080588764863478e+01,-2.080588764862850368e-02,6.496680981652842579e-01
3.188000000000000167e+00,9.000000000000000000e+01,9.001855406980853047e+01,-1.855406980853791313e-02,6.481260923591276590e-01
3.189000000000000057e+00,9.000000000000000000e+01,9.001631065412418309e+01,-1.631065412418671035e-02,6.465839718067682984e-01
3.189999999999999947e+00,9.000000000000000000e+01,9.001407562038298238e+01,-1.407562038298450571e-02,6.450417686566825015e-01
3.191000000000000281e+00,9.000000000000000000e+01,9.001184894837284389e+01,-1.184894837284979768e-02,6.434995147835632645e-01
3.192000000000000171e+00,9.000000000000000000e+01,9.000963061788257846e+01,-9.630617882578920708e-03,6.419572417900194505e-01
3.193000000000000060e+00,9.000000000000000000e+01,9.000742060870229011e+01,-7.420608702291315792e-03,6.404149810082881977e-01
3.193999999999999950e+00,9.000000000000000000e+01,9.000521890062381658e+01,-5.218900623811204356e-03,6.388727635019069151e-01
3.195000000000000284e+00,9.000000000000000000e+01,9.000302547344104198e+01,-3.025473441049250818e-03,6.373306200673903854e-01
3.196000000000000174e+00,9.000000000000000000e+01,9.000084030695039417e+01,-8.403069503969508910e-04,6.357885812359050925e-01
3.197000000000000064e+00,9.000000000000000000e+01,8.999866338095112894e+01,1.336619048866253970e-03,6.342466772749316695e-01
3.197999999999999954e+00,9.000000000000000000e+01,8.999649467524578483e+01,3.505324754216757824e-03,6.327049381899050307e-01
3.199000000000000288e+00,9.000000000000000000e+01,8.999433416964050991e+01,5.665830359492399562e-03,6.311633937258651628e-01
3.200000000000000178e+00,9.000000000000000000e+01,8.999218184394548814e+01,7.818156054510796635e-03,6.296220733690882643e-01
3.201000000000000068e+00,9.000000000000000000e+01,8.999003767797529463e+01,9.962322024700404066e-03,6.280810063487065609e-01
3.201999999999999957e+00,9.000000000000000000e+01,8.998790165154926513e+01,1.209834845073156154e-02,6.265402216383241241e-01
3.202999999999999847e+00,9.000000000000000000e+01,8.998577374449185129e+01,1.422625550814755890e-02,6.249997479576236969e-01
3.204000000000000181e+00,9.000000000000000000e+01,8.998365393663299017e+01,1.634606336700840726e-02,6.234596137739647492e-01
3.205000000000000071e+00,9.000000000000000000e+01,8.998154220780847368e+01,1.845779219152190315e-02,6.219198473039768693e-01
3.205999999999999961e+00,9.000000000000000000e+01,8.997943853786031809e+01,2.056146213967466677e-02,6.203804765151387235e-01
3.206999999999999851e+00,9.000000000000000000e+01,8.997734290663710510e+01,2.265709336290138917e-02,6.188415291273421381e-01
3.208000000000000185e+00,9.000000000000000000e+01,8.997525529399428024e+01,2.474470600571586007e-02,6.173030326144641755e-01
3.209000000000000075e+00,9.000000000000000000e+01,8.997317567979462183e+01,2.682432020538021503e-02,6.157650142059174492e-01
3.209999999999999964e+00,9.000000000000000000e+01,8.997110404390845417e+01,2.889595609154870307e-02,6.142275008882041032e-01
3.210999999999999854e+00,9.000000000000000000e+01,8.996904036621408807e+01,3.095963378591145426e-02,6.126905194064522497e-01
3.212000000000000188e+00,9.000000000000000000e+01,8.996698462659811923e+01,3.301537340187644942e-02,6.111540962659366416e-01
3.213000000000000078e+00,9.000000000000000000e+01,8.996493680495575518e+01,3.506319504423870831e-02,6.096182577336051178e-01
3.213999999999999968e+00,9.000000000000000000e+01,8.996289688119115624e+01,3.710311880883682828e-02,6.080830298395993871e-01
3.214999999999999858e+00,9.000000000000000000e+01,8.996086483521779087e+01,3.913516478220945699e-02,6.065484383787582701e-01
3.216000000000000192e+00,9.000000000000000000e+01,8.995884064695870563e+01,4.115935304128995331e-02,6.050145089121052866e-01
3.217000000000000082e+00,9.000000000000000000e+01,8.995682429634692312e+01,4.317570365307565189e-02,6.034812667683441267e-01
3.217999999999999972e+00,9.000000000000000000e+01,8.995481576332568352e+01,4.518423667432246854e-02,6.019487370453390218e-01
3.218999999999999861e+00,9.000000000000000000e+01,8.995281502784881411e+01,4.718497215118874072e-02,6.004169446115964481e-01
3.220000000000000195e+00,9.000000000000000000e+01,8.995082206988105611e+01,4.917793011894257271e-02,5.988859141077143011e-01
3.221000000000000085e+00,9.000000000000000000e+01,8.994883686939832046e+01,5.116313060168194843e-02,5.973556699478390630e-01
3.221999999999999975e+00,9.000000000000000000e+01,8.994685940638802890e+01,5.314059361196582509e-02,5.958262363211359602e-01
3.222999999999999865e+00,9.000000000000000000e+01,8.994488966084945503e+01,5.511033915054692339e-02,5.942976371932078283e-01
3.224000000000000199e+00,9.000000000000000000e+01,8.994292761279393744e+01,5.707238720606641613e-02,5.927698963075360705e-01
3.225000000000000089e+00,9.000000000000000000e+01,8.994097324224526346e+01,5.902675775473587710e-02,5.912430371869110690e-01
3.225999999999999979e+00,9.000000000000000000e+01,8.993902652923993912e+01,6.097347076005735916e-02,5.897170831348417241e-01
3.226999999999999869e+00,9.000000000000000000e+01,8.993708745382747338e+01,6.291254617253083659e-02,5.881920572369706557e-01
3.228000000000000203e+00,9.000000000000000000e+01,8.993515599607067657e+01,6.484400392932337942e-02,5.866679823624812995e-01
3.229000000000000092e+00,9.000000000000000000e+01,8.993323213604595878e+01,6.676786395404019081e-02,5.851448811654730298e-01
3.229999999999999982e+00,9.000000000000000000e+01,8.993131585384361415e+01,6.868414615638106235e-02,5.836227760863699210e-01
3.230999999999999872e+00,9.000000000000000000e+01,8.992940712956809080e+01,7.059287043191142530e-02,5.821016893532813263e-01
3.232000000000000206e+00,9.000000000000000000e+01,8.992750594333827507e+01,7.249405666173153184e-02,5.805816429833934311e-01
3.233000000000000096e+00,9.000000000000000000e+01,8.992561227528776158e+01,7.438772471223474569e-02,5.790626587843172857e-01
3.233999999999999986e+00,9.000000000000000000e+01,8.992372610556519419e+01,7.627389443480224462e-02,5.775447583554566000e-01
3.234999999999999876e+00,9.000000000000000000e+01,8.992184741433443662e+01,7.815258566556124165e-02,5.760279630893465619e-01
3.236000000000000210e+00,9.000000000000000000e+01,8.991997618177491347e+01,8.002381822509237186e-02,5.745122941730071986e-01
3.237000000000000099e+00,9.000000000000000000e+01,8.991811238808183759e+01,8.188761191816261442e-02,5.729977725892722029e-01
3.237999999999999989e+00,9.000000000000000000e+01,8.991625601346652275e+01,8.374398653347074617e-02,5.714844191181133182e-01
3.238999999999999879e+00,9.000000000000000000e+01,8.991440703815662516e+01,8.559296184338020808e-02,5.699722543379638351e-01
3.240000000000000213e+00,9.000000000000000000e+01,8.991256544239632831e+01,8.743455760366468377e-02,5.684612986270314305e-01
3.241000000000000103e+00,9.000000000000000000e+01,8.991073120644676919e+01,8.926879355322821230e-02,5.669515721646065654e-01
3.241999999999999993e+00,9.000000000000000000e+01,8.990890431058610943e+01,9.109568941388884733e-02,5.654430949323498989e-01
3.242999999999999883e+00,9.000000000000000000e+01,8.990708473510991894e+01,9.291526489008614109e-02,5.639358867155978006e-01
3.244000000000000217e+00,9.000000000000000000e+01,8.990527246033131803e+01,9.472753966867750175e-02,5.624299671046337767e-01
3.245000000000000107e+00,9.000000000000000000e+01,8.990346746658136112e+01,9.653253341863292369e-02,5.609253554959826582e-01
3.245999999999999996e+00,9.000000000000000000e+01,8.990166973420916463e+01,9.833026579083138652e-02,5.594220710936592678e-01
3.246999999999999886e+00,9.000000000000000000e+01,8.989987924358217697e+01,1.001207564178191595e-01,5.579201329104399587e-01
3.248000000000000220e+00,9.000000000000000000e+01,8.989809597508646277e+01,1.019040249135426401e-01,5.564195597691252715e-01
3.249000000000000110e+00,9.000000000000000000e+01,8.989631990912685922e+01,1.036800908731447673e-01,5.549203703037778324e-01
3.250000000000000000e+00,9.000000000000000000e+01,8.989455102612730286e+01,1.054489738726978876e-01,5.534225829609760172e-01
3.250999999999999890e+00,9.000000000000000000e+01,8.989278930653100019e+01,1.072106934690001817e-01,5.519262160010387497e-01
3.252000000000000224e+00,9.000000000000000000e+01,8.989103473080068341e+01,1.089652691993212297e-01,5.504312874992633997e-01
3.253000000000000114e+00,9.000000000000000000e+01,8.988928727941880936e+01,1.107127205811857112e-01,5.489378153471402566e-01
3.254000000000000004e+00,9.000000000000000000e+01,8.988754693288785802e+01,1.124530671121444364e-01,5.474458172535685563e-01
3.254999999999999893e+00,9.000000000000000000e+01,8.988581367173044612e+01,1.141863282695580739e-01,5.459553107460637378e-01
3.256000000000000227e+00,9.000000000000000000e+01,8.988408747648962560e+01,1.159125235103680845e-01,5.444663131719623683e-01
3.257000000000000117e+00,9.000000000000000000e+01,8.988236832772911100e+01,1.176316722708932450e-01,5.429788416996139677e-01
3.258000000000000007e+00,9.000000000000000000e+01,8.988065620603340733e+01,1.193437939665878827e-01,5.414929133195767186e-01
3.258999999999999897e+00,9.000000000000000000e+01,8.987895109200816535e+01,1.210489079918383448e-01,5.400085448457886406e-01
3.260000000000000231e+00,9.000000000000000000e+01,8.987725296628022420e+01,1.227470337197721362e-01,5.385257529167416513e-01
3.261000000000000121e+00,9.000000000000000000e+01,8.987556180949798090e+01,1.244381905020162243e-01,5.370445539966618442e-01
3.262000000000000011e+00,9.000000000000000000e+01,8.987387760233148981e+01,1.261223976685061643e-01,5.355649643766602352e-01
3.262999999999999901e+00,9.000000000000000000e+01,8.987220032547271842e+01,1.277996745272826085e-01,5.340870001758903918e-01
3.264000000000000234e+00,9.000000000000000000e+01,8.987052995963571789e+01,1.294700403642876918e-01,5.326106773426997343e-01
3.265000000000000124e+00,9.000000000000000000e+01,8.986886648555683621e+01,1.311335144431615418e-01,5.311360116557733990e-01
3.266000000000000014e+00,9.000000000000000000e+01,8.986720988399495980e+01,1.327901160050385942e-01,5.296630187252695521e-01
3.266999999999999904e+00,9.000000000000000000e+01,8.986556013573162716e+01,1.344398642683696521e-01,5.281917139939454886e-01
3.268000000000000238e+00,9.000000000000000000e+01,8.986391722157131312e+01,1.360827784286927911e-01,5.267221127382892831e-01
3.269000000000000128e+00,9.000000000000000000e+01,8.986228112234151411e+01,1.377188776584806762e-01,5.252542300696227962e-01
3.270000000000000018e+00,9.000000000000000000e+01,8.986065181889306075e+01,1.393481811069370024e-01,5.237880809352246647e-01
3.270999999999999908e+00,9.000000000000000000e+01,8.985902929210020318e+01,1.409707078997930740e-01,5.223236801194370837e-01
3.272000000000000242e+00,9.000000000000000000e+01,8.985741352286086681e+01,1.425864771391295027e-01,5.208610422447551569e-01
3.273000000000000131e+00,9.000000000000000000e+01,8.985580449209679443e+01,1.441955079032109233e-01,5.194001817729181347e-01
3.274000000000000021e+00,9.000000000000000000e+01,8.985420218075371679e+01,1.457978192462824618e-01,5.179411130060052049e-01
3.274999999999999911e+00,9.000000000000000000e+01,8.985260656980160832e+01,1.473934301983915174e-01,5.164838500875104099e-01
3.276000000000000245e+00,9.000000000000000000e+01,8.985101764023475823e+01,1.489823597652352449e-01,5.150284070034123474e-01
3.277000000000000135e+00,9.000000000000000000e+01,8.984943537307204053e+01,1.505646269279568294e-01,5.135747975832553047e-01
3.278000000000000025e+00,9.000000000000000000e+01,8.984785974935702768e+01,1.521402506429675172e-01,5.121230355012034163e-01
3.278999999999999915e+00,9.000000000000000000e+01,8.984629075015818955e+01,1.537092498418066444e-01,5.106731342770884918e-01
3.280000000000000249e+00,9.000000000000000000e+01,8.984472835656904977e+01,1.552716434309506788e-01,5.092251072774733878e-01
3.281000000000000139e+00,9.000000000000000000e+01,8.984317254970835620e+01,1.568274502916480184e-01,5.077789677166923976e-01
3.282000000000000028e+00,9.000000000000000000e+01,8.984162331072025154e+01,1.583766892797534853e-01,5.063347286578888662e-01
3.282999999999999918e+00,9.000000000000000000e+01,8.984008062077442958e+01,1.599193792255629298e-01,5.048924030140470309e-01
3.284000000000000252e+00,9.000000000000000000e+01,8.983854446106633418e+01,1.614555389336606861e-01,5.034520035490177570e-01
3.285000000000000142e+00,9.000000000000000000e+01,8.983701481281725876e+01,1.629851871827412424e-01,5.020135428785432730e-01
3.286000000000000032e+00,9.000000000000000000e+01,8.983549165727453101e+01,1.645083427254695752e-01,5.005770334712653646e-01
3.286999999999999922e+00,9.000000000000000000e+01,8.983397497571168344e+01,1.660250242883154759e-01,4.991424876497399521e-01
3.288000000000000256e+00,9.000000000000000000e+01,8.983246474942858129e+01,1.675352505714138296e-01,4.977099175914388995e-01
3.289000000000000146e+00,9.000000000000000000e+01,8.983096095975162143e+01,1.690390402483736842e-01,4.962793353297557664e-01
3.290000000000000036e+00,9.000000000000000000e+01,8.982946358803381770e+01,1.705364119661764433e-01,4.948507527549805274e-01
3.290999999999999925e+00,9.000000000000000000e+01,8.982797261565499980e+01,1.720273843449978413e-01,4.934241816153028815e-01
3.292000000000000259e+00,9.000000000000000000e+01,8.982648802402192700e+01,1.735119759780679449e-01,4.919996335177875824e-01
3.293000000000000149e+00,9.000000000000000000e+01,8.982500979456847290e+01,1.749902054315311817e-01,4.905771199293502693e-01
3.294000000000000039e+00,9.000000000000000000e+01,8.982353790875572486e+01,1.764620912442810274e-01,4.891566521777307996e-01
3.294999999999999929e+00,9.000000000000000000e+01,8.982207234807215457e+01,1.779276519278454316e-01,4.877382414524470966e-01
3.296000000000000263e+00,9.000000000000000000e+01,8.982061309403376015e+01,1.793869059662342169e-01,4.863218988057624315e-01
3.297000000000000153e+00,9.000000000000000000e+01,8.981916012818419404e+01,1.808398718158118479e-01,4.849076351536377172e-01
3.298000000000000043e+00,9.000000000000000000e+01,8.981771343209486247e+01,1.822865679051319243e-01,4.834954612766847459e-01
3.298999999999999932e+00,9.000000000000000000e+01,8.981627298736516707e+01,1.837270126348355681e-01,4.820853878210955568e-01
3.300000000000000266e+00,9.000000000000000000e+01,8.981483877562249063e+01,1.851612243775114242e-01,4.806774252995900110e-01
3.301000000000000156e+00,9.000000000000000000e+01,8.981341077852245292e+01,1.865892214775429214e-01,4.792715840923504333e-01
3.302000000000000046e+00,9.000000000000000000e+01,8.981198897774899592e+01,1.880110222510066043e-01,4.778678744479377682e-01
3.302999999999999936e+00,9.000000000000000000e+01,8.981057335501446914e+01,1.894266449855321055e-01,4.764663064842220019e-01
3.304000000000000270e+00,9.000000000000000000e+01,8.980916389205982853e+01,1.908361079401749427e-01,4.750668901892971530e-01
3.305000000000000160e+00,9.000000000000000000e+01,8.980776057065472173e+01,1.922394293452766578e-01,4.736696354223913219e-01
3.306000000000000050e+00,9.000000000000000000e+01,8.980636337259763025e+01,1.936366274023755829e-01,4.722745519147623083e-01
3.306999999999999940e+00,9.000000000000000000e+01,8.980497227971592622e+01,1.950277202840670632e-01,4.708816492706107693e-01
3.308000000000000274e+00,9.000000000000000000e+01,8.980358727386612827e+01,1.964127261338761976e-01,4.694909369679742817e-01
3.309000000000000163e+00,9.000000000000000000e+01,8.980220833693384463e+01,1.977916630661560038e-01,4.681024243596111356e-01
3.310000000000000053e+00,9.000000000000000000e+01,8.980083545083404317e+01,1.991645491659601863e-01,4.667161206738912327e-01
3.310999999999999943e+00,9.000000000000000000e+01,8.979946859751106558e+01,2.005314024889288116e-01,4.653320350156734952e-01
3.312000000000000277e+00,9.000000000000000000e+01,8.979810775893881214e+01,2.018922410611862228e-01,4.639501763671793899e-01
3.313000000000000167e+00,9.000000000000000000e+01,8.979675291712078433e+01,2.032470828792141693e-01,4.625705535888683939e-01
3.314000000000000057e+00,9.000000000000000000e+01,8.979540405409026960e+01,2.045959459097369815e-01,4.611931754202978628e-01
3.314999999999999947e+00,9.000000000000000000e+01,8.979406115191034132e+01,2.059388480896582052e-01,4.598180504809766811e-01
3.316000000000000281e+00,9.000000000000000000e+01,8.979272419267411465e+01,2.072758073258823552e-01,4.584451872712425047e-01
3.317000000000000171e+00,9.000000000000000000e+01,8.979139315850473224e+01,2.086068414952640671e-01,4.570745941730854911e-01
3.318000000000000060e+00,9.000000000000000000e+01,8.979006803155550642e+01,2.099319684444936329e-01,4.557062794510073900e-01
3.318999999999999950e+00,9.000000000000000000e+01,8.978874879401001863e+01,2.112512059899823991e-01,4.543402512528649795e-01
3.320000000000000284e+00,9.000000000000000000e+01,8.978743542808224731e+01,2.125645719177483850e-01,4.529765176107012348e-01
3.321000000000000174e+00,9.000000000000000000e+01,8.978612791601665322e+01,2.138720839833525844e-01,4.516150864415645616e-01
3.322000000000000064e+00,9.000000000000000000e+01,8.978482624008820778e+01,2.151737599117972688e-01,4.502559655483479029e-01
3.322999999999999954e+00,9.000000000000000000e+01,8.978353038260262053e+01,2.164696173973859328e-01,4.488991626206174645e-01
3.324000000000000288e+00,9.000000000000000000e+01,8.978224032589633907e+01,2.177596741036597894e-01,4.475446852354079685e-01
3.325000000000000178e+00,9.000000000000000000e+01,8.978095605233667698e+01,2.190439476633213867e-01,4.461925408580386665e-01
3.326000000000000068e+00,9.000000000000000000e+01,8.977967754432188485e+01,2.203224556781201160e-01,4.448427368429336282e-01
3.326999999999999957e+00,9.000000000000000000e+01,8.977840478428124982e+01,2.215952157187503768e-01,4.434952804344198807e-01
3.328000000000000291e+00,9.000000000000000000e+01,8.977713775467522339e+01,2.228622453247754154e-01,4.421501787675161665e-01
3.329000000000000181e+00,9.000000000000000000e+01,8.977587643799544992e+01,2.241235620045507748e-01,4.408074388687270306e-01
3.330000000000000071e+00,9.000000000000000000e+01,8.977462081676488026e+01,2.253791832351226543e-01,4.394670676568391277e-01
3.330999999999999961e+00,9.000000000000000000e+01,8.977337087353785705e+01,2.266291264621388135e-01,4.381290719437016534e-01
3.331999999999999851e+00,9.000000000000000000e+01,8.977212659090021418e+01,2.278734090997849848e-01,4.367934584350010030e-01
3.333000000000000185e+00,9.000000000000000000e+01,8.977088795146933364e+01,2.291120485306702981e-01,4.354602337310441440e-01
3.334000000000000075e+00,9.000000000000000000e+01,8.976965493789421657e+01,2.303450621057765435e-01,4.341294043275162329e-01
3.334999999999999964e+00,9.000000000000000000e+01,8.976842753285563958e+01,2.315724671443561700e-01,4.328009766162553285e-01
3.335999999999999854e+00,9.000000000000000000e+01,8.976720571906611212e+01,2.327942809338816310e-01,4.314749568860068996e-01
3.337000000000000188e+00,9.000000000000000000e+01,8.976598947927007544e+01,2.340105207299307544e-01,4.301513513231925989e-01
3.338000000000000078e+00,9.000000000000000000e+01,8.976477879624385992e+01,2.352212037561358382e-01,4.288301660126485615e-01
3.338999999999999968e+00,9.000000000000000000e+01,8.976357365279589828e+01,2.364263472041073788e-01,4.275114069383786908e-01
3.339999999999999858e+00,9.000000000000000000e+01,8.976237403176664031e+01,2.376259682333577150e-01,4.261950799843010063e-01
3.341000000000000192e+00,9.000000000000000000e+01,8.976117991602879442e+01,2.388200839712119883e-01,4.248811909349868854e-01
3.342000000000000082e+00,9.000000000000000000e+01,8.975999128848724240e+01,2.400087115127572113e-01,4.235697454763858172e-01
3.342999999999999972e+00,9.000000000000000000e+01,8.975880813207920994e+01,2.411918679207914196e-01,4.222607491965612025e-01
3.343999999999999861e+00,9.000000000000000000e+01,8.975763042977430928e+01,2.423695702256964402e-01,4.209542075864305399e-01
3.345000000000000195e+00,9.000000000000000000e+01,8.975645816457456760e+01,2.435418354254251516e-01,4.196501260404634226e-01
3.346000000000000085e+00,9.000000000000000000e+01,8.975529131951458339e+01,2.447086804854124442e-01,4.183485098574136751e-01
3.346999999999999975e+00,9.000000000000000000e+01,8.975412987766146955e+01,2.458701223385243440e-01,4.170493642410298962e-01
3.347999999999999865e+00,9.000000000000000000e+01,8.975297382211502395e+01,2.470261778849689172e-01,4.157526943007702758e-01
3.349000000000000199e+00,9.000000000000000000e+01,8.975182313600775785e+01,2.481768639922453945e-01,4.144585050524971503e-01
3.350000000000000089e+00,9.000000000000000000e+01,8.975067780250489591e+01,2.493221974951060904e-01,4.131668014191767213e-01
3.350999999999999979e+00,9.000000000000000000e+01,8.974953780480453247e+01,2.504621951954671411e-01,4.118775882315887094e-01
3.351999999999999869e+00,9.000000000000000000e+01,8.974840312613764581e+01,2.515968738623579615e-01,4.105908702290111956e-01
3.353000000000000203e+00,9.000000000000000000e+01,8.974727374976812655e+01,2.527262502318698423e-01,4.093066520599074609e-01
3.354000000000000092e+00,9.000000000000000000e+01,8.974614965899290553e+01,2.538503410070929167e-01,4.080249382826144355e-01
3.354999999999999982e+00,9.000000000000000000e+01,8.974503083714195384e+01,2.549691628580521563e-01,4.067457333660204344e-01
3.355999999999999872e+00,9.000000000000000000e+01,8.974391726757831123e+01,2.560827324216947143e-01,4.054690416902357875e-01
3.357000000000000206e+00,9.000000000000000000e+01,8.974280893369822820e+01,2.571910663017755172e-01,4.041948675472849528e-01
3.358000000000000096e+00,9.000000000000000000e+01,8.974170581893115184e+01,2.582941810688446083e-01,4.029232151417526664e-01
3.358999999999999986e+00,9.000000000000000000e+01,8.974060790673979682e+01,2.593920932601959661e-01,4.016540885914561265e-01
3.359999999999999876e+00,9.000000000000000000e+01,8.973951518062020227e+01,2.604848193798041667e-01,4.003874919281104616e-01
3.361000000000000210e+00,9.000000000000000000e+01,8.973842762410173179e+01,2.615723758982734237e-01,3.991234290979808197e-01
3.362000000000000099e+00,9.000000000000000000e+01,8.973734522074718711e+01,2.626547792528121650e-01,3.978619039625304055e-01
3.362999999999999989e+00,9.000000000000000000e+01,8.973626795415283652e+01,2.637320458471692497e-01,3.966029202990790647e-01
3.363999999999999879e+00,9.000000000000000000e+01,8.973519580794841488e+01,2.648041920515832870e-01,3.953464818014449378e-01
3.365000000000000213e+00,9.000000000000000000e+01,8.973412876579723729e+01,2.658712342027572118e-01,3.940925920805800065e-01
3.366000000000000103e+00,9.000000000000000000e+01,8.973306681139619911e+01,2.669331886037943913e-01,3.928412546652142456e-01
3.366999999999999993e+00,9.000000000000000000e+01,8.973200992847583279e+01,2.679900715241734788e-01,3.915924730024826772e-01
3.367999999999999883e+00,9.000000000000000000e+01,8.973095810080030788e+01,2.690418991996974540e-01,3.903462504585593074e-01
3.369000000000000217e+00,9.000000000000000000e+01,8.972991131216754468e+01,2.700886878324553209e-01,3.891025903192810165e-01
3.370000000000000107e+00,9.000000000000000000e+01,8.972886954640921431e+01,2.711304535907841373e-01,3.878614957907694505e-01
3.370999999999999996e+00,9.000000000000000000e+01,8.972783278739075286e+01,2.721672126092433142e-01,3.866229700000493041e-01
3.371999999999999886e+00,9.000000000000000000e+01,8.972680101901144667e+01,2.731989809885513321e-01,3.853870159956709895e-01
3.373000000000000220e+00,9.000000000000000000e+01,8.972577422520444657e+01,2.742257747955600400e-01,3.841536367483110448e-01
3.374000000000000110e+00,9.000000000000000000e+01,8.972475238993675362e+01,2.752476100632420541e-01,3.829228351513784823e-01
3.375000000000000000e+00,9.000000000000000000e+01,8.972373549720938968e+01,2.762645027906143191e-01,3.816946140216310734e-01
3.375999999999999890e+00,9.000000000000000000e+01,8.972272353105725529e+01,2.772764689427382190e-01,3.804689760997594927e-01
3.377000000000000224e+00,9.000000000000000000e+01,8.972171647554931440e+01,2.782835244506814409e-01,3.792459240509916674e-01
3.378000000000000114e+00,9.000000000000000000e+01,8.972071431478852332e+01,2.792856852114796173e-01,3.780254604656877460e-01
3.379000000000000004e+00,9.000000000000000000e+01,8.971971703291188760e+01,2.802829670881110680e-01,3.768075878599274064e-01
3.379999999999999893e+00,9.000000000000000000e+01,8.971872461409054722e+01,2.812753859094585529e-01,3.755923086760957763e-01
3.381000000000000227e+00,9.000000000000000000e+01,8.971773704252970560e+01,2.822629574702965605e-01,3.743796252834617477e-01
3.382000000000000117e+00,9.000000000000000000e+01,8.971675430246875749e+01,2.832456975312404590e-01,3.731695399787624545e-01
3.383000000000000007e+00,9.000000000000000000e+01,8.971577637818124629e+01,2.842236218187463859e-01,3.719620549867690418e-01
3.383999999999999897e+00,9.000000000000000000e+01,8.971480325397490674e+01,2.851967460250859343e-01,3.707571724608671460e-01
3.385000000000000231e+00,9.000000000000000000e+01,8.971383491419172174e+01,2.861650858082824822e-01,3.695548944836311023e-01
3.386000000000000121e+00,9.000000000000000000e+01,8.971287134320786549e+01,2.871286567921366162e-01,3.683552230673711181e-01
3.387000000000000011e+00,9.000000000000000000e+01,8.971191252543383143e+01,2.880874745661625158e-01,3.671581601547097007e-01
3.387999999999999901e+00,9.000000000000000000e+01,8.971095844531440378e+01,2.890415546856007767e-01,3.659637076191274430e-01
3.389000000000000234e+00,9.000000000000000000e+01,8.971000908732862911e+01,2.899909126713674512e-01,3.647718672655290151e-01
3.390000000000000124e+00,9.000000000000000000e+01,8.970906443598993008e+01,2.909355640100665941e-01,3.635826408307848423e-01
3.391000000000000014e+00,9.000000000000000000e+01,8.970812447584607696e+01,2.918755241539270906e-01,3.623960299842914901e-01
3.391999999999999904e+00,9.000000000000000000e+01,8.970718919147918768e+01,2.928108085208149802e-01,3.612120363284995195e-01
3.393000000000000238e+00,9.000000000000000000e+01,8.970625856750578464e+01,2.937414324942207444e-01,3.600306613994611604e-01
3.394000000000000128e+00,9.000000000000000000e+01,8.970533258857678049e+01,2.946674114232215036e-01,3.588519066673748759e-01
3.395000000000000018e+00,9.000000000000000000e+01,8.970441123937752081e+01,2.955887606224806285e-01,3.576757735371134395e-01
3.395999999999999908e+00,9.000000000000000000e+01,8.970349450462778407e+01,2.965054953722097153e-01,3.565022633487591741e-01
3.397000000000000242e+00,9.000000000000000000e+01,8.970258236908181004e+01,2.974176309181941202e-01,3.553313773781214824e-01
3.398000000000000131e+00,9.000000000000000000e+01,8.970167481752825722e+01,2.983251824717419454e-01,3.541631168372778582e-01
3.399000000000000021e+00,9.000000000000000000e+01,8.970077183479031646e+01,2.992281652096840383e-01,3.529974828750847560e-01
3.399999999999999911e+00,9.000000000000000000e+01,8.969987340572562573e+01,3.001265942743741033e-01,3.518344765776957317e-01
3.401000000000000245e+00,9.000000000000000000e+01,8.969897951522635537e+01,3.010204847736503986e-01,3.506740989690840804e-01
3.402000000000000135e+00,9.000000000000000000e+01,8.969809014821913706e+01,3.019098517808613269e-01,3.495163510115434913e-01
3.403000000000000025e+00,9.000000000000000000e+01,8.969720528966519169e+01,3.027947103348143654e-01,3.483612336062107406e-01
3.403999999999999915e+00,9.000000000000000000e+01,8.969632492456018724e+01,3.036750754398144792e-01,3.472087475935563550e-01
3.405000000000000249e+00,9.000000000000000000e+01,8.969544903793438095e+01,3.045509620656128846e-01,3.460588937539041399e-01
3.406000000000000139e+00,9.000000000000000000e+01,8.969457761485257663e+01,3.054223851474201501e-01,3.449116728079181238e-01
3.407000000000000028e+00,9.000000000000000000e+01,8.969371064041409625e+01,3.062893595859059737e-01,3.437670854171011037e-01
3.407999999999999918e+00,9.000000000000000000e+01,8.969284809975282258e+01,3.071519002471737592e-01,3.426251321842939124e-01
3.409000000000000252e+00,9.000000000000000000e+01,8.969198997803724183e+01,3.080100219627606162e-01,3.414858136541578659e-01
3.410000000000000142e+00,9.000000000000000000e+01,8.969113626047032994e+01,3.088637395296628951e-01,3.403491303136599311e-01
3.411000000000000032e+00,9.000000000000000000e+01,8.969028693228969473e+01,3.097130677102979401e-01,3.392150825925726032e-01
3.411999999999999922e+00,9.000000000000000000e+01,8.968944197876749058e+01,3.105580212325040335e-01,3.380836708639463062e-01
3.413000000000000256e+00,9.000000000000000000e+01,8.968860138521044689e+01,3.113986147895533296e-01,3.369548954445822364e-01
3.414000000000000146e+00,9.000000000000000000e+01,8.968776513695985386e+01,3.122348630401516334e-01,3.358287565955137000e-01
3.415000000000000036e+00,9.000000000000000000e+01,8.968693321939159091e+01,3.130667806084129201e-01,3.347052545224825648e-01
3.415999999999999925e+00,9.000000000000000000e+01,8.968610561791611246e+01,3.138943820838851484e-01,3.335843893763977830e-01
3.417000000000000259e+00,9.000000000000000000e+01,8.968528231797846217e+01,3.147176820215371040e-01,3.324661612538084010e-01
3.418000000000000149e+00,9.000000000000000000e+01,8.968446330505823028e+01,3.155366949417713340e-01,3.313505701973646911e-01
3.419000000000000039e+00,9.000000000000000000e+01,8.968364856466958202e+01,3.163514353304113791e-01,3.302376161962831125e-01
3.419999999999999929e+00,9.000000000000000000e+01,8.968283808236127186e+01,3.171619176387273642e-01,3.291272991867989495e-01
3.421000000000000263e+00,9.000000000000000000e+01,8.968203184371658665e+01,3.179681562834102970e-01,3.280196190526304956e-01
3.422000000000000153e+00,9.000000000000000000e+01,8.968122983435340245e+01,3.187701656465976030e-01,3.269145756254211443e-01
3.423000000000000043e+00,9.000000000000000000e+01,8.968043203992412771e+01,3.195679600758732919e-01,3.258121686851939147e-01
3.423999999999999932e+00,9.000000000000000000e+01,8.967963844611573165e+01,3.203615538842677357e-01,3.247123979607988709e-01
3.425000000000000266e+00,9.000000000000000000e+01,8.967884903864974433e+01,3.211509613502577798e-01,3.236152631303543803e-01
3.426000000000000156e+00,9.000000000000000000e+01,8.967806380328219973e+01,3.219361967178049344e-01,3.225207638216828210e-01
3.427000000000000046e+00,9.000000000000000000e+01,8.967728272580367843e+01,3.227172741963171276e-01,3.214288996127633302e-01
3.427999999999999936e+00,9.000000000000000000e+01,8.967650579203929340e+01,3.234942079606995535e-01,3.203396700321509138e-01
3.429000000000000270e+00,9.000000000000000000e+01,8.967573298784867575e+01,3.242670121513294701e-01,3.192530745594228669e-01
3.430000000000000160e+00,9.000000000000000000e+01,8.967496429912591793e+01,3.250357008740814013e-01,3.181691126255983271e-01
3.431000000000000050e+00,9.000000000000000000e+01,8.967419971179964477e+01,3.258002882003525613e-01,3.170877836135679306e-01
3.431999999999999940e+00,9.000000000000000000e+01,8.967343921183295663e+01,3.265607881670376522e-01,3.160090868585289092e-01
3.433000000000000274e+00,9.000000000000000000e+01,8.967268278522344360e+01,3.273172147765540663e-01,3.149330216483936518e-01
3.434000000000000163e+00,9.000000000000000000e+01,8.967193041800311448e+01,3.280695819968802440e-01,3.138595872242077034e-01
3.435000000000000053e+00,9.000000000000000000e+01,8.967118209623846781e+01,3.288179037615300282e-01,3.127887827805813092e-01
3.435999999999999943e+00,9.000000000000000000e+01,8.967043780603040659e+01,3.295621939695909663e-01,3.117206074660916482e-01
3.437000000000000277e+00,9.000000000000000000e+01,8.966969753351428096e+01,3.303024664857116544e-01,3.106550603837007207e-01
3.438000000000000167e+00,9.000000000000000000e+01,8.966896126485984553e+01,3.310387351401524181e-01,3.095921405911534752e-01
3.439000000000000057e+00,9.000000000000000000e+01,8.966822898627123095e+01,3.317710137287727679e-01,3.085318471013980268e-01
3.439999999999999947e+00,9.000000000000000000e+01,8.966750068398695817e+01,3.324993160130439440e-01,3.074741788829832290e-01
3.441000000000000281e+00,9.000000000000000000e+01,8.966677634427992416e+01,3.332236557200746740e-01,3.064191348604539122e-01
3.442000000000000171e+00,9.000000000000000000e+01,8.966605595345734514e+01,3.339440465426489757e-01,3.053667139147508980e-01
3.443000000000000060e+00,9.000000000000000000e+01,8.966533949786081337e+01,3.346605021391882429e-01,3.043169148836214477e-01
3.443999999999999950e+00,9.000000000000000000e+01,8.966462696386616926e+01,3.353730361338274069e-01,3.032697365619897445e-01
3.445000000000000284e+00,9.000000000000000000e+01,8.966391833788360088e+01,3.360816621164023910e-01,3.022251777023667874e-01
3.446000000000000174e+00,9.000000000000000000e+01,8.966321360635753024e+01,3.367863936424626004e-01,3.011832370152344174e-01
3.447000000000000064e+00,9.000000000000000000e+01,8.966251275576669855e+01,3.374872442332966793e-01,3.001439131694240703e-01
3.447999999999999954e+00,9.000000000000000000e+01,8.966181577262402413e+01,3.381842273759704254e-01,2.991072047924996369e-01
3.449000000000000288e+00,9.000000000000000000e+01,8.966112264347667349e+01,3.388773565233268448e-01,2.980731104711487056e-01
3.450000000000000178e+00,9.000000000000000000e+01,8.966043335490599020e+01,3.395666450940116321e-01,2.970416287515565967e-01
3.451000000000000068e+00,9.000000000000000000e+01,8.965974789352750918e+01,3.402521064724858824e-01,2.960127581397821728e-01
3.451999999999999957e+00,9.000000000000000000e+01,8.965906624599094243e+01,3.409337540090642826e-01,2.949864971021265436e-01
3.453000000000000291e+00,9.000000000000000000e+01,8.965838839898006540e+01,3.416116010199404807e-01,2.939628440655104868e-01
3.454000000000000181e+00,9.000000000000000000e+01,8.965771433921283062e+01,3.422856607871744283e-01,2.929417974178496475e-01
3.455000000000000071e+00,9.000000000000000000e+01,8.965704405344125405e+01,3.429559465587432854e-01,2.919233555084048692e-01
3.455999999999999961e+00,9.000000000000000000e+01,8.965637752845141506e+01,3.436224715485795556e-01,2.909075166481513430e-01
3.456999999999999851e+00,9.000000000000000000e+01,8.965571475106344224e+01,3.442852489365582636e-01,2.898942791101522531e-01
3.458000000000000185e+00,9.000000000000000000e+01,8.965505570813144232e+01,3.449442918685608483e-01,2.888836411299053331e-01
3.459000000000000075e+00,9.000000000000000000e+01,8.965440038654355703e+01,3.455996134564493505e-01,2.878756009057136245e-01
3.459999999999999964e+00,9.000000000000000000e+01,8.965374877322186364e+01,3.462512267781430175e-01,2.868701565990204316e-01
3.460999999999999854e+00,9.000000000000000000e+01,8.965310085512238913e+01,3.468991448776054809e-01,2.858673063347777488e-01
3.462000000000000188e+00,9.000000000000000000e+01,8.965245661923509601e+01,3.475433807649084272e-01,2.848670482017850447e-01
3.463000000000000078e+00,9.000000000000000000e+01,8.965181605258376862e+01,3.481839474162314874e-01,2.838693802530509180e-01
3.463999999999999968e+00,9.000000000000000000e+01,8.965117914222611262e+01,3.488208577738877714e-01,2.828743005061326588e-01
3.464999999999999858e+00,9.000000000000000000e+01,8.965054587525362706e+01,3.494541247463747169e-01,2.818818069434745333e-01
3.466000000000000192e+00,9.000000000000000000e+01,8.964991623879161864e+01,3.500837612083741446e-01,2.808918975127586704e-01
3.467000000000000082e+00,9.000000000000000000e+01,8.964929021999921588e+01,3.507097800007903943e-01,2.799045701272346864e-01
3.467999999999999972e+00,9.000000000000000000e+01,8.964866780606919860e+01,3.513321939308010622e-01,2.789198226660550839e-01
3.468999999999999861e+00,9.000000000000000000e+01,8.964804898422814006e+01,3.519510157718573340e-01,2.779376529746218627e-01
3.470000000000000195e+00,9.000000000000000000e+01,8.964743374173626478e+01,3.525662582637345555e-01,2.769580588649103170e-01
3.471000000000000085e+00,9.000000000000000000e+01,8.964682206588744862e+01,3.531779341125451666e-01,2.759810381158050441e-01
3.471999999999999975e+00,9.000000000000000000e+01,8.964621394400920451e+01,3.537860559907894387e-01,2.750065884734222976e-01
3.472999999999999865e+00,9.000000000000000000e+01,8.964560936346263986e+01,3.543906365373555301e-01,2.740347076514432212e-01
3.474000000000000199e+00,9.000000000000000000e+01,8.964500831164241390e+01,3.549916883575832127e-01,2.730653933314246551e-01
3.475000000000000089e+00,9.000000000000000000e+01,8.964441077597672347e+01,3.555892240232763624e-01,2.720986431631307045e-01
3.475999999999999979e+00,9.000000000000000000e+01,8.964381674392724619e+01,3.561832560727540842e-01,2.711344547648474324e-01
3.476999999999999869e+00,9.000000000000000000e+01,8.964322620298914046e+01,3.567737970108632028e-01,2.701728257237083763e-01
3.478000000000000203e+00,9.000000000000000000e+01,8.964263914069098860e+01,3.573608593090167318e-01,2.692137535960034689e-01
3.479000000000000092e+00,9.000000000000000000e+01,8.964205554459476843e+01,3.579444554052316207e-01,2.682572359074905100e-01
3.479999999999999982e+00,9.000000000000000000e+01,8.964147540229583910e+01,3.585245977041673915e-01,2.673032701537084166e-01
3.480999999999999872e+00,9.000000000000000000e+01,8.964089870142284155e+01,3.591012985771639410e-01,2.663518538002896952e-01
3.482000000000000206e+00,9.000000000000000000e+01,8.964032542963775541e+01,3.596745703622417634e-01,2.654029842832723585e-01
3.483000000000000096e+00,9.000000000000000000e+01,8.963975557463582788e+01,3.602444253641780558e-01,2.644566590093880842e-01
3.483999999999999986e+00,9.000000000000000000e+01,8.963918912414546014e+01,3.608108758545324202e-01,2.635128753563774628e-01
3.484999999999999876e+00,9.000000000000000000e+01,8.963862606592833515e+01,3.613739340716594639e-01,2.625716306732939209e-01
3.486000000000000210e+00,9.000000000000000000e+01,8.963806638777923297e+01,3.619336122207724160e-01,2.616329222807908250e-01
3.487000000000000099e+00,9.000000000000000000e+01,8.963751007752603073e+01,3.624899224739684400e-01,2.606967474714267929e-01
3.487999999999999989e+00,9.000000000000000000e+01,8.963695712302974528e+01,3.630428769702543912e-01,2.597631035099597363e-01
3.488999999999999879e+00,9.000000000000000000e+01,8.963640751218437686e+01,3.635924878156228668e-01,2.588319876336323544e-01
3.490000000000000213e+00,9.000000000000000000e+01,8.963586123291696595e+01,3.641387670830396051e-01,2.579033970524814423e-01
3.491000000000000103e+00,9.000000000000000000e+01,8.963531827318749379e+01,3.646817268125071010e-01,2.569773289496098401e-01
3.491999999999999993e+00,9.000000000000000000e+01,8.963477862098888238e+01,3.652213790111153990e-01,2.560537804814765894e-01
3.492999999999999883e+00,9.000000000000000000e+01,8.963424226434693765e+01,3.657577356530549717e-01,2.551327487781922532e-01
3.494000000000000217e+00,9.000000000000000000e+01,8.963370919132033521e+01,3.662908086796674567e-01,2.542142309437935843e-01
3.495000000000000107e+00,9.000000000000000000e+01,8.963317939000052093e+01,3.668206099994839042e-01,2.532982240565262444e-01
3.495999999999999996e+00,9.000000000000000000e+01,8.963265284851173931e+01,3.673471514882629130e-01,2.523847251691245241e-01
3.496999999999999886e+00,9.000000000000000000e+01,8.963212955501096246e+01,3.678704449890416450e-01,2.514737313090883442e-01
3.498000000000000220e+00,9.000000000000000000e+01,8.963160949768784747e+01,3.683905023121483158e-01,2.505652394789650850e-01
3.499000000000000110e+00,9.000000000000000000e+01,8.963109266476472214e+01,3.689073352352786883e-01,2.496592466566114332e-01
3.500000000000000000e+00,9.000000000000000000e+01,8.963057904449648561e+01,3.694209555035087300e-01,2.487557497954783481e-01
3.500999999999999890e+00,9.000000000000000000e+01,8.963006862517065088e+01,3.699313748293455717e-01,2.478547458248737123e-01
3.502000000000000224e+00,9.000000000000000000e+01,8.962956139510721698e+01,3.704386048927783559e-01,2.469562316502309229e-01
3.503000000000000114e+00,9.000000000000000000e+01,8.962905734265869739e+01,3.709426573413036610e-01,2.460602041533816453e-01
3.504000000000000004e+00,9.000000000000000000e+01,8.962855645621000633e+01,3.714435437899891168e-01,2.451666601928149392e-01
3.504999999999999893e+00,9.000000000000000000e+01,8.962805872417852981e+01,3.719412758214734049e-01,2.442755966039492077e-01
3.506000000000000227e+00,9.000000000000000000e+01,8.962756413501392672e+01,3.724358649860681214e-01,2.433870101993746704e-01
3.507000000000000117e+00,9.000000000000000000e+01,8.962707267719825666e+01,3.729273228017448427e-01,2.425008977691344991e-01
3.508000000000000007e+00,9.000000000000000000e+01,8.962658433924578105e+01,3.734156607542118422e-01,2.416172560809650149e-01
3.508999999999999897e+00,9.000000000000000000e+01,8.962609910970304838e+01,3.739008902969517267e-01,2.407360818805588942e-01
3.510000000000000231e+00,9.000000000000000000e+01,8.962561697714872366e+01,3.743830228512727842e-01,2.398573718918212139e-01
3.511000000000000121e+00,9.000000000000000000e+01,8.962513793019367370e+01,3.748620698063215295e-01,2.389811228171275781e-01
3.512000000000000011e+00,9.000000000000000000e+01,8.962466195748085340e+01,3.753380425191462089e-01,2.381073313375600686e-01
3.512999999999999901e+00,9.000000000000000000e+01,8.962418904768522054e+01,3.758109523147734055e-01,2.372359941131578220e-01
3.514000000000000234e+00,9.000000000000000000e+01,8.962371918951380678e+01,3.762808104861950498e-01,2.363671077831834000e-01
3.515000000000000124e+00,9.000000000000000000e+01,8.962325237170554715e+01,3.767476282944575705e-01,2.355006689663485531e-01
3.516000000000000014e+00,9.000000000000000000e+01,8.962278858303132267e+01,3.772114169686747176e-01,2.346366742610697109e-01
3.516999999999999904e+00,9.000000000000000000e+01,8.962232781229388934e+01,3.776721877061036681e-01,2.337751202456993527e-01
3.518000000000000238e+00,9.000000000000000000e+01,8.962187004832783543e+01,3.781299516721580711e-01,2.329160034787768341e-01
3.519000000000000128e+00,9.000000000000000000e+01,8.962141527999949631e+01,3.785847200004966995e-01,2.320593204992551506e-01
3.520000000000000018e+00,9.000000000000000000e+01,8.962096349620696856e+01,3.790365037930365499e-01,2.312050678267547899e-01
3.520999999999999908e+00,9.000000000000000000e+01,8.962051468588001057e+01,3.794853141199907576e-01,2.303532419617914662e-01
3.522000000000000242e+00,9.000000000000000000e+01,8.962006883798004253e+01,3.799311620199579131e-01,2.295038393859993309e-01
3.523000000000000131e+00,9.000000000000000000e+01,8.961962594150004691e+01,3.803740584999470986e-01,2.286568565623807725e-01
3.524000000000000021e+00,9.000000000000000000e+01,8.961918598546461112e+01,3.808140145353909878e-01,2.278122899355366771e-01
3.524999999999999911e+00,9.000000000000000000e+01,8.961874895892975701e+01,3.812510410702474872e-01,2.269701359318747613e-01
3.526000000000000245e+00,9.000000000000000000e+01,8.961831485098296923e+01,3.816851490170251049e-01,2.261303909598546269e-01
3.527000000000000135e+00,9.000000000000000000e+01,8.961788365074316687e+01,3.821163492568340758e-01,2.252930514102126081e-01
3.528000000000000025e+00,9.000000000000000000e+01,8.961745534736058971e+01,3.825446526394113977e-01,2.244581136561873691e-01
3.528999999999999915e+00,9.000000000000000000e+01,8.961702993001678408e+01,3.829700699832103150e-01,2.236255740537300696e-01
3.530000000000000249e+00,9.000000000000000000e+01,8.961660738792458858e+01,3.833926120754128086e-01,2.227954289417404532e-01
3.531000000000000139e+00,9.000000000000000000e+01,8.961618771032799202e+01,3.838122896720059796e-01,2.219676746422761526e-01
3.532000000000000028e+00,9.000000000000000000e+01,8.961577088650219025e+01,3.842291134978074729e-01,2.211423074607795081e-01
3.532999999999999918e+00,9.000000000000000000e+01,8.961535690575347246e+01,3.846430942465292047e-01,2.203193236862864002e-01
3.534000000000000252e+00,9.000000000000000000e+01,8.961494575741917856e+01,3.850542425808152203e-01,2.194987195916444089e-01
3.535000000000000142e+00,9.000000000000000000e+01,8.961453743086768498e+01,3.854625691323185221e-01,2.186804914337217576e-01
3.536000000000000032e+00,9.000000000000000000e+01,8.961413191549827673e+01,3.858680845017259387e-01,2.178646354536319385e-01
3.536999999999999922e+00,9.000000000000000000e+01,8.961372920074120429e+01,3.862707992587968708e-01,2.170511478769386327e-01
3.538000000000000256e+00,9.000000000000000000e+01,8.961332927605754151e+01,3.866707239424518328e-01,2.162400249138537456e-01
3.539000000000000146e+00,9.000000000000000000e+01,8.961293213093919974e+01,3.870678690607982642e-01,2.154312627594604512e-01
3.540000000000000036e+00,9.000000000000000000e+01,8.961253775490882845e+01,3.874622450911684446e-01,2.146248575939148640e-01
3.540999999999999925e+00,9.000000000000000000e+01,8.961214613751980096e+01,3.878538624801960988e-01,2.138208055826407161e-01
3.542000000000000259e+00,9.000000000000000000e+01,8.961175726835612920e+01,3.882427316438669118e-01,2.130191028765404671e-01
3.543000000000000149e+00,9.000000000000000000e+01,8.961137113703244950e+01,3.886288629675571094e-01,2.122197456122021930e-01
3.544000000000000039e+00,9.000000000000000000e+01,8.961098773319392308e+01,3.890122668060713718e-01,2.114227299120963466e-01
3.544999999999999929e+00,9.000000000000000000e+01,8.961060704651626452e+01,3.893929534837318185e-01,2.106280518847639394e-01
3.546000000000000263e+00,9.000000000000000000e+01,8.961022906670559962e+01,3.897709332944037652e-01,2.098357076250288999e-01
3.547000000000000153e+00,9.000000000000000000e+01,8.960985378349845121e+01,3.901462165015462946e-01,2.090456932141888657e-01
3.548000000000000043e+00,9.000000000000000000e+01,8.960948118666171069e+01,3.905188133382888060e-01,2.082580047202057805e-01
3.548999999999999932e+00,9.000000000000000000e+01,8.960911126599255283e+01,3.908887340074435057e-01,2.074726381979102863e-01
3.550000000000000266e+00,9.000000000000000000e+01,8.960874401131842149e+01,3.912559886815820676e-01,2.066895896891783879e-01
3.551000000000000156e+00,9.000000000000000000e+01,8.960837941249690175e+01,3.916205875030989714e-01,2.059088552231252423e-01
3.552000000000000046e+00,9.000000000000000000e+01,8.960801745941574836e+01,3.919825405842498056e-01,2.051304308163032775e-01
3.552999999999999936e+00,9.000000000000000000e+01,8.960765814199281465e+01,3.923418580071892925e-01,2.043543124728873783e-01
3.554000000000000270e+00,9.000000000000000000e+01,8.960730145017593884e+01,3.926985498240604944e-01,2.035804961848511341e-01
3.555000000000000160e+00,9.000000000000000000e+01,8.960694737394297249e+01,3.930526260570202379e-01,2.028089779321657349e-01
3.556000000000000050e+00,9.000000000000000000e+01,8.960659590330170943e+01,3.934040966982899623e-01,2.020397536829773022e-01
3.556999999999999940e+00,9.000000000000000000e+01,8.960624702828977206e+01,3.937529717102320470e-01,2.012728193937831089e-01
3.558000000000000274e+00,9.000000000000000000e+01,8.960590073897461139e+01,3.940992610253879480e-01,2.005081710096218717e-01
3.559000000000000163e+00,9.000000000000000000e+01,8.960555702545346435e+01,3.944429745465292125e-01,1.997458044642509978e-01
3.560000000000000053e+00,9.000000000000000000e+01,8.960521587785328279e+01,3.947841221467209283e-01,1.989857156803212235e-01
3.560999999999999943e+00,9.000000000000000000e+01,8.960487728633061977e+01,3.951227136693853947e-01,1.982279005695573026e-01
3.562000000000000277e+00,9.000000000000000000e+01,8.960454124107168639e+01,3.954587589283150018e-01,1.974723550329414157e-01
3.563000000000000167e+00,9.000000000000000000e+01,8.960420773229223812e+01,3.957922677077610474e-01,1.967190749608689893e-01
3.564000000000000057e+00,9.000000000000000000e+01,8.960387675023750376e+01,3.961232497624974092e-01,1.959680562333291354e-01
3.564999999999999947e+00,9.000000000000000000e+01,8.960354828518215697e+01,3.964517148178461348e-01,1.952192947200872275e-01
3.566000000000000281e+00,9.000000000000000000e+01,8.960322232743024529e+01,3.967776725697536033e-01,1.944727862808455776e-01
3.567000000000000171e+00,9.000000000000000000e+01,8.960289886731519005e+01,3.971011326848160050e-01,1.937285267654189069e-01
3.568000000000000060e+00,9.000000000000000000e+01,8.960257789519963012e+01,3.974221048003684920e-01,1.929865120138894441e-01
3.568999999999999950e+00,9.000000000000000000e+01,8.960225940147546453e+01,3.977405985245360265e-01,1.922467378567844776e-01
3.570000000000000284e+00,9.000000000000000000e+01,8.960194337656373875e+01,3.980566234362586941e-01,1.915092001152474410e-01
3.571000000000000174e+00,9.000000000000000000e+01,8.960162981091460210e+01,3.983701890853936778e-01,1.907738946011885151e-01
3.572000000000000064e+00,9.000000000000000000e+01,8.960131869500729351e+01,3.986813049927024344e-01,1.900408171174652883e-01
3.572999999999999954e+00,9.000000000000000000e+01,8.960101001935001364e+01,3.989899806499905832e-01,1.893099634580173718e-01
3.574000000000000288e+00,9.000000000000000000e+01,8.960070377447991063e+01,3.992962255200953048e-01,1.885813294080573577e-01
3.575000000000000178e+00,9.000000000000000000e+01,8.960039995096302334e+01,3.996000490369743807e-01,1.878549107442113175e-01
3.576000000000000068e+00,9.000000000000000000e+01,8.960009853939423863e+01,3.999014606057569865e-01,1.871307032346837262e-01
3.576999999999999957e+00,9.000000000000000000e+01,8.959979953039722034e+01,4.002004696027819386e-01,1.864087026394161128e-01
3.578000000000000291e+00,9.000000000000000000e+01,8.959950291462430982e+01,4.004970853756866789e-01,1.856889047102337764e-01
3.579000000000000181e+00,9.000000000000000000e+01,8.959920868275656858e+01,4.007913172434328652e-01,1.849713051910135686e-01
3.580000000000000071e+00,9.000000000000000000e+01,8.959891682550363612e+01,4.010831744963698764e-01,1.842558998178284169e-01
3.580999999999999961e+00,9.000000000000000000e+01,8.959862733360367315e+01,4.013726663963236851e-01,1.835426843190980650e-01
3.582000000000000295e+00,9.000000000000000000e+01,8.959834019782340420e+01,4.016598021765973581e-01,1.828316544157582713e-01
3.583000000000000185e+00,9.000000000000000000e+01,8.959805540895794707e+01,4.019445910420595403e-01,1.821228058213904544e-01
3.584000000000000075e+00,9.000000000000000000e+01,8.959777295783078443e+01,4.022270421692084597e-01,1.814161342423753764e-01
3.584999999999999964e+00,9.000000000000000000e+01,8.959749283529379227e+01,4.025071647062100078e-01,1.807116353780487128e-01
3.585999999999999854e+00,9.000000000000000000e+01,8.959721503222705508e+01,4.027849677729483657e-01,1.800093049208421336e-01
3.587000000000000188e+00,9.000000000000000000e+01,8.959693953953886592e+01,4.030604604611282560e-01,1.793091385564215823e-01
3.588000000000000078e+00,9.000000000000000000e+01,8.959666634816572639e+01,4.033336518342745536e-01,1.786111319638531703e-01
3.588999999999999968e+00,9.000000000000000000e+01,8.959639544907217612e+01,4.036045509278214927e-01,1.779152808157280219e-01
3.589999999999999858e+00,9.000000000000000000e+01,8.959612683325083538e+01,4.038731667491635147e-01,1.772215807783106001e-01
3.591000000000000192e+00,9.000000000000000000e+01,8.959586049172229139e+01,4.041395082777062830e-01,1.765300275116804540e-01
3.592000000000000082e+00,9.000000000000000000e+01,8.959559641553505571e+01,4.044035844649427336e-01,1.758406166698690820e-01
3.592999999999999972e+00,9.000000000000000000e+01,8.959533459576552161e+01,4.046654042344788871e-01,1.751533439010078963e-01
3.593999999999999861e+00,9.000000000000000000e+01,8.959507502351787878e+01,4.049249764821226116e-01,1.744682048474539005e-01
3.595000000000000195e+00,9.000000000000000000e+01,8.959481768992407069e+01,4.051823100759218699e-01,1.737851951459364330e-01
3.596000000000000085e+00,9.000000000000000000e+01,8.959456258614378044e+01,4.054374138562157337e-01,1.731043104276888678e-01
3.596999999999999975e+00,9.000000000000000000e+01,8.959430970336426014e+01,4.056902966357359697e-01,1.724255463185764836e-01
3.597999999999999865e+00,9.000000000000000000e+01,8.959405903280040206e+01,4.059409671995944935e-01,1.717488984392513962e-01
3.599000000000000199e+00,9.000000000000000000e+01,8.959381056569458224e+01,4.061894343054103795e-01,1.710743624052588341e-01
3.600000000000000089e+00,9.000000000000000000e+01,8.959356429331667471e+01,4.064357066833227949e-01,1.704019338271910988e-01
3.600999999999999979e+00,9.000000000000000000e+01,8.959332020696393784e+01,4.066797930360673274e-01,1.697316083108075802e-01
3.601999999999999869e+00,9.000000000000000000e+01,8.959307829796098588e+01,4.069217020390138440e-01,1.690633814571676496e-01
3.603000000000000203e+00,9.000000000000000000e+01,8.959283855765974636e+01,4.071614423402560301e-01,1.683972488627500930e-01
3.604000000000000092e+00,9.000000000000000000e+01,8.959260097743934637e+01,4.073990225606490823e-01,1.677332061195924984e-01
3.604999999999999982e+00,9.000000000000000000e+01,8.959236554870612679e+01,4.076344512938737674e-01,1.670712488154147968e-01
3.605999999999999872e+00,9.000000000000000000e+01,8.959213226289352860e+01,4.078677371064740598e-01,1.664113725337457161e-01
3.607000000000000206e+00,9.000000000000000000e+01,8.959190111146203606e+01,4.080988885379595588e-01,1.657535728540365239e-01
3.608000000000000096e+00,9.000000000000000000e+01,8.959167208589916243e+01,4.083279141008303581e-01,1.650978453518025246e-01
3.608999999999999986e+00,9.000000000000000000e+01,8.959144517771936478e+01,4.085548222806281715e-01,1.644441855987391898e-01
3.609999999999999876e+00,9.000000000000000000e+01,8.959122037846398712e+01,4.087796215360128271e-01,1.637925891628349284e-01
3.611000000000000210e+00,9.000000000000000000e+01,8.959099767970116091e+01,4.090023202988383177e-01,1.631430516084962368e-01
3.612000000000000099e+00,9.000000000000000000e+01,8.959077707302583349e+01,4.092229269741656239e-01,1.624955684966809810e-01
3.612999999999999989e+00,9.000000000000000000e+01,8.959055855005965441e+01,4.094414499403391527e-01,1.618501353850002322e-01
3.613999999999999879e+00,9.000000000000000000e+01,8.959034210245091856e+01,4.096578975490756669e-01,1.612067478278345067e-01
3.615000000000000213e+00,9.000000000000000000e+01,8.959012772187450935e+01,4.098722781254897085e-01,1.605654013764677424e-01
3.616000000000000103e+00,9.000000000000000000e+01,8.958991540003185605e+01,4.100845999681446696e-01,1.599260915791956283e-01
3.616999999999999993e+00,9.000000000000000000e+01,8.958970512865086278e+01,4.102948713491416655e-01,1.592888139814311321e-01
3.617999999999999883e+00,9.000000000000000000e+01,8.958949689948582318e+01,4.105031005141704381e-01,1.586535641258297602e-01
3.619000000000000217e+00,9.000000000000000000e+01,8.958929070431746311e+01,4.107092956825349472e-01,1.580203375524059650e-01
3.620000000000000107e+00,9.000000000000000000e+01,8.958908653495272745e+01,4.109134650472677230e-01,1.573891297986284299e-01
3.620999999999999996e+00,9.000000000000000000e+01,8.958888438322486536e+01,4.111156167751298107e-01,1.567599363995521855e-01
3.621999999999999886e+00,9.000000000000000000e+01,8.958868424099328820e+01,4.113157590067128555e-01,1.561327528879093984e-01
3.623000000000000220e+00,9.000000000000000000e+01,8.958848610014351266e+01,4.115138998564896733e-01,1.555075747942301634e-01
3.624000000000000110e+00,9.000000000000000000e+01,8.958828995258714656e+01,4.117100474128524978e-01,1.548843976469548023e-01
3.625000000000000000e+00,9.000000000000000000e+01,8.958809579026180359e+01,4.119042097382021317e-01,1.542632169725320634e-01
3.625999999999999890e+00,9.000000000000000000e+01,8.958790360513103224e+01,4.120963948689605472e-01,1.536440282955368053e-01
3.627000000000000224e+00,9.000000000000000000e+01,8.958771338918430160e+01,4.122866108156983400e-01,1.530268271387570655e-01
3.628000000000000114e+00,9.000000000000000000e+01,8.958752513443687349e+01,4.124748655631215732e-01,1.524116090233257059e-01
3.629000000000000004e+00,9.000000000000000000e+01,8.958733883292981659e+01,4.126611670701866852e-01,1.517983694688015417e-01
3.629999999999999893e+00,9.000000000000000000e+01,8.958715447672989285e+01,4.128455232701130906e-01,1.511871039932891070e-01
3.631000000000000227e+00,9.000000000000000000e+01,8.958697205792951479e+01,4.130279420704849325e-01,1.505778081135256963e-01
3.632000000000000117e+00,9.000000000000000000e+01,8.958679156864671711e+01,4.132084313532763953e-01,1.499704773449974105e-01
3.633000000000000007e+00,9.000000000000000000e+01,8.958661300102505720e+01,4.133869989749410223e-01,1.493651072020304171e-01
3.633999999999999897e+00,9.000000000000000000e+01,8.958643634723355831e+01,4.135636527664370288e-01,1.487616931979019452e-01
3.635000000000000231e+00,9.000000000000000000e+01,8.958626159946669532e+01,4.137384005333035741e-01,1.481602308449278260e-01
3.636000000000000121e+00,9.000000000000000000e+01,8.958608874994428106e+01,4.139112500557244889e-01,1.475607156545624410e-01
3.637000000000000011e+00,9.000000000000000000e+01,8.958591779091140950e+01,4.140822090885917794e-01,1.469631431375006958e-01
3.637999999999999901e+00,9.000000000000000000e+01,8.958574871463846989e+01,4.142512853615311630e-01,1.463675088037802718e-01
3.639000000000000234e+00,9.000000000000000000e+01,8.958558151342099052e+01,4.144184865790037642e-01,1.457738081628618954e-01
3.640000000000000124e+00,9.000000000000000000e+01,8.958541617957966707e+01,4.145838204203317057e-01,1.451820367237386944e-01
3.641000000000000014e+00,9.000000000000000000e+01,8.958525270546020636e+01,4.147472945397869815e-01,1.445921899950206868e-01
3.641999999999999904e+00,9.000000000000000000e+01,8.958509108343338312e+01,4.149089165666169920e-01,1.440042634850393632e-01
3.643000000000000238e+00,9.000000000000000000e+01,8.958493130589486952e+01,4.150686941051335288e-01,1.434182527019281506e-01
3.644000000000000128e+00,9.000000000000000000e+01,8.958477336526526358e+01,4.152266347347384201e-01,1.428341531537239417e-01
3.645000000000000018e+00,9.000000000000000000e+01,8.958461725398997544e+01,4.153827460100250613e-01,1.422519603484448947e-01
3.645999999999999908e+00,9.000000000000000000e+01,8.958446296453918478e+01,4.155370354608166616e-01,1.416716697941968195e-01
3.647000000000000242e+00,9.000000000000000000e+01,8.958431048940779817e+01,4.156895105922046030e-01,1.410932769992618296e-01
3.648000000000000131e+00,9.000000000000000000e+01,8.958415982111537801e+01,4.158401788846244340e-01,1.405167774721741980e-01
3.649000000000000021e+00,9.000000000000000000e+01,8.958401095220605725e+01,4.159890477939451880e-01,1.399421667218097853e-01
3.649999999999999911e+00,9.000000000000000000e+01,8.958386387524852523e+01,4.161361247514692163e-01,1.393694402574918167e-01
3.651000000000000245e+00,9.000000000000000000e+01,8.958371858283597078e+01,4.162814171640341065e-01,1.387985935890559408e-01
3.652000000000000135e+00,9.000000000000000000e+01,8.958357506758594013e+01,4.164249324140635311e-01,1.382296222269461250e-01
3.653000000000000025e+00,9.000000000000000000e+01,8.958343332214039378e+01,4.165666778596053832e-01,1.376625216823020303e-01
3.653999999999999915e+00,9.000000000000000000e+01,8.958329333916556436e+01,4.167066608344334178e-01,1.370972874670329800e-01
3.655000000000000249e+00,9.000000000000000000e+01,8.958315511135195663e+01,4.168448886480476401e-01,1.365339150939193225e-01
3.656000000000000139e+00,9.000000000000000000e+01,8.958301863141421961e+01,4.169813685857756691e-01,1.359724000766733276e-01
3.657000000000000028e+00,9.000000000000000000e+01,8.958288389209116076e+01,4.171161079088365198e-01,1.354127379300310574e-01
3.657999999999999918e+00,9.000000000000000000e+01,8.958275088614563231e+01,4.172491138543661937e-01,1.348549241698435985e-01
3.659000000000000252e+00,9.000000000000000000e+01,8.958261960636450283e+01,4.173803936354936739e-01,1.342989543131447860e-01
3.660000000000000142e+00,9.000000000000000000e+01,8.958249004555860040e+01,4.175099544414048180e-01,1.337448238782327214e-01
3.661000000000000032e+00,9.000000000000000000e+01,8.958236219656261312e+01,4.176378034373932069e-01,1.331925283847527897e-01
3.661999999999999922e+00,9.000000000000000000e+01,8.958223605223507491e+01,4.177639477649236488e-01,1.326420633537743199e-01
3.663000000000000256e+00,9.000000000000000000e+01,8.958211160545830865e+01,4.178883945416957957e-01,1.320934243078699943e-01
3.664000000000000146e+00,9.000000000000000000e+01,8.958198884913831250e+01,4.180111508616825011e-01,1.315466067711968945e-01
3.665000000000000036e+00,9.000000000000000000e+01,8.958186777620480257e+01,4.181322237951931586e-01,1.310016062695639472e-01
3.665999999999999925e+00,9.000000000000000000e+01,8.958174837961104231e+01,4.182516203889629636e-01,1.304584183305038947e-01
3.667000000000000259e+00,9.000000000000000000e+01,8.958163065233382838e+01,4.183693476661782817e-01,1.299170384833639724e-01
3.668000000000000149e+00,9.000000000000000000e+01,8.958151458737346218e+01,4.184854126265402097e-01,1.293774622593716062e-01
3.669000000000000039e+00,9.000000000000000000e+01,8.958140017775366459e+01,4.185998222463410134e-01,1.288396851917051611e-01
3.669999999999999929e+00,9.000000000000000000e+01,8.958128741652149074e+01,4.187125834785022094e-01,1.283037028155751824e-01
3.671000000000000263e+00,9.000000000000000000e+01,8.958117629674735838e+01,4.188237032526382353e-01,1.277695106682906756e-01
3.672000000000000153e+00,9.000000000000000000e+01,8.958106681152486317e+01,4.189331884751327784e-01,1.272371042893297166e-01
3.673000000000000043e+00,9.000000000000000000e+01,8.958095895397083552e+01,4.190410460291640882e-01,1.267064792204201651e-01
3.673999999999999932e+00,9.000000000000000000e+01,8.958085271722519849e+01,4.191472827747943497e-01,1.261776310055973682e-01
3.675000000000000266e+00,9.000000000000000000e+01,8.958074809445099618e+01,4.192519055490074309e-01,1.256505551912831531e-01
3.676000000000000156e+00,9.000000000000000000e+01,8.958064507883422323e+01,4.193549211657727760e-01,1.251252473263497478e-01
3.677000000000000046e+00,9.000000000000000000e+01,8.958054366358389586e+01,4.194563364161090213e-01,1.246017029621874911e-01
3.677999999999999936e+00,9.000000000000000000e+01,8.958044384193185294e+01,4.195561580681473890e-01,1.240799176527753178e-01
3.679000000000000270e+00,9.000000000000000000e+01,8.958034560713284122e+01,4.196543928671574997e-01,1.235598869547532008e-01
3.680000000000000160e+00,9.000000000000000000e+01,8.958024895246434482e+01,4.197510475356613924e-01,1.230416064274729021e-01
3.681000000000000050e+00,9.000000000000000000e+01,8.958015387122657103e+01,4.198461287734339131e-01,1.225250716330862355e-01
3.681999999999999940e+00,9.000000000000000000e+01,8.958006035674240763e+01,4.199396432575916438e-01,1.220102781365915573e-01
3.683000000000000274e+00,9.000000000000000000e+01,8.957996840235735192e+01,4.200315976426436948e-01,1.214972215059038907e-01
3.684000000000000163e+00,9.000000000000000000e+01,8.957987800143942536e+01,4.201219985605682550e-01,1.209858973119181808e-01
3.685000000000000053e+00,9.000000000000000000e+01,8.957978914737915943e+01,4.202108526208378492e-01,1.204763011285835406e-01
3.685999999999999943e+00,9.000000000000000000e+01,8.957970183358951033e+01,4.202981664104956661e-01,1.199684285329539468e-01
3.687000000000000277e+00,9.000000000000000000e+01,8.957961605350578793e+01,4.203839464942065729e-01,1.194622751052533960e-01
3.688000000000000167e+00,9.000000000000000000e+01,8.957953180058567000e+01,4.204681994143334434e-01,1.189578364289351625e-01
3.689000000000000057e+00,9.000000000000000000e+01,8.957944906830901743e+01,4.205509316909751272e-01,1.184551080907522147e-01
3.689999999999999947e+00,9.000000000000000000e+01,8.957936785017798798e+01,4.206321498220176314e-01,1.179540856808127258e-01
3.691000000000000281e+00,9.000000000000000000e+01,8.957928813971679460e+01,4.207118602832101706e-01,1.174547647926324351e-01
3.692000000000000171e+00,9.000000000000000000e+01,8.957920993047177660e+01,4.207900695282290604e-01,1.169571410231998176e-01
3.693000000000000060e+00,9.000000000000000000e+01,8.957913321601130008e+01,4.208667839887028084e-01,1.164612099730422262e-01
3.693999999999999950e+00,9.000000000000000000e+01,8.957905798992570112e+01,4.209420100743015425e-01,1.159669672462706469e-01
3.695000000000000284e+00,9.000000000000000000e+01,8.957898424582722896e+01,4.210157541727749808e-01,1.154744084506461599e-01
3.696000000000000174e+00,9.000000000000000000e+01,8.957891197734998912e+01,4.210880226500159917e-01,1.149835291976320922e-01
3.697000000000000064e+00,9.000000000000000000e+01,8.957884117814985814e+01,4.211588218501370884e-01,1.144943251024505976e-01
3.697999999999999954e+00,9.000000000000000000e+01,8.957877184190449782e+01,4.212281580954957416e-01,1.140067917841497414e-01
3.699000000000000288e+00,9.000000000000000000e+01,8.957870396231324150e+01,4.212960376867579959e-01,1.135209248656481734e-01
3.700000000000000178e+00,9.000000000000000000e+01,8.957863753309702304e+01,4.213624669029750192e-01,1.130367199737858791e-01
3.701000000000000068e+00,9.000000000000000000e+01,8.957857254799836255e+01,4.214274520016336179e-01,1.125541727393871566e-01
3.701999999999999957e+00,9.000000000000000000e+01,8.957850900078130962e+01,4.214909992186947063e-01,1.120732787973165168e-01
3.703000000000000291e+00,9.000000000000000000e+01,8.957844688523132959e+01,4.215531147686695790e-01,1.115940337865224119e-01
3.704000000000000181e+00,9.000000000000000000e+01,8.957838619515533196e+01,4.216138048446705922e-01,1.111164333500946622e-01
3.705000000000000071e+00,9.000000000000000000e+01,8.957832692438154254e+01,4.216730756184624007e-01,1.106404731353160392e-01
3.705999999999999961e+00,9.000000000000000000e+01,8.957826906675946077e+01,4.217309332405380640e-01,1.101661487937102557e-01
3.707000000000000295e+00,9.000000000000000000e+01,8.957821261615984554e+01,4.217873838401571263e-01,1.096934559811017784e-01
3.708000000000000185e+00,9.000000000000000000e+01,8.957815756647460148e+01,4.218424335253968538e-01,1.092223903576616528e-01
3.709000000000000075e+00,9.000000000000000000e+01,8.957810391161676478e+01,4.218960883832408859e-01,1.087529475879506075e-01
3.709999999999999964e+00,9.000000000000000000e+01,8.957805164552038946e+01,4.219483544796049923e-01,1.082851233409829195e-01
3.711000000000000298e+00,9.000000000000000000e+01,8.957800076214060425e+01,4.219992378594004667e-01,1.078189132902669517e-01
3.712000000000000188e+00,9.000000000000000000e+01,8.957795125545339943e+01,4.220487445465979093e-01,1.073543131138519346e-01
3.713000000000000078e+00,9.000000000000000000e+01,8.957790311945572626e+01,4.220968805442779637e-01,1.068913184943790784e-01
3.713999999999999968e+00,9.000000000000000000e+01,8.957785634816529807e+01,4.221436518346950995e-01,1.064299251191276330e-01
3.714999999999999858e+00,9.000000000000000000e+01,8.957781093562068975e+01,4.221890643793155817e-01,1.059701286800653341e-01
3.716000000000000192e+00,9.000000000000000000e+01,8.957776687588109610e+01,4.222331241189067330e-01,1.055119248738867893e-01
3.717000000000000082e+00,9.000000000000000000e+01,8.957772416302644558e+01,4.222758369735493678e-01,1.050553094020726663e-01
3.717999999999999972e+00,9.000000000000000000e+01,8.957768279115727239e+01,4.223172088427272208e-01,1.046002779709192670e-01
3.718999999999999861e+00,9.000000000000000000e+01,8.957764275439461699e+01,4.223572456053775737e-01,1.041468262915915405e-01
3.720000000000000195e+00,9.000000000000000000e+01,8.957760404688006872e+01,4.223959531199294459e-01,1.036949500801701701e-01
3.721000000000000085e+00,9.000000000000000000e+01,8.957756666277560953e+01,4.224333372243927465e-01,1.032446450576870595e-01
3.721999999999999975e+00,9.000000000000000000e+01,8.957753059626361392e+01,4.224694037363836419e-01,1.027959069501822170e-01
3.722999999999999865e+00,9.000000000000000000e+01,8.957749584154680633e+01,4.225041584531882277e-01,1.023487314887384370e-01
3.724000000000000199e+00,9.000000000000000000e+01,8.957746239284819012e+01,4.225376071518133214e-01,1.019031144095225022e-01
3.725000000000000089e+00,9.000000000000000000e+01,8.957743024441091961e+01,4.225697555890756685e-01,1.014590514538236399e-01
3.725999999999999979e+00,9.000000000000000000e+01,8.957739939049838540e+01,4.226006095016144881e-01,1.010165383681120577e-01
3.726999999999999869e+00,9.000000000000000000e+01,8.957736982539404380e+01,4.226301746059552555e-01,1.005755709040669355e-01
3.728000000000000203e+00,9.000000000000000000e+01,8.957734154340141686e+01,4.226584565985858633e-01,1.001361448186126740e-01
3.729000000000000092e+00,9.000000000000000000e+01,8.957731453884399286e+01,4.226854611560076358e-01,9.969825587396821676e-02
3.729999999999999982e+00,9.000000000000000000e+01,8.957728880606524058e+01,4.227111939347607539e-01,9.926189983769073688e-02
3.730999999999999872e+00,9.000000000000000000e+01,8.957726433942846711e+01,4.227356605715260618e-01,9.882707248269990974e-02
3.732000000000000206e+00,9.000000000000000000e+01,8.957724113331686056e+01,4.227588666831375575e-01,9.839376958733400680e-02
3.733000000000000096e+00,9.000000000000000000e+01,8.957721918213333367e+01,4.227808178666591088e-01,9.796198693537516711e-02
3.733999999999999986e+00,9.000000000000000000e+01,8.957719848030055232e+01,4.228015196994478475e-01,9.753172031609086412e-02
3.734999999999999876e+00,9.000000000000000000e+01,8.957717902226080753e+01,4.228209777391921942e-01,9.710296552427880035e-02
3.736000000000000210e+00,9.000000000000000000e+01,8.957716080247602974e+01,4.228391975239630396e-01,9.667571836029953403e-02
3.737000000000000099e+00,9.000000000000000000e+01,8.957714381542770354e+01,4.228561845722900170e-01,9.624997463010763477e-02
3.737999999999999989e+00,9.000000000000000000e+01,8.957712805561681080e+01,4.228719443831866487e-01,9.582573014529668920e-02
3.738999999999999879e+00,9.000000000000000000e+01,8.957711351756375961e+01,4.228864824362398855e-01,9.540298072312416999e-02
3.740000000000000213e+00,9.000000000000000000e+01,8.957710019580837013e+01,4.228998041916350870e-01,9.498172218655945298e-02
3.741000000000000103e+00,9.000000000000000000e+01,8.957708808490976082e+01,4.229119150902326818e-01,9.456195036431049028e-02
3.741999999999999993e+00,9.000000000000000000e+01,8.957707717944639114e+01,4.229228205536061380e-01,9.414366109086537426e-02
3.742999999999999883e+00,9.000000000000000000e+01,8.957706747401590519e+01,4.229325259840930329e-01,9.372685020652200827e-02
3.744000000000000217e+00,9.000000000000000000e+01,8.957705896323513173e+01,4.229410367648711588e-01,9.331151355741669484e-02
3.745000000000000107e+00,9.000000000000000000e+01,8.957705164173999890e+01,4.229483582599969371e-01,9.289764699556680994e-02
3.745999999999999996e+00,9.000000000000000000e+01,8.957704550418553424e+01,4.229544958144688116e-01,9.248524637890084832e-02
3.746999999999999886e+00,9.000000000000000000e+01,8.957704054524573678e+01,4.229594547542654959e-01,9.207430757129474175e-02
3.748000000000000220e+00,9.000000000000000000e+01,8.957703675961359124e+01,4.229632403864097556e-01,9.166482644259721368e-02
3.749000000000000110e+00,9.000000000000000000e+01,8.957703414200098280e+01,4.229658579990189238e-01,9.125679886866250312e-02
3.750000000000000000e+00,9.000000000000000000e+01,8.957703268713861178e+01,4.229673128613816169e-01,9.085022073138072918e-02
3.750999999999999890e+00,9.000000000000000000e+01,8.957703238977603633e+01,4.229676102239574020e-01,9.044508791872148123e-02
3.752000000000000224e+00,9.000000000000000000e+01,8.957703324468150186e+01,4.229667553185044171e-01,9.004139632474150723e-02
3.753000000000000114e+00,9.000000000000000000e+01,8.957703524664192685e+01,4.229647533580662144e-01,8.963914184964244525e-02
3.754000000000000004e+00,9.000000000000000000e+01,8.957703839046294547e+01,4.229616095370483664e-01,8.923832039978078778e-02
3.754999999999999893e+00,9.000000000000000000e+01,8.957704267096870865e+01,4.229573290312947931e-01,8.883892788769706672e-02
3.756000000000000227e+00,9.000000000000000000e+01,8.957704808300188404e+01,4.229519169981129645e-01,8.844096023215804181e-02
3.757000000000000117e+00,9.000000000000000000e+01,8.957705462142365604e+01,4.229453785763378493e-01,8.804441335817846104e-02
3.758000000000000007e+00,9.000000000000000000e+01,8.957706228111362634e+01,4.229377188863699399e-01,8.764928319705053705e-02
3.758999999999999897e+00,9.000000000000000000e+01,8.957707105696972860e+01,4.229289430302641262e-01,8.725556568636393118e-02
3.760000000000000231e+00,9.000000000000000000e+01,8.957708094390825693e+01,4.229190560917427399e-01,8.686325677004910761e-02
3.761000000000000121e+00,9.000000000000000000e+01,8.957709193686372373e+01,4.229080631362716614e-01,8.647235239839178023e-02
3.762000000000000011e+00,9.000000000000000000e+01,8.957710403078888817e+01,4.228959692111112223e-01,8.608284852806473431e-02
3.762999999999999901e+00,9.000000000000000000e+01,8.957711722065464244e+01,4.228827793453545647e-01,8.569474112215674788e-02
3.764000000000000234e+00,9.000000000000000000e+01,8.957713150145001180e+01,4.228684985499909788e-01,8.530802615019178470e-02
3.765000000000000124e+00,9.000000000000000000e+01,8.957714686818202665e+01,4.228531318179697407e-01,8.492269958815658326e-02
3.766000000000000014e+00,9.000000000000000000e+01,8.957716331587577940e+01,4.228366841242254259e-01,8.453875741853375536e-02
3.766999999999999904e+00,9.000000000000000000e+01,8.957718083957423971e+01,4.228191604257669489e-01,8.415619563031639938e-02
3.768000000000000238e+00,9.000000000000000000e+01,8.957719943433831133e+01,4.228005656616904417e-01,8.377501021904722178e-02
3.769000000000000128e+00,9.000000000000000000e+01,8.957721909524676107e+01,4.227809047532427589e-01,8.339519718682968097e-02
3.770000000000000018e+00,9.000000000000000000e+01,8.957723981739610508e+01,4.227601826038976940e-01,8.301675254234953949e-02
3.770999999999999908e+00,9.000000000000000000e+01,8.957726159590062309e+01,4.227384040993816816e-01,8.263967230091104343e-02
3.772000000000000242e+00,9.000000000000000000e+01,8.957728442589225892e+01,4.227155741077371909e-01,8.226395248445347863e-02
3.773000000000000131e+00,9.000000000000000000e+01,8.957730830252062049e+01,4.226916974793736848e-01,8.188958912157641434e-02
3.774000000000000021e+00,9.000000000000000000e+01,8.957733322095288031e+01,4.226667790471186348e-01,8.151657824756337878e-02
3.774999999999999911e+00,9.000000000000000000e+01,8.957735917637374712e+01,4.226408236262554907e-01,8.114491590440420232e-02
3.776000000000000245e+00,9.000000000000000000e+01,8.957738616398539477e+01,4.226138360146000639e-01,8.077459814080971412e-02
3.777000000000000135e+00,9.000000000000000000e+01,8.957741417900746228e+01,4.225858209925387188e-01,8.040562101224223157e-02
3.778000000000000025e+00,9.000000000000000000e+01,8.957744321667692589e+01,4.225567833230794434e-01,8.003798058093573864e-02
3.778999999999999915e+00,9.000000000000000000e+01,8.957747327224809908e+01,4.225267277519023090e-01,7.967167291591581435e-02
3.780000000000000249e+00,9.000000000000000000e+01,8.957750434099258996e+01,4.224956590074107621e-01,7.930669409301910333e-02
3.781000000000000139e+00,9.000000000000000000e+01,8.957753641819920176e+01,4.224635818007951293e-01,7.894304019491299451e-02
3.782000000000000028e+00,9.000000000000000000e+01,8.957756949917394707e+01,4.224305008260579308e-01,7.858070731112253016e-02
3.782999999999999918e+00,9.000000000000000000e+01,8.957760357923990568e+01,4.223964207600902632e-01,7.821969153803982888e-02
3.784000000000000252e+00,9.000000000000000000e+01,8.957763865373729573e+01,4.223613462627101023e-01,7.785998897895141102e-02
3.785000000000000142e+00,9.000000000000000000e+01,8.957767471802328885e+01,4.223252819767130961e-01,7.750159574405536544e-02
3.786000000000000032e+00,9.000000000000000000e+01,8.957771176747206709e+01,4.222882325279361249e-01,7.714450795047904375e-02
3.786999999999999922e+00,9.000000000000000000e+01,8.957774979747472344e+01,4.222502025252827806e-01,7.678872172230434556e-02
3.788000000000000256e+00,9.000000000000000000e+01,8.957778880343920491e+01,4.222111965607997508e-01,7.643423319057594811e-02
3.789000000000000146e+00,9.000000000000000000e+01,8.957782878079028421e+01,4.221712192097150096e-01,7.608103849332761848e-02
3.790000000000000036e+00,9.000000000000000000e+01,8.957786972496951705e+01,4.221302750304757878e-01,7.572913377559852000e-02
3.790999999999999925e+00,9.000000000000000000e+01,8.957791163143517110e+01,4.220883685648251227e-01,7.537851518944234386e-02
3.792000000000000259e+00,9.000000000000000000e+01,8.957795449566215495e+01,4.220455043378399385e-01,7.502917889395452344e-02
3.793000000000000149e+00,9.000000000000000000e+01,8.957799831314203232e+01,4.220016868579692382e-01,7.468112105528855460e-02
3.794000000000000039e+00,9.000000000000000000e+01,8.957804307938289412e+01,4.219569206171103759e-01,7.433433784666562683e-02
3.794999999999999929e+00,9.000000000000000000e+01,8.957808878990937274e+01,4.219112100906218799e-01,7.398882544840157394e-02
3.796000000000000263e+00,9.000000000000000000e+01,8.957813544026258512e+01,4.218645597374124367e-01,7.364458004790835899e-02
3.797000000000000153e+00,9.000000000000000000e+01,8.957818302600004756e+01,4.218169739999534928e-01,7.330159783972295395e-02
3.798000000000000043e+00,9.000000000000000000e+01,8.957823154269561883e+01,4.217684573043813945e-01,7.295987502551024018e-02
3.798999999999999932e+00,9.000000000000000000e+01,8.957828098593952859e+01,4.217190140604715198e-01,7.261940781410014534e-02
3.800000000000000266e+00,9.000000000000000000e+01,8.957833135133823532e+01,4.216686486617657881e-01,7.228019242147393220e-02
3.801000000000000156e+00,9.000000000000000000e+01,8.957838263451444050e+01,4.216173654855598363e-01,7.194222507080455520e-02
3.802000000000000046e+00,9.000000000000000000e+01,8.957843483110700333e+01,4.215651688929921148e-01,7.160550199245253877e-02
3.802999999999999936e+00,9.000000000000000000e+01,8.957848793677091237e+01,4.215120632290819125e-01,7.127001942399083245e-02
3.804000000000000270e+00,9.000000000000000000e+01,8.957854194717724283e+01,4.214580528227550027e-01,7.093577361021946581e-02
3.805000000000000160e+00,9.000000000000000000e+01,8.957859685801307137e+01,4.214031419869326278e-01,7.060276080316618685e-02
3.806000000000000050e+00,9.000000000000000000e+01,8.957865266498144763e+01,4.213473350185569233e-01,7.027097726211413431e-02
3.806999999999999940e+00,9.000000000000000000e+01,8.957870936380136584e+01,4.212906361986289427e-01,6.994041925361130230e-02
3.808000000000000274e+00,9.000000000000000000e+01,8.957876695020770796e+01,4.212330497922852635e-01,6.961108305147471753e-02
3.809000000000000163e+00,9.000000000000000000e+01,8.957882541995115844e+01,4.211745800488360114e-01,6.928296493681317114e-02
3.810000000000000053e+00,9.000000000000000000e+01,8.957888476879820416e+01,4.211152312017903410e-01,6.895606119804061074e-02
3.810999999999999943e+00,9.000000000000000000e+01,8.957894499253104925e+01,4.210550074689453637e-01,6.863036813087558530e-02
3.812000000000000277e+00,9.000000000000000000e+01,8.957900608694760081e+01,4.209939130523990269e-01,6.830588203836793215e-02
3.813000000000000167e+00,9.000000000000000000e+01,8.957906804786136945e+01,4.209319521386264973e-01,6.798259923090017864e-02
3.814000000000000057e+00,9.000000000000000000e+01,8.957913087110151196e+01,4.208691288984925949e-01,6.766051602620817840e-02
3.814999999999999947e+00,9.000000000000000000e+01,8.957919455251266072e+01,4.208054474873411666e-01,6.733962874937801657e-02
3.816000000000000281e+00,9.000000000000000000e+01,8.957925908795499481e+01,4.207409120450075757e-01,6.701993373287100375e-02
3.817000000000000171e+00,9.000000000000000000e+01,8.957932447330409786e+01,4.206755266958952522e-01,6.670142731652381474e-02
3.818000000000000060e+00,9.000000000000000000e+01,8.957939070445100072e+01,4.206092955490008944e-01,6.638410584756808397e-02
3.818999999999999950e+00,9.000000000000000000e+01,8.957945777730202508e+01,4.205422226979783629e-01,6.606796568063411090e-02
3.820000000000000284e+00,9.000000000000000000e+01,8.957952568777884039e+01,4.204743122211637707e-01,6.575300317776558434e-02
3.821000000000000174e+00,9.000000000000000000e+01,8.957959443181833592e+01,4.204055681816648571e-01,6.543921470841984611e-02
3.822000000000000064e+00,9.000000000000000000e+01,8.957966400537264917e+01,4.203359946273481640e-01,6.512659664949514704e-02
3.822999999999999954e+00,9.000000000000000000e+01,8.957973440440905222e+01,4.202655955909407326e-01,6.481514538531719938e-02
3.824000000000000288e+00,9.000000000000000000e+01,8.957980562490995169e+01,4.201943750900428709e-01,6.450485730766430947e-02
3.825000000000000178e+00,9.000000000000000000e+01,8.957987766287278930e+01,4.201223371272045370e-01,6.419572881576733614e-02
3.826000000000000068e+00,9.000000000000000000e+01,8.957995051431005606e+01,4.200494856899381069e-01,6.388775631632925833e-02
3.826999999999999957e+00,9.000000000000000000e+01,8.958002417524922123e+01,4.199758247507817122e-01,6.358093622352120611e-02
3.828000000000000291e+00,9.000000000000000000e+01,8.958009864173263281e+01,4.199013582673631895e-01,6.327526495899198078e-02
3.829000000000000181e+00,9.000000000000000000e+01,8.958017390981757444e+01,4.198260901824253932e-01,6.297073895188656789e-02
3.830000000000000071e+00,9.000000000000000000e+01,8.958024997557613744e+01,4.197500244238642209e-01,6.266735463884921808e-02
3.830999999999999961e+00,9.000000000000000000e+01,8.958032683509520666e+01,4.196731649047925061e-01,6.236510846402254504e-02
3.832000000000000295e+00,9.000000000000000000e+01,8.958040448447640358e+01,4.195955155235905898e-01,6.206399687905909957e-02
3.833000000000000185e+00,9.000000000000000000e+01,8.958048291983607214e+01,4.195170801639321323e-01,6.176401634313432448e-02
3.834000000000000075e+00,9.000000000000000000e+01,8.958056213730515083e+01,4.194378626948472855e-01,6.146516332294510443e-02
3.834999999999999964e+00,9.000000000000000000e+01,8.958064213302922951e+01,4.193578669707740403e-01,6.116743429272104848e-02
3.836000000000000298e+00,9.000000000000000000e+01,8.958072290316843578e+01,4.192770968315704949e-01,6.087082573423693160e-02
3.837000000000000188e+00,9.000000000000000000e+01,8.958080444389740649e+01,4.191955561025916821e-01,6.057533413680380591e-02
3.838000000000000078e+00,9.000000000000000000e+01,8.958088675140525936e+01,4.191132485947399733e-01,6.028095599728221926e-02
3.838999999999999968e+00,9.000000000000000000e+01,8.958096982189552193e+01,4.190301781044781237e-01,5.998768782009625267e-02
3.839999999999999858e+00,9.000000000000000000e+01,8.958105365158608890e+01,4.189463484139054339e-01,5.969552611722546420e-02
3.841000000000000192e+00,9.000000000000000000e+01,8.958113823670922216e+01,4.188617632907833954e-01,5.940446740821903049e-02
3.842000000000000082e+00,9.000000000000000000e+01,8.958122357351139442e+01,4.187764264885990295e-01,5.911450822019514995e-02
3.842999999999999972e+00,9.000000000000000000e+01,8.958130965825340297e+01,4.186903417465905330e-01,5.882564508785291524e-02
3.843999999999999861e+00,9.000000000000000000e+01,8.958139648721018489e+01,4.186035127898108943e-01,5.853787455347023161e-02
3.845000000000000195e+00,9.000000000000000000e+01,8.958148405667084546e+01,4.185159433291530950e-01,5.825119316691458604e-02
3.846000000000000085e+00,9.000000000000000000e+01,8.958157236293858716e+01,4.184276370614141149e-01,5.796559748564025782e-02
3.846999999999999975e+00,9.000000000000000000e+01,8.958166140233066699e+01,4.183385976693326791e-01,5.768108407469847709e-02
3.847999999999999865e+00,9.000000000000000000e+01,8.958175117117836805e+01,4.182488288216277827e-01,5.739764950674179633e-02
3.849000000000000199e+00,9.000000000000000000e+01,8.958184166582695696e+01,4.181583341730366610e-01,5.711529036202428466e-02
3.850000000000000089e+00,9.000000000000000000e+01,8.958193288263561271e+01,4.180671173643910610e-01,5.683400322839884944e-02
3.850999999999999979e+00,9.000000000000000000e+01,8.958202481797735572e+01,4.179751820226429992e-01,5.655378470133515245e-02
3.851999999999999869e+00,9.000000000000000000e+01,8.958211746823911881e+01,4.178825317608770296e-01,5.627463138392168468e-02
3.853000000000000203e+00,9.000000000000000000e+01,8.958221082982157668e+01,4.177891701784252065e-01,5.599653988684961253e-02
3.854000000000000092e+00,9.000000000000000000e+01,8.958230489913917438e+01,4.176951008608285054e-01,5.571950682844348246e-02
3.854999999999999982e+00,9.000000000000000000e+01,8.958239967262004200e+01,4.176003273799643867e-01,5.544352883463521398e-02
3.855999999999999872e+00,9.000000000000000000e+01,8.958249514670599467e+01,4.175048532940084378e-01,5.516860253899523447e-02
3.857000000000000206e+00,9.000000000000000000e+01,8.958259131785244733e+01,4.174086821475488929e-01,5.489472458270691635e-02
3.858000000000000096e+00,9.000000000000000000e+01,8.958268818252841470e+01,4.173118174715866879e-01,5.462189161459055781e-02
3.858999999999999986e+00,9.000000000000000000e+01,8.958278573721639759e+01,4.172142627835989659e-01,5.435010029109518803e-02
3.859999999999999876e+00,9.000000000000000000e+01,8.958288397841242556e+01,4.171160215875774346e-01,5.407934727630497873e-02
3.861000000000000210e+00,9.000000000000000000e+01,8.958298290262594321e+01,4.170170973740536247e-01,5.380962924194096497e-02
3.862000000000000099e+00,9.000000000000000000e+01,8.958308250637982439e+01,4.169174936201752169e-01,5.354094286735217034e-02
3.862999999999999989e+00,9.000000000000000000e+01,8.958318278621027275e+01,4.168172137897317997e-01,5.327328483952897126e-02
3.863999999999999879e+00,9.000000000000000000e+01,8.958328373866680749e+01,4.167162613331925614e-01,5.300665185310241001e-02
3.865000000000000213e+00,9.000000000000000000e+01,8.958338536031224919e+01,4.166146396877574709e-01,5.274104061034101676e-02
3.866000000000000103e+00,9.000000000000000000e+01,8.958348764772260608e+01,4.165123522773954701e-01,5.247644782115329365e-02
3.866999999999999993e+00,9.000000000000000000e+01,8.958359059748708830e+01,4.164094025129079779e-01,5.221287020308696541e-02
3.867999999999999883e+00,9.000000000000000000e+01,8.958369420620806522e+01,4.163057937919288354e-01,5.195030448134051182e-02
3.869000000000000217e+00,9.000000000000000000e+01,8.958379847050099443e+01,4.162015294990007996e-01,5.168874738874638941e-02
3.870000000000000107e+00,9.000000000000000000e+01,8.958390338699439326e+01,4.160966130056009127e-01,5.142819566577915003e-02
3.870999999999999996e+00,9.000000000000000000e+01,8.958400895232978201e+01,4.159910476702167736e-01,5.116864606055076398e-02
3.871999999999999886e+00,9.000000000000000000e+01,8.958411516316166967e+01,4.158848368383339378e-01,5.091009532882734279e-02
3.873000000000000220e+00,9.000000000000000000e+01,8.958422201615746872e+01,4.157779838425248453e-01,5.065254023400841965e-02
3.874000000000000110e+00,9.000000000000000000e+01,8.958432950799753769e+01,4.156704920024616445e-01,5.039597754713970312e-02
3.875000000000000000e+00,9.000000000000000000e+01,8.958443763537502491e+01,4.155623646249798075e-01,5.014040404690447289e-02
3.875999999999999890e+00,9.000000000000000000e+01,8.958454639499589689e+01,4.154536050041033879e-01,4.988581651963001906e-02
3.877000000000000224e+00,9.000000000000000000e+01,8.958465578357890990e+01,4.153442164210835452e-01,4.963221175928218820e-02
3.878000000000000114e+00,9.000000000000000000e+01,8.958476579785552474e+01,4.152342021444744846e-01,4.937958656745902036e-02
3.879000000000000004e+00,9.000000000000000000e+01,8.958487643456986405e+01,4.151235654301336786e-01,4.912793775340615343e-02
3.879999999999999893e+00,9.000000000000000000e+01,8.958498769047872656e+01,4.150123095212727709e-01,4.887726213400281350e-02
3.881000000000000227e+00,9.000000000000000000e+01,8.958509956235147342e+01,4.149004376485211365e-01,4.862755653375705478e-02
3.882000000000000117e+00,9.000000000000000000e+01,8.958521204697005658e+01,4.147879530299384832e-01,4.837881778481482875e-02
3.883000000000000007e+00,9.000000000000000000e+01,8.958532514112890510e+01,4.146748588710913452e-01,4.813104272694898600e-02
3.883999999999999897e+00,9.000000000000000000e+01,8.958543884163493942e+01,4.145611583650531951e-01,4.788422820757173848e-02
3.885000000000000231e+00,9.000000000000000000e+01,8.958555314530754288e+01,4.144468546924549579e-01,4.763837108171835311e-02
3.886000000000000121e+00,9.000000000000000000e+01,8.958566804897843383e+01,4.143319510215616730e-01,4.739346821204105942e-02
3.887000000000000011e+00,9.000000000000000000e+01,8.958578354949172251e+01,4.142164505082723269e-01,4.714951646882462738e-02
3.887999999999999901e+00,9.000000000000000000e+01,8.958589964370381153e+01,4.141003562961835804e-01,4.690651272997280880e-02
3.889000000000000234e+00,9.000000000000000000e+01,8.958601632848338170e+01,4.139836715166151926e-01,4.666445388101127245e-02
3.890000000000000124e+00,9.000000000000000000e+01,8.958613360071134935e+01,4.138663992886479903e-01,4.642333681507983950e-02
3.891000000000000014e+00,9.000000000000000000e+01,8.958625145728080952e+01,4.137485427191877618e-01,4.618315843292515599e-02
3.891999999999999904e+00,9.000000000000000000e+01,8.958636989509700754e+01,4.136301049029905696e-01,4.594391564290777746e-02
3.893000000000000238e+00,9.000000000000000000e+01,8.958648891107729639e+01,4.135110889227008868e-01,4.570560536099777665e-02
3.894000000000000128e+00,9.000000000000000000e+01,8.958660850215110827e+01,4.133914978488898440e-01,4.546822451076933114e-02
3.895000000000000018e+00,9.000000000000000000e+01,8.958672866525991196e+01,4.132713347400931991e-01,4.523177002339476283e-02
3.895999999999999908e+00,9.000000000000000000e+01,8.958684939735711339e+01,4.131506026428881095e-01,4.499623883763824439e-02
3.897000000000000242e+00,9.000000000000000000e+01,8.958697069540812663e+01,4.130293045918671524e-01,4.476162789987159218e-02
3.898000000000000131e+00,9.000000000000000000e+01,8.958709255639027447e+01,4.129074436097276979e-01,4.452793416404596250e-02
3.899000000000000021e+00,9.000000000000000000e+01,8.958721497729270311e+01,4.127850227072973888e-01,4.429515459169965086e-02
3.899999999999999911e+00,9.000000000000000000e+01,8.958733795511641063e+01,4.126620448835847665e-01,4.406328615195428261e-02
3.901000000000000245e+00,9.000000000000000000e+01,8.958746148687421851e+01,4.125385131257795490e-01,4.383232582151730394e-02
3.902000000000000135e+00,9.000000000000000000e+01,8.958758556959065800e+01,4.124144304093415592e-01,4.360227058465949990e-02
3.903000000000000025e+00,9.000000000000000000e+01,8.958771020030198429e+01,4.122897996980133817e-01,4.337311743322688762e-02
3.903999999999999915e+00,9.000000000000000000e+01,8.958783537605613390e+01,4.121646239438586656e-01,4.314486336663235500e-02
3.905000000000000249e+00,9.000000000000000000e+01,8.958796109391268203e+01,4.120389060873129172e-01,4.291750539184790297e-02
3.906000000000000139e+00,9.000000000000000000e+01,8.958808735094278575e+01,4.119126490572090349e-01,4.269104052340449984e-02
3.907000000000000028e+00,9.000000000000000000e+01,8.958821414422918394e+01,4.117858557708153344e-01,4.246546578338269984e-02
3.907999999999999918e+00,9.000000000000000000e+01,8.958834147086608368e+01,4.116585291339120434e-01,4.224077820140447609e-02
3.909000000000000252e+00,9.000000000000000000e+01,8.958846932795923124e+01,4.115306720407657659e-01,4.201697481464761186e-02
3.910000000000000142e+00,9.000000000000000000e+01,8.958859771262578420e+01,4.114022873742185227e-01,4.179405266781701517e-02
3.911000000000000032e+00,9.000000000000000000e+01,8.958872662199429726e+01,4.112733780057005739e-01,4.157200881315234464e-02
3.911999999999999922e+00,9.000000000000000000e+01,8.958885605320470802e+01,4.111439467952938132e-01,4.135084031041696973e-02
3.913000000000000256e+00,9.000000000000000000e+01,8.958898600340826590e+01,4.110139965917321003e-01,4.113054422690330669e-02
3.914000000000000146e+00,9.000000000000000000e+01,8.958911646976753218e+01,4.108835302324645999e-01,4.091111763741236279e-02
3.915000000000000036e+00,9.000000000000000000e+01,8.958924744945629470e+01,4.107525505437067403e-01,4.069255762425276479e-02
3.915999999999999925e+00,9.000000000000000000e+01,8.958937893965955368e+01,4.106210603404529258e-01,4.047486127724576888e-02
3.917000000000000259e+00,9.000000000000000000e+01,8.958951093757347905e+01,4.104890624265147836e-01,4.025802569371234735e-02
3.918000000000000149e+00,9.000000000000000000e+01,8.958964344040542471e+01,4.103565595945720679e-01,4.004204797846246111e-02
3.919000000000000039e+00,9.000000000000000000e+01,8.958977644537380058e+01,4.102235546261978616e-01,3.982692524379344290e-02
3.919999999999999929e+00,9.000000000000000000e+01,8.958990994970807265e+01,4.100900502919225254e-01,3.961265460947983874e-02
3.921000000000000263e+00,9.000000000000000000e+01,8.959004395064876292e+01,4.099560493512334758e-01,3.939923320277970153e-02
3.922000000000000153e+00,9.000000000000000000e+01,8.959017844544737841e+01,4.098215545526260328e-01,3.918665815841515521e-02
3.923000000000000043e+00,9.000000000000000000e+01,8.959031343136632586e+01,4.096865686336673140e-01,3.897492661856476193e-02
3.923999999999999932e+00,9.000000000000000000e+01,8.959044890567899699e+01,4.095510943209959565e-01,3.876403573287166143e-02
3.925000000000000266e+00,9.000000000000000000e+01,8.959058486566962642e+01,4.094151343303730206e-01,3.855398265842550215e-02
3.926000000000000156e+00,9.000000000000000000e+01,8.959072130863326322e+01,4.092786913667331716e-01,3.834476455975584924e-02
3.927000000000000046e+00,9.000000000000000000e+01,8.959085823187579933e+01,4.091417681241968918e-01,3.813637860883368341e-02
3.927999999999999936e+00,9.000000000000000000e+01,8.959099563271388433e+01,4.090043672861219948e-01,3.792882198505624636e-02
3.929000000000000270e+00,9.000000000000000000e+01,8.959113350847486856e+01,4.088664915251284393e-01,3.772209187524265539e-02
3.930000000000000160e+00,9.000000000000000000e+01,8.959127185649683156e+01,4.087281435031624999e-01,3.751618547362190609e-02
3.931000000000000050e+00,9.000000000000000000e+01,8.959141067412849679e+01,4.085893258714963228e-01,3.731109998183847892e-02
3.931999999999999940e+00,9.000000000000000000e+01,8.959154995872920324e+01,4.084500412707918193e-01,3.710683260893242463e-02
3.933000000000000274e+00,9.000000000000000000e+01,8.959168970766887696e+01,4.083102923311259791e-01,3.690338057133930871e-02
3.934000000000000163e+00,9.000000000000000000e+01,8.959182991832797427e+01,4.081700816720291169e-01,3.670074109288168351e-02
3.935000000000000053e+00,9.000000000000000000e+01,8.959197058809749592e+01,4.080294119025101862e-01,3.649891140476172607e-02
3.935999999999999943e+00,9.000000000000000000e+01,8.959211171437887344e+01,4.078882856211205610e-01,3.629788874554780442e-02
3.937000000000000277e+00,9.000000000000000000e+01,8.959225329458404019e+01,4.077467054159538695e-01,3.609767036117896011e-02
3.938000000000000167e+00,9.000000000000000000e+01,8.959239532613528922e+01,4.076046738647097767e-01,3.589825350494446621e-02
3.939000000000000057e+00,9.000000000000000000e+01,8.959253780646527332e+01,4.074621935347192969e-01,3.569963543748374407e-02
3.939999999999999947e+00,9.000000000000000000e+01,8.959268073301701918e+01,4.073192669829830415e-01,3.550181342677757867e-02
3.941000000000000281e+00,9.000000000000000000e+01,8.959282410324381374e+01,4.071758967561838194e-01,3.530478474814142953e-02
3.942000000000000171e+00,9.000000000000000000e+01,8.959296791460923259e+01,4.070320853907630765e-01,3.510854668420458624e-02
3.943000000000000060e+00,9.000000000000000000e+01,8.959311216458705474e+01,4.068878354129464303e-01,3.491309652491746823e-02
3.943999999999999950e+00,9.000000000000000000e+01,8.959325685066126255e+01,4.067431493387306252e-01,3.471843156754826631e-02
3.945000000000000284e+00,9.000000000000000000e+01,8.959340197032601338e+01,4.065980296739857835e-01,3.452454911664992743e-02
3.946000000000000174e+00,9.000000000000000000e+01,8.959354752108554010e+01,4.064524789144548511e-01,3.433144648407386590e-02
3.947000000000000064e+00,9.000000000000000000e+01,8.959369350045420788e+01,4.063064995457922879e-01,3.413912098895621750e-02
3.947999999999999954e+00,9.000000000000000000e+01,8.959383990595641478e+01,4.061600940435891594e-01,3.394756995770763230e-02
3.949000000000000288e+00,9.000000000000000000e+01,8.959398673512656330e+01,4.060132648734369187e-01,3.375679072399806468e-02
3.950000000000000178e+00,9.000000000000000000e+01,8.959413398550906038e+01,4.058660144909400636e-01,3.356678062876043700e-02
3.951000000000000068e+00,9.000000000000000000e+01,8.959428165465826055e+01,4.057183453417415597e-01,3.337753702017772633e-02
3.951999999999999957e+00,9.000000000000000000e+01,8.959442974013840910e+01,4.055702598615865129e-01,3.318905725366586013e-02
3.953000000000000291e+00,9.000000000000000000e+01,8.959457823952367050e+01,4.054217604763348803e-01,3.300133869187628355e-02
3.954000000000000181e+00,9.000000000000000000e+01,8.959472715039798629e+01,4.052728496020123750e-01,3.281437870468231072e-02
3.955000000000000071e+00,9.000000000000000000e+01,8.959487647035518876e+01,4.051235296448102985e-01,3.262817466917662668e-02
3.955999999999999961e+00,9.000000000000000000e+01,8.959502619699884463e+01,4.049738030011494905e-01,3.244272396964668209e-02
3.957000000000000295e+00,9.000000000000000000e+01,8.959517632794226927e+01,4.048236720577307879e-01,3.225802399757210503e-02
3.958000000000000185e+00,9.000000000000000000e+01,8.959532686080846986e+01,4.046731391915227571e-01,3.207407215163010639e-02
3.959000000000000075e+00,9.000000000000000000e+01,8.959547779323017380e+01,4.045222067698249213e-01,3.189086583766903571e-02
3.959999999999999964e+00,9.000000000000000000e+01,8.959562912284970082e+01,4.043708771502934063e-01,3.170840246870453016e-02
3.961000000000000298e+00,9.000000000000000000e+01,8.959578084731903402e+01,4.042191526809663094e-01,3.152667946490919637e-02
3.962000000000000188e+00,9.000000000000000000e+01,8.959593296429967779e+01,4.040670357003274815e-01,3.134569425359774730e-02
3.963000000000000078e+00,9.000000000000000000e+01,8.959608547146268620e+01,4.039145285373189065e-01,3.116544426923141195e-02
3.963999999999999968e+00,9.000000000000000000e+01,8.959623836648864881e+01,4.037616335113537458e-01,3.098592695340593450e-02
3.965000000000000302e+00,9.000000000000000000e+01,8.959639164706761960e+01,4.036083529323798436e-01,3.080713975482827702e-02
3.966000000000000192e+00,9.000000000000000000e+01,8.959654531089908858e+01,4.034546891009178071e-01,3.062908012931499224e-02
3.967000000000000082e+00,9.000000000000000000e+01,8.959669935569193910e+01,4.033006443080611736e-01,3.045174553979140136e-02
3.967999999999999972e+00,9.000000000000000000e+01,8.959685377916447635e+01,4.031462208355270360e-01,3.027513345626842503e-02
3.968999999999999861e+00,9.000000000000000000e+01,8.959700857904429938e+01,4.029914209556946236e-01,3.009924135583406588e-02
3.970000000000000195e+00,9.000000000000000000e+01,8.959716375306835801e+01,4.028362469316430494e-01,2.992406672264746881e-02
3.971000000000000085e+00,9.000000000000000000e+01,8.959731929898285330e+01,4.026807010171514767e-01,2.974960704793500402e-02
3.971999999999999975e+00,9.000000000000000000e+01,8.959747521454322339e+01,4.025247854567755579e-01,2.957585982996524185e-02
3.972999999999999865e+00,9.000000000000000000e+01,8.959763149751415767e+01,4.023685024858472681e-01,2.940282257405422636e-02
3.974000000000000199e+00,9.000000000000000000e+01,8.959778814566946892e+01,4.022118543305259197e-01,2.923049279254676114e-02
3.975000000000000089e+00,9.000000000000000000e+01,8.959794515679219273e+01,4.020548432078107637e-01,2.905886800481139939e-02
3.975999999999999979e+00,9.000000000000000000e+01,8.959810252867440283e+01,4.018974713255919484e-01,2.888794573722215653e-02
3.976999999999999869e+00,9.000000000000000000e+01,8.959826025911733893e+01,4.017397408826632876e-01,2.871772352315363208e-02
3.978000000000000203e+00,9.000000000000000000e+01,8.959841834593120780e+01,4.015816540687985325e-01,2.854819890296299290e-02
3.979000000000000092e+00,9.000000000000000000e+01,8.959857678693528271e+01,4.014232130647131802e-01,2.837936942400048554e-02
3.979999999999999982e+00,9.000000000000000000e+01,8.959873557995783244e+01,4.012644200421662810e-01,2.821123264057216404e-02
3.980999999999999872e+00,9.000000000000000000e+01,8.959889472283606437e+01,4.011052771639350145e-01,2.804378611395189069e-02
3.982000000000000206e+00,9.000000000000000000e+01,8.959905421341611031e+01,4.009457865838910173e-01,2.787702741235296641e-02
3.983000000000000096e+00,9.000000000000000000e+01,8.959921404955299806e+01,4.007859504470004386e-01,2.771095411093122199e-02
3.983999999999999986e+00,9.000000000000000000e+01,8.959937422911062299e+01,4.006257708893745662e-01,2.754556379176544001e-02
3.984999999999999876e+00,9.000000000000000000e+01,8.959953474996171963e+01,4.004652500382829827e-01,2.738085404385192517e-02
3.986000000000000210e+00,9.000000000000000000e+01,8.959969560998777638e+01,4.003043900122167376e-01,2.721682246308635214e-02
3.987000000000000099e+00,9.000000000000000000e+01,8.959985680707912081e+01,4.001431929208759675e-01,2.705346665226693662e-02
3.987999999999999989e+00,9.000000000000000000e+01,8.960001833913474911e+01,3.999816608652460581e-01,2.689078422106750549e-02
3.988999999999999879e+00,9.000000000000000000e+01,8.960018020406241135e+01,3.998197959375848765e-01,2.672877278604180243e-02
3.990000000000000213e+00,9.000000000000000000e+01,8.960034239977851200e+01,3.996576002214865531e-01,2.656742997059786254e-02
3.991000000000000103e+00,9.000000000000000000e+01,8.960050492420809576e+01,3.994950757919067952e-01,2.640675340499550050e-02
3.991999999999999993e+00,9.000000000000000000e+01,8.960066777528481907e+01,3.993322247151756543e-01,2.624674072633835856e-02
3.992999999999999883e+00,9.000000000000000000e+01,8.960083095095096439e+01,3.991690490490356624e-01,2.608738957855444296e-02
3.994000000000000217e+00,9.000000000000000000e+01,8.960099444915729805e+01,3.990055508427054476e-01,2.592869761238340148e-02
3.995000000000000107e+00,9.000000000000000000e+01,8.960115826786315552e+01,3.988417321368416535e-01,2.577066248538362539e-02
3.995999999999999996e+00,9.000000000000000000e+01,8.960132240503634193e+01,3.986775949636533478e-01,2.561328186189375591e-02
3.996999999999999886e+00,9.000000000000000000e+01,8.960148685865314633e+01,3.985131413468511186e-01,2.545655341305160316e-02
3.998000000000000220e+00,9.000000000000000000e+01,8.960165162669827055e+01,3.983483733017234574e-01,2.530047481675621115e-02
3.999000000000000110e+00,9.000000000000000000e+01,8.960181670716482927e+01,3.981832928351749512e-01,2.514504375766518293e-02
4.000000000000000000e+00,9.000000000000000000e+01,8.960198209805427894e+01,3.980179019457261713e-01,2.499025792719398661e-02
4.001000000000000334e+00,9.000000000000000000e+01,8.960214779737644619e+01,3.978522026235520315e-01,2.483611502349443445e-02
4.001999999999999780e+00,9.000000000000000000e+01,8.960231380314947103e+01,3.976861968505324141e-01,2.468261275144089176e-02
4.003000000000000114e+00,9.000000000000000000e+01,8.960248011339974994e+01,3.975198866002523923e-01,2.452974882262975997e-02
4.004000000000000448e+00,9.000000000000000000e+01,8.960264672616196435e+01,3.973532738380403662e-01,2.437752095535794528e-02
4.004999999999999893e+00,9.000000000000000000e+01,8.960281363947898114e+01,3.971863605210188553e-01,2.422592687460932079e-02
4.006000000000000227e+00,9.000000000000000000e+01,8.960298085140189528e+01,3.970191485981044988e-01,2.407496431205434842e-02
4.006999999999999673e+00,9.000000000000000000e+01,8.960314835998993033e+01,3.968516400100717822e-01,2.392463100602893258e-02
4.008000000000000007e+00,9.000000000000000000e+01,8.960331616331046689e+01,3.966838366895275025e-01,2.377492470153618268e-02
4.009000000000000341e+00,9.000000000000000000e+01,8.960348425943899997e+01,3.965157405609998631e-01,2.362584315021203432e-02
4.009999999999999787e+00,9.000000000000000000e+01,8.960365264645906791e+01,3.963473535409384740e-01,2.347738411033263584e-02
4.011000000000000121e+00,9.000000000000000000e+01,8.960382132246226661e+01,3.961786775377270087e-01,2.332954534679898898e-02
4.012000000000000455e+00,9.000000000000000000e+01,8.960399028554823531e+01,3.960097144517595869e-01,2.318232463111300976e-02
4.012999999999999901e+00,9.000000000000000000e+01,8.960415953382457133e+01,3.958404661754280629e-01,2.303571974138489756e-02
4.014000000000000234e+00,9.000000000000000000e+01,8.960432906540684428e+01,3.956709345931602728e-01,2.288972846231061495e-02
4.014999999999999680e+00,9.000000000000000000e+01,8.960449887841853922e+01,3.955011215814579484e-01,2.274434858515754151e-02
4.016000000000000014e+00,9.000000000000000000e+01,8.960466897099107086e+01,3.953310290089225298e-01,2.259957790775682721e-02
4.017000000000000348e+00,9.000000000000000000e+01,8.960483934126371253e+01,3.951606587362801459e-01,2.245541423449240806e-02
4.017999999999999794e+00,9.000000000000000000e+01,8.960500998738359613e+01,3.949900126164075376e-01,2.231185537628783619e-02
4.019000000000000128e+00,9.000000000000000000e+01,8.960518090750562692e+01,3.948190924943699165e-01,2.216889915059170116e-02
4.020000000000000462e+00,9.000000000000000000e+01,8.960535209979255455e+01,3.946479002074464448e-01,2.202654338136960169e-02
4.020999999999999908e+00,9.000000000000000000e+01,8.960552356241485938e+01,3.944764375851431137e-01,2.188478589909320302e-02
4.022000000000000242e+00,9.000000000000000000e+01,8.960569529355075247e+01,3.943047064492434806e-01,2.174362454071980880e-02
4.022999999999999687e+00,9.000000000000000000e+01,8.960586729138617557e+01,3.941327086138213809e-01,2.160305714968778143e-02
4.024000000000000021e+00,9.000000000000000000e+01,8.960603955411471588e+01,3.939604458852792868e-01,2.146308157590074220e-02
4.025000000000000355e+00,9.000000000000000000e+01,8.960621207993763448e+01,3.937879200623607412e-01,2.132369567571879357e-02
4.025999999999999801e+00,9.000000000000000000e+01,8.960638486706379524e+01,3.936151329362015394e-01,2.118489731193981193e-02
4.027000000000000135e+00,9.000000000000000000e+01,8.960655791370965062e+01,3.934420862903422189e-01,2.104668435379637367e-02
4.028000000000000469e+00,9.000000000000000000e+01,8.960673121809924169e+01,3.932687819007535945e-01,2.090905467694083655e-02
4.028999999999999915e+00,9.000000000000000000e+01,8.960690477846412705e+01,3.930952215358750057e-01,2.077200616343022679e-02
4.030000000000000249e+00,9.000000000000000000e+01,8.960707859304336864e+01,3.929214069566268619e-01,2.063553670171805118e-02
4.030999999999999694e+00,9.000000000000000000e+01,8.960725266008354595e+01,3.927473399164490564e-01,2.049964418663618657e-02
4.032000000000000028e+00,9.000000000000000000e+01,8.960742697783867072e+01,3.925730221613260018e-01,2.036432651938493640e-02
4.033000000000000362e+00,9.000000000000000000e+01,8.960760154457018700e+01,3.923984554298126648e-01,2.022958160752118609e-02
4.033999999999999808e+00,9.000000000000000000e+01,8.960777635854694267e+01,3.922236414530594351e-01,2.009540736494539945e-02
4.035000000000000142e+00,9.000000000000000000e+01,8.960795141804514685e+01,3.920485819548505946e-01,1.996180171188784505e-02
4.036000000000000476e+00,9.000000000000000000e+01,8.960812672134838408e+01,3.918732786516170852e-01,1.982876257490156016e-02
4.036999999999999922e+00,9.000000000000000000e+01,8.960830226674752907e+01,3.916977332524743671e-01,1.969628788684562801e-02
4.038000000000000256e+00,9.000000000000000000e+01,8.960847805254074672e+01,3.915219474592483428e-01,1.956437558687613640e-02
4.038999999999999702e+00,9.000000000000000000e+01,8.960865407703352048e+01,3.913459229664748573e-01,1.943302362043533224e-02
4.040000000000000036e+00,9.000000000000000000e+01,8.960883033853853874e+01,3.911696614614635914e-01,1.930222993922465005e-02
4.041000000000000369e+00,9.000000000000000000e+01,8.960900683537568057e+01,3.909931646243234860e-01,1.917199250120369888e-02
4.041999999999999815e+00,9.000000000000000000e+01,8.960918356587204414e+01,3.908164341279500298e-01,1.904230927058528020e-02
4.043000000000000149e+00,9.000000000000000000e+01,8.960936052836190413e+01,3.906394716381014209e-01,1.891317821780498856e-02
4.044000000000000483e+00,9.000000000000000000e+01,8.960953772118661220e+01,3.904622788133860212e-01,1.878459731952543746e-02
4.044999999999999929e+00,9.000000000000000000e+01,8.960971514269469651e+01,3.902848573053005476e-01,1.865656455861279192e-02
4.046000000000000263e+00,9.000000000000000000e+01,8.960989279124171958e+01,3.901072087582808101e-01,1.852907792412321689e-02
4.046999999999999709e+00,9.000000000000000000e+01,8.961007066519032094e+01,3.899293348096763978e-01,1.840213541130432048e-02
4.048000000000000043e+00,9.000000000000000000e+01,8.961024876291016028e+01,3.897512370898395528e-01,1.827573502156213184e-02
4.049000000000000377e+00,9.000000000000000000e+01,8.961042708277791746e+01,3.895729172220872560e-01,1.814987476247116246e-02
4.049999999999999822e+00,9.000000000000000000e+01,8.961060562317722145e+01,3.893943768227773883e-01,1.802455264774000324e-02
4.051000000000000156e+00,9.000000000000000000e+01,8.961078438249870715e+01,3.892156175012960739e-01,1.789976669721316319e-02
4.052000000000000490e+00,9.000000000000000000e+01,8.961096335913987332e+01,3.890366408601212966e-01,1.777551493684597153e-02
4.052999999999999936e+00,9.000000000000000000e+01,8.961114255150518204e+01,3.888574484948227883e-01,1.765179539870533401e-02
4.054000000000000270e+00,9.000000000000000000e+01,8.961132195800590239e+01,3.886780419941003317e-01,1.752860612095155993e-02
4.054999999999999716e+00,9.000000000000000000e+01,8.961150157706020991e+01,3.884984229397837607e-01,1.740594514782916116e-02
4.056000000000000050e+00,9.000000000000000000e+01,8.961168140709310137e+01,3.883185929068964648e-01,1.728381052964183748e-02
4.057000000000000384e+00,9.000000000000000000e+01,8.961186144653635210e+01,3.881385534636426771e-01,1.716220032275325366e-02
4.057999999999999829e+00,9.000000000000000000e+01,8.961204169382853024e+01,3.879583061714712566e-01,1.704111258956184441e-02
4.059000000000000163e+00,9.000000000000000000e+01,8.961222214741492564e+01,3.877778525850754665e-01,1.692054539850153597e-02
4.060000000000000497e+00,9.000000000000000000e+01,8.961240280574757833e+01,3.875971942524185643e-01,1.680049682402396174e-02
4.060999999999999943e+00,9.000000000000000000e+01,8.961258366728522162e+01,3.874163327147718827e-01,1.668096494658220449e-02
4.062000000000000277e+00,9.000000000000000000e+01,8.961276473049328217e+01,3.872352695067148853e-01,1.656194785262338556e-02
4.062999999999999723e+00,9.000000000000000000e+01,8.961294599384379467e+01,3.870540061561988376e-01,1.644344363456514899e-02
4.064000000000000057e+00,9.000000000000000000e+01,8.961312745581545869e+01,3.868725441845338175e-01,1.632545039079790275e-02
4.065000000000000391e+00,9.000000000000000000e+01,8.961330911489356765e+01,3.866908851064272956e-01,1.620796622566075471e-02
4.065999999999999837e+00,9.000000000000000000e+01,8.961349096956998039e+01,3.865090304300218826e-01,1.609098924942857847e-02
4.067000000000000171e+00,9.000000000000000000e+01,8.961367301834309274e+01,3.863269816569083748e-01,1.597451757830730193e-02
4.068000000000000504e+00,9.000000000000000000e+01,8.961385525971786592e+01,3.861447402821382990e-01,1.585854933441950207e-02
4.068999999999999950e+00,9.000000000000000000e+01,8.961403769220574134e+01,3.859623077942621605e-01,1.574308264578403241e-02
4.070000000000000284e+00,9.000000000000000000e+01,8.961422031432464053e+01,3.857796856753547554e-01,1.562811564630554526e-02
4.070999999999999730e+00,9.000000000000000000e+01,8.961440312459896518e+01,3.855968754010408728e-01,1.551364647576443725e-02
4.072000000000000064e+00,9.000000000000000000e+01,8.961458612155949766e+01,3.854138784405077289e-01,1.539967327980626063e-02
4.073000000000000398e+00,9.000000000000000000e+01,8.961476930374345784e+01,3.852306962565433257e-01,1.528619420992409841e-02
4.073999999999999844e+00,9.000000000000000000e+01,8.961495266969444629e+01,3.850473303055491070e-01,1.517320742345039733e-02
4.075000000000000178e+00,9.000000000000000000e+01,8.961513621796244422e+01,3.848637820375526708e-01,1.506071108354098756e-02
4.076000000000000512e+00,9.000000000000000000e+01,8.961531994710372828e+01,3.846800528962713295e-01,1.494870335915329460e-02
4.076999999999999957e+00,9.000000000000000000e+01,8.961550385568089894e+01,3.844961443190996198e-01,1.483718242505066218e-02
4.078000000000000291e+00,9.000000000000000000e+01,8.961568794226285206e+01,3.843120577371471613e-01,1.472614646178017558e-02
4.078999999999999737e+00,9.000000000000000000e+01,8.961587220542475052e+01,3.841277945752515355e-01,1.461559365566149002e-02
4.080000000000000071e+00,9.000000000000000000e+01,8.961605664374799574e+01,3.839433562520038201e-01,1.450552219876917806e-02
4.081000000000000405e+00,9.000000000000000000e+01,8.961624125582018507e+01,3.837587441798119281e-01,1.439593028891724205e-02
4.081999999999999851e+00,9.000000000000000000e+01,8.961642604023515446e+01,3.835739597648500365e-01,1.428681612966815548e-02
4.083000000000000185e+00,9.000000000000000000e+01,8.961661099559285049e+01,3.833890044071474046e-01,1.417817793029181941e-02
4.084000000000000519e+00,9.000000000000000000e+01,8.961679612049942989e+01,3.832038795005630050e-01,1.407001390577128710e-02
4.084999999999999964e+00,9.000000000000000000e+01,8.961698141356713165e+01,3.830185864328619627e-01,1.396232227677457818e-02
4.086000000000000298e+00,9.000000000000000000e+01,8.961716687341431964e+01,3.828331265856771415e-01,1.385510126966215880e-02
4.086999999999999744e+00,9.000000000000000000e+01,8.961735249866541153e+01,3.826475013345858600e-01,1.374834911645241367e-02
4.088000000000000078e+00,9.000000000000000000e+01,8.961753828795090726e+01,3.824617120490966249e-01,1.364206405482479637e-02
4.089000000000000412e+00,9.000000000000000000e+01,8.961772423990730374e+01,3.822757600927006449e-01,1.353624432809730563e-02
4.089999999999999858e+00,9.000000000000000000e+01,8.961791035317713749e+01,3.820896468228586196e-01,1.343088818522337677e-02
4.091000000000000192e+00,9.000000000000000000e+01,8.961809662640894203e+01,3.819033735910518090e-01,1.332599388076484079e-02
4.092000000000000526e+00,9.000000000000000000e+01,8.961828305825719099e+01,3.817169417428075695e-01,1.322155967488569325e-02
4.092999999999999972e+00,9.000000000000000000e+01,8.961846964738229815e+01,3.815303526176991311e-01,1.311758383334554398e-02
4.094000000000000306e+00,9.000000000000000000e+01,8.961865639245061743e+01,3.813436075493840116e-01,1.301406462747788442e-02
4.094999999999999751e+00,9.000000000000000000e+01,8.961884329213438605e+01,3.811567078656165619e-01,1.291100033418013729e-02
4.096000000000000085e+00,9.000000000000000000e+01,8.961903034511171029e+01,3.809696548882861578e-01,1.280838923589725994e-02
4.097000000000000419e+00,9.000000000000000000e+01,8.961921755006656554e+01,3.807824499334300228e-01,1.270622962061557573e-02
4.097999999999999865e+00,9.000000000000000000e+01,8.961940490568875362e+01,3.805950943112458296e-01,1.260451978184895169e-02
4.099000000000000199e+00,9.000000000000000000e+01,8.961959241067388859e+01,3.804075893261172903e-01,1.250325801861965416e-02
4.099999999999999645e+00,9.000000000000000000e+01,8.961978006372333994e+01,3.802199362766648383e-01,1.240244263544317341e-02
4.100999999999999979e+00,9.000000000000000000e+01,8.961996786354426092e+01,3.800321364557330273e-01,1.230207194233049958e-02
4.102000000000000313e+00,9.000000000000000000e+01,8.962015580884958865e+01,3.798441911504160107e-01,1.220214425476550887e-02
4.102999999999999758e+00,9.000000000000000000e+01,8.962034389835790194e+01,3.796561016420956780e-01,1.210265789368724851e-02
4.104000000000000092e+00,9.000000000000000000e+01,8.962053213079354919e+01,3.794678692064543668e-01,1.200361118548342113e-02
4.105000000000000426e+00,9.000000000000000000e+01,8.962072050488650632e+01,3.792794951134875747e-01,1.190500246197644454e-02
4.105999999999999872e+00,9.000000000000000000e+01,8.962090901937246201e+01,3.790909806275420402e-01,1.180683006040463348e-02
4.107000000000000206e+00,9.000000000000000000e+01,8.962109767299266139e+01,3.789023270073414440e-01,1.170909232341489289e-02
4.107999999999999652e+00,9.000000000000000000e+01,8.962128646449401970e+01,3.787135355059861319e-01,1.161178759905595256e-02
4.108999999999999986e+00,9.000000000000000000e+01,8.962147539262902285e+01,3.785246073709786496e-01,1.151491424075709938e-02
4.110000000000000320e+00,9.000000000000000000e+01,8.962166445615574162e+01,3.783355438442621010e-01,1.141847060731186400e-02
4.110999999999999766e+00,9.000000000000000000e+01,8.962185365383776059e+01,3.781463461622325273e-01,1.132245506287264322e-02
4.112000000000000099e+00,9.000000000000000000e+01,8.962204298444426342e+01,3.779570155557391287e-01,1.122686597693783525e-02
4.113000000000000433e+00,9.000000000000000000e+01,8.962223244674984812e+01,3.777675532501478806e-01,1.113170172432674174e-02
4.113999999999999879e+00,9.000000000000000000e+01,8.962242203953466912e+01,3.775779604653287103e-01,1.103696068518295395e-02
4.115000000000000213e+00,9.000000000000000000e+01,8.962261176158430942e+01,3.773882384156936887e-01,1.094264124495298793e-02
4.115999999999999659e+00,9.000000000000000000e+01,8.962280161168980896e+01,3.771983883101971968e-01,1.084874179437761085e-02
4.116999999999999993e+00,9.000000000000000000e+01,8.962299158864760784e+01,3.770084113523864966e-01,1.075526072946964354e-02
4.118000000000000327e+00,9.000000000000000000e+01,8.962318169125960310e+01,3.768183087404020082e-01,1.066219645151203141e-02
4.118999999999999773e+00,9.000000000000000000e+01,8.962337191833300665e+01,3.766280816669898557e-01,1.056954736704050421e-02
4.120000000000000107e+00,9.000000000000000000e+01,8.962356226868043052e+01,3.764377313195656494e-01,1.047731188782306463e-02
4.121000000000000441e+00,9.000000000000000000e+01,8.962375274111983003e+01,3.762472588801634710e-01,1.038548843086665660e-02
4.121999999999999886e+00,9.000000000000000000e+01,8.962394333447446115e+01,3.760566655255375701e-01,1.029407541837629517e-02
4.123000000000000220e+00,9.000000000000000000e+01,8.962413404757288049e+01,3.758659524271245056e-01,1.020307127777012393e-02
4.123999999999999666e+00,9.000000000000000000e+01,8.962432487924891689e+01,3.756751207510810042e-01,1.011247444165173578e-02
4.125000000000000000e+00,9.000000000000000000e+01,8.962451582834169983e+01,3.754841716582967281e-01,1.002228334779739841e-02
4.126000000000000334e+00,9.000000000000000000e+01,8.962470689369555998e+01,3.752931063044453452e-01,9.932496439138956829e-03
4.126999999999999780e+00,9.000000000000000000e+01,8.962489807416002918e+01,3.751019258399717060e-01,9.843112163765637551e-03
4.128000000000000114e+00,9.000000000000000000e+01,8.962508936858988307e+01,3.749106314101171011e-01,9.754128974902524091e-03
4.129000000000000448e+00,9.000000000000000000e+01,8.962528077584504160e+01,3.747192241549578418e-01,9.665545330894659976e-03
4.129999999999999893e+00,9.000000000000000000e+01,8.962547229479059752e+01,3.745277052094048154e-01,9.577359695202489892e-03
4.131000000000000227e+00,9.000000000000000000e+01,8.962566392429677364e+01,3.743360757032291875e-01,9.489570536383464677e-03
4.131999999999999673e+00,9.000000000000000000e+01,8.962585566323892294e+01,3.741443367610751691e-01,9.402176328078219042e-03
4.133000000000000007e+00,9.000000000000000000e+01,8.962604751049748586e+01,3.739524895025106987e-01,9.315175548993265969e-03
4.134000000000000341e+00,9.000000000000000000e+01,8.962623946495800453e+01,3.737605350420021288e-01,9.228566682902897972e-03
4.134999999999999787e+00,9.000000000000000000e+01,8.962643152551102332e+01,3.735684744889777864e-01,9.142348218620515582e-03
4.136000000000000121e+00,9.000000000000000000e+01,8.962662369105220250e+01,3.733763089478026598e-01,9.056518650000369014e-03
4.137000000000000455e+00,9.000000000000000000e+01,8.962681596048216193e+01,3.731840395178418479e-01,8.971076475908498077e-03
4.137999999999999901e+00,9.000000000000000000e+01,8.962700833270653789e+01,3.729916672934605049e-01,8.886020200224626492e-03
4.139000000000000234e+00,9.000000000000000000e+01,8.962720080663596889e+01,3.727991933640241728e-01,8.801348331827978794e-03
4.139999999999999680e+00,9.000000000000000000e+01,8.962739338118605303e+01,3.726066188139492419e-01,8.717059384572432151e-03
4.141000000000000014e+00,9.000000000000000000e+01,8.962758605527729117e+01,3.724139447227032274e-01,8.633151877283629788e-03
4.142000000000000348e+00,9.000000000000000000e+01,8.962777882783517214e+01,3.722211721648303051e-01,8.549624333741980692e-03
4.142999999999999794e+00,9.000000000000000000e+01,8.962797169779001649e+01,3.720283022099890591e-01,8.466475282670509611e-03
4.144000000000000128e+00,9.000000000000000000e+01,8.962816466407709015e+01,3.718353359229147337e-01,8.383703257733871733e-03
4.145000000000000462e+00,9.000000000000000000e+01,8.962835772563649073e+01,3.716422743635080517e-01,8.301306797500140194e-03
4.145999999999999908e+00,9.000000000000000000e+01,8.962855088141317594e+01,3.714491185868226686e-01,8.219284445451346260e-03
4.147000000000000242e+00,9.000000000000000000e+01,8.962874413035694943e+01,3.712558696430522942e-01,8.137634749968637032e-03
4.147999999999999687e+00,9.000000000000000000e+01,8.962893747142237544e+01,3.710625285776198434e-01,8.056356264299468356e-03
4.149000000000000021e+00,9.000000000000000000e+01,8.962913090356887835e+01,3.708690964311263660e-01,7.975447546571982210e-03
4.150000000000000355e+00,9.000000000000000000e+01,8.962932442576058634e+01,3.706755742394149400e-01,7.894907159760575915e-03
4.150999999999999801e+00,9.000000000000000000e+01,8.962951803696643083e+01,3.704819630335705605e-01,7.814733671684368638e-03
4.152000000000000135e+00,9.000000000000000000e+01,8.962971173616004705e+01,3.702882638399455084e-01,7.734925654991297445e-03
4.153000000000000469e+00,9.000000000000000000e+01,8.962990552231983088e+01,3.700944776801720626e-01,7.655481687147313447e-03
4.153999999999999915e+00,9.000000000000000000e+01,8.963009939442881091e+01,3.699006055711880347e-01,7.576400350421817059e-03
4.155000000000000249e+00,9.000000000000000000e+01,8.963029335147474796e+01,3.697066485252495371e-01,7.497680231877520279e-03
4.155999999999999694e+00,9.000000000000000000e+01,8.963048739245004981e+01,3.695126075499435836e-01,7.419319923356457874e-03
4.157000000000000028e+00,9.000000000000000000e+01,8.963068151635177117e+01,3.693184836482262257e-01,7.341318021463167504e-03
4.158000000000000362e+00,9.000000000000000000e+01,8.963087572218158527e+01,3.691242778184100071e-01,7.263673127560790060e-03
4.158999999999999808e+00,9.000000000000000000e+01,8.963107000894578391e+01,3.689299910542146455e-01,7.186383847746450476e-03
4.160000000000000142e+00,9.000000000000000000e+01,8.963126437565522053e+01,3.687356243447800219e-01,7.109448792849550752e-03
4.161000000000000476e+00,9.000000000000000000e+01,8.963145882132535291e+01,3.685411786746531360e-01,7.032866578423693088e-03
4.161999999999999922e+00,9.000000000000000000e+01,8.963165334497617209e+01,3.683466550238265191e-01,6.956635824719118594e-03
4.163000000000000256e+00,9.000000000000000000e+01,8.963184794563221658e+01,3.681520543677763158e-01,6.880755156671764655e-03
4.163999999999999702e+00,9.000000000000000000e+01,8.963204262232254393e+01,3.679573776774495153e-01,6.805223203903729839e-03
4.165000000000000036e+00,9.000000000000000000e+01,8.963223737408070235e+01,3.677626259193021441e-01,6.730038600701707813e-03
4.166000000000000369e+00,9.000000000000000000e+01,8.963243219994471644e+01,3.675678000552866087e-01,6.655199986010520291e-03
4.166999999999999815e+00,9.000000000000000000e+01,8.963262709895708724e+01,3.673729010429153674e-01,6.580706003406742305e-03
4.168000000000000149e+00,9.000000000000000000e+01,8.963282207016476377e+01,3.671779298352351173e-01,6.506555301103677386e-03
4.169000000000000483e+00,9.000000000000000000e+01,8.963301711261912885e+01,3.669828873808654857e-01,6.432746531925676720e-03
4.169999999999999929e+00,9.000000000000000000e+01,8.963321222537597066e+01,3.667877746240240655e-01,6.359278353298778580e-03
4.171000000000000263e+00,9.000000000000000000e+01,8.963340740749546853e+01,3.665925925045265821e-01,6.286149427245094762e-03
4.171999999999999709e+00,9.000000000000000000e+01,8.963360265804219296e+01,3.663973419578123170e-01,6.213358420364894358e-03
4.173000000000000043e+00,9.000000000000000000e+01,8.963379797608503452e+01,3.662020239149696432e-01,6.140904003825217033e-03
4.174000000000000377e+00,9.000000000000000000e+01,8.963399336069727497e+01,3.660066393027230913e-01,6.068784853352927194e-03
4.174999999999999822e+00,9.000000000000000000e+01,8.963418881095653035e+01,3.658111890434717073e-01,5.996999649208644562e-03
4.176000000000000156e+00,9.000000000000000000e+01,8.963438432594466576e+01,3.656156740553270779e-01,5.925547076177196254e-03
4.177000000000000490e+00,9.000000000000000000e+01,8.963457990474789483e+01,3.654200952521007850e-01,5.854425823569393145e-03
4.177999999999999936e+00,9.000000000000000000e+01,8.963477554645668022e+01,3.652244535433169514e-01,5.783634585202441364e-03
4.179000000000000270e+00,9.000000000000000000e+01,8.963497125016574785e+01,3.650287498342504877e-01,5.713172059379992979e-03
4.179999999999999716e+00,9.000000000000000000e+01,8.963516701497405847e+01,3.648329850259398044e-01,5.643036948886754472e-03
4.181000000000000050e+00,9.000000000000000000e+01,8.963536283998480769e+01,3.646371600151868675e-01,5.573227960978945766e-03
4.182000000000000384e+00,9.000000000000000000e+01,8.963555872430539750e+01,3.644412756946078802e-01,5.503743807363740276e-03
4.182999999999999829e+00,9.000000000000000000e+01,8.963575466704740791e+01,3.642453329525955352e-01,5.434583204201693524e-03
4.184000000000000163e+00,9.000000000000000000e+01,8.963595066732661110e+01,3.640493326733947876e-01,5.365744872072208266e-03
4.185000000000000497e+00,9.000000000000000000e+01,8.963614672426291463e+01,3.638532757370778747e-01,5.297227535981021557e-03
4.185999999999999943e+00,9.000000000000000000e+01,8.963634283698041827e+01,3.636571630195823412e-01,5.229029925337001089e-03
4.187000000000000277e+00,9.000000000000000000e+01,8.963653900460727186e+01,3.634609953927235848e-01,5.161150773945088338e-03
4.187999999999999723e+00,9.000000000000000000e+01,8.963673522627580326e+01,3.632647737241951336e-01,5.093588819995473888e-03
4.189000000000000057e+00,9.000000000000000000e+01,8.963693150112239039e+01,3.630684988776066158e-01,5.026342806042725236e-03
4.190000000000000391e+00,9.000000000000000000e+01,8.963712782828748971e+01,3.628721717125092949e-01,4.959411479000506301e-03
4.190999999999999837e+00,9.000000000000000000e+01,8.963732420691563618e+01,3.626757930843579336e-01,4.892793590139523502e-03
4.192000000000000171e+00,9.000000000000000000e+01,8.963752063615541488e+01,3.624793638445869548e-01,4.826487895050624727e-03
4.193000000000000504e+00,9.000000000000000000e+01,8.963771711515938989e+01,3.622828848406107194e-01,4.760493153650600245e-03
4.193999999999999950e+00,9.000000000000000000e+01,8.963791364308418963e+01,3.620863569158104256e-01,4.694808130173307864e-03
4.195000000000000284e+00,9.000000000000000000e+01,8.963811021909042154e+01,3.618897809095726892e-01,4.629431593142805529e-03
4.195999999999999730e+00,9.000000000000000000e+01,8.963830684234267210e+01,3.616931576573274021e-01,4.564362315364122596e-03
4.197000000000000064e+00,9.000000000000000000e+01,8.963850351200947841e+01,3.614964879905225303e-01,4.499599073926181109e-03
4.198000000000000398e+00,9.000000000000000000e+01,8.963870022726334241e+01,3.612997727366619727e-01,4.435140650176045557e-03
4.198999999999999844e+00,9.000000000000000000e+01,8.963889698728067401e+01,3.611030127193186612e-01,4.370985829710374165e-03
4.200000000000000178e+00,9.000000000000000000e+01,8.963909379124184795e+01,3.609062087581468847e-01,4.307133402364115432e-03
4.201000000000000512e+00,9.000000000000000000e+01,8.963929063833109012e+01,3.607093616689081017e-01,4.243582162197199331e-03
4.201999999999999957e+00,9.000000000000000000e+01,8.963948752773654860e+01,3.605124722634579504e-01,4.180330907487501274e-03
4.203000000000000291e+00,9.000000000000000000e+01,8.963968445865019419e+01,3.603155413498099757e-01,4.117378440705730253e-03
4.203999999999999737e+00,9.000000000000000000e+01,8.963988143026790567e+01,3.601185697320974377e-01,4.054723568522395488e-03
4.205000000000000071e+00,9.000000000000000000e+01,8.964007844178935613e+01,3.599215582106369826e-01,3.992365101777719388e-03
4.206000000000000405e+00,9.000000000000000000e+01,8.964027549241808401e+01,3.597245075819158755e-01,3.930301855485342916e-03
4.206999999999999851e+00,9.000000000000000000e+01,8.964047258136140783e+01,3.595274186385918891e-01,3.868532648814804881e-03
4.208000000000000185e+00,9.000000000000000000e+01,8.964066970783042620e+01,3.593302921695697982e-01,3.807056305066797847e-03
4.209000000000000519e+00,9.000000000000000000e+01,8.964086687104006046e+01,3.591331289599377641e-01,3.745871651688072873e-03
4.209999999999999964e+00,9.000000000000000000e+01,8.964106407020895517e+01,3.589359297910435509e-01,3.684977520232241704e-03
4.211000000000000298e+00,9.000000000000000000e+01,8.964126130455952080e+01,3.587386954404819250e-01,3.624372746364543790e-03
4.211999999999999744e+00,9.000000000000000000e+01,8.964145857331787681e+01,3.585414266821199680e-01,3.564056169845435801e-03
4.213000000000000078e+00,9.000000000000000000e+01,8.964165587571389437e+01,3.583441242861098996e-01,3.504026634521786171e-03
4.214000000000000412e+00,9.000000000000000000e+01,8.964185321098111103e+01,3.581467890188890779e-01,3.444282988315627153e-03
4.214999999999999858e+00,9.000000000000000000e+01,8.964205057835678758e+01,3.579494216432054787e-01,3.384824083204122230e-03
4.216000000000000192e+00,9.000000000000000000e+01,8.964224797708183701e+01,3.577520229181556100e-01,3.325648775208345925e-03
4.217000000000000526e+00,9.000000000000000000e+01,8.964244540640083869e+01,3.575545935991594204e-01,3.266755924395476490e-03
4.217999999999999972e+00,9.000000000000000000e+01,8.964264286556199579e+01,3.573571344379982695e-01,3.208144394853350984e-03
4.219000000000000306e+00,9.000000000000000000e+01,8.964284035381716365e+01,3.571596461828404068e-01,3.149813054682846364e-03
4.219999999999999751e+00,9.000000000000000000e+01,8.964303787042177873e+01,3.569621295782154924e-01,3.091760775995416183e-03
4.221000000000000085e+00,9.000000000000000000e+01,8.964323541463492973e+01,3.567645853650655563e-01,3.033986434884412137e-03
4.222000000000000419e+00,9.000000000000000000e+01,8.964343298571924379e+01,3.565670142807577103e-01,2.976488911422849742e-03
4.222999999999999865e+00,9.000000000000000000e+01,8.964363058294092923e+01,3.563694170590712695e-01,2.919267089657288233e-03
4.224000000000000199e+00,9.000000000000000000e+01,8.964382820556974707e+01,3.561717944302489336e-01,2.862319857584071786e-03
4.224999999999999645e+00,9.000000000000000000e+01,8.964402585287902525e+01,3.559741471209711405e-01,2.805646107150911589e-03
4.225999999999999979e+00,9.000000000000000000e+01,8.964422352414557338e+01,3.557764758544196271e-01,2.749244734230899684e-03
4.227000000000000313e+00,9.000000000000000000e+01,8.964442121864976798e+01,3.555787813502266914e-01,2.693114638629954399e-03
4.227999999999999758e+00,9.000000000000000000e+01,8.964461893567545303e+01,3.553810643245515766e-01,2.637254724050411975e-03
4.229000000000000092e+00,9.000000000000000000e+01,8.964481667450992575e+01,3.551833254900673698e-01,2.581663898098388726e-03
4.230000000000000426e+00,9.000000000000000000e+01,8.964501443444402184e+01,3.549855655559742695e-01,2.526341072269965710e-03
4.230999999999999872e+00,9.000000000000000000e+01,8.964521221477198765e+01,3.547877852280119093e-01,2.471285161937116642e-03
4.232000000000000206e+00,9.000000000000000000e+01,8.964541001479150850e+01,3.545899852084848924e-01,2.416495086333726033e-03
4.232999999999999652e+00,9.000000000000000000e+01,8.964560783380372300e+01,3.543921661962756153e-01,2.361969768549240095e-03
4.233999999999999986e+00,9.000000000000000000e+01,8.964580567111316611e+01,3.541943288868313888e-01,2.307708135519791898e-03
4.235000000000000320e+00,9.000000000000000000e+01,8.964600352602778344e+01,3.539964739722155085e-01,2.253709118003290740e-03
4.235999999999999766e+00,9.000000000000000000e+01,8.964620139785890274e+01,3.537986021410943760e-01,2.199971650580150734e-03
4.237000000000000099e+00,9.000000000000000000e+01,8.964639928592121976e+01,3.536007140787758019e-01,2.146494671634854162e-03
4.238000000000000433e+00,9.000000000000000000e+01,8.964659718953279821e+01,3.534028104671960713e-01,2.093277123354077979e-03
4.238999999999999879e+00,9.000000000000000000e+01,8.964679510801504136e+01,3.532048919849584134e-01,2.040317951706577954e-03
4.240000000000000213e+00,9.000000000000000000e+01,8.964699304069267782e+01,3.530069593073199563e-01,1.987616106439906577e-03
4.240999999999999659e+00,9.000000000000000000e+01,8.964719098689377574e+01,3.528090131062301404e-01,1.935170541059422905e-03
4.241999999999999993e+00,9.000000000000000000e+01,8.964738894594965757e+01,3.526110540503433755e-01,1.882980212824802296e-03
4.243000000000000327e+00,9.000000000000000000e+01,8.964758691719499950e+01,3.524130828049935604e-01,1.831044082743513851e-03
4.243999999999999773e+00,9.000000000000000000e+01,8.964778489996773203e+01,3.522151000322703007e-01,1.779361115540393362e-03
4.245000000000000107e+00,9.000000000000000000e+01,8.964798289360902572e+01,3.520171063909683373e-01,1.727930279669682295e-03
4.246000000000000441e+00,9.000000000000000000e+01,8.964818089746333385e+01,3.518191025366635416e-01,1.676750547282623155e-03
4.246999999999999886e+00,9.000000000000000000e+01,8.964837891087833555e+01,3.516210891216622891e-01,1.625820894238360487e-03
4.248000000000000220e+00,9.000000000000000000e+01,8.964857693320492160e+01,3.514230667950775655e-01,1.575140300070474592e-03
4.248999999999999666e+00,9.000000000000000000e+01,8.964877496379722288e+01,3.512250362027783401e-01,1.524707747997514767e-03
4.250000000000000000e+00,9.000000000000000000e+01,8.964897300201253927e+01,3.510269979874655610e-01,1.474522224889359551e-03
4.251000000000000334e+00,9.000000000000000000e+01,8.964917104721135388e+01,3.508289527886470083e-01,1.424582721277465464e-03
4.251999999999999780e+00,9.000000000000000000e+01,8.964936909875734727e+01,3.506309012426499505e-01,1.374888231336166694e-03
4.253000000000000114e+00,9.000000000000000000e+01,8.964956715601735482e+01,3.504328439826464581e-01,1.325437752866132773e-03
4.254000000000000448e+00,9.000000000000000000e+01,8.964976521836135248e+01,3.502347816386535695e-01,1.276230287286784365e-03
4.254999999999999893e+00,9.000000000000000000e+01,8.964996328516241419e+01,3.500367148375839732e-01,1.227264839620160336e-03
4.256000000000000227e+00,9.000000000000000000e+01,8.965016135579679712e+01,3.498386442032080934e-01,1.178540418498696257e-03
4.256999999999999673e+00,9.000000000000000000e+01,8.965035942964381377e+01,3.496405703561793477e-01,1.130056036137399439e-03
4.258000000000000007e+00,9.000000000000000000e+01,8.965055750608591723e+01,3.494424939140852171e-01,1.081810708318569486e-03
4.259000000000000341e+00,9.000000000000000000e+01,8.965075558450857329e+01,3.492444154914214893e-01,1.033803454400263749e-03
4.259999999999999787e+00,9.000000000000000000e+01,8.965095366430038837e+01,3.490463356996053035e-01,9.860332972966394383e-04
4.261000000000000121e+00,9.000000000000000000e+01,8.965115174485299576e+01,3.488482551470004078e-01,9.384992634609116979e-04
4.262000000000000455e+00,9.000000000000000000e+01,8.965134982556106991e+01,3.486501744389300383e-01,8.912003828777208259e-04
4.262999999999999901e+00,9.000000000000000000e+01,8.965154790582231215e+01,3.484520941776894642e-01,8.441356890547570269e-04
4.264000000000000234e+00,9.000000000000000000e+01,8.965174598503745074e+01,3.482540149625459880e-01,7.973042190137606677e-04
4.264999999999999680e+00,9.000000000000000000e+01,8.965194406261024085e+01,3.480559373897646469e-01,7.507050132737093373e-04
4.266000000000000014e+00,9.000000000000000000e+01,8.965214213794737930e+01,3.478578620526205922e-01,7.043371158434140467e-04
4.267000000000000348e+00,9.000000000000000000e+01,8.965234021045860402e+01,3.476597895413994221e-01,6.581995742134839900e-04
4.267999999999999794e+00,9.000000000000000000e+01,8.965253827955656618e+01,3.474617204434350404e-01,6.122914393401727995e-04
4.269000000000000128e+00,9.000000000000000000e+01,8.965273634465691543e+01,3.472636553430843431e-01,5.666117656460516183e-04
4.270000000000000462e+00,9.000000000000000000e+01,8.965293440517822887e+01,3.470655948217655218e-01,5.211596109953135769e-04
4.270999999999999908e+00,9.000000000000000000e+01,8.965313246054202523e+01,3.468675394579705529e-01,4.759340366883683948e-04
4.272000000000000242e+00,9.000000000000000000e+01,8.965333051017273647e+01,3.466694898272653647e-01,4.309341074554932927e-04
4.272999999999999687e+00,9.000000000000000000e+01,8.965352855349769357e+01,3.464714465023024381e-01,3.861588914417478369e-04
4.274000000000000021e+00,9.000000000000000000e+01,8.965372658994715493e+01,3.462734100528463421e-01,3.416074601941300470e-04
4.275000000000000355e+00,9.000000000000000000e+01,8.965392461895422116e+01,3.460753810457737334e-01,2.972788886568648870e-04
4.275999999999999801e+00,9.000000000000000000e+01,8.965412263995490605e+01,3.458773600450986696e-01,2.531722551582619996e-04
4.277000000000000135e+00,9.000000000000000000e+01,8.965432065238803716e+01,3.456793476119600639e-01,2.092866414061290981e-04
4.278000000000000469e+00,9.000000000000000000e+01,8.965451865569534107e+01,3.454813443046598209e-01,1.656211324670801843e-04
4.278999999999999915e+00,9.000000000000000000e+01,8.965471664932134388e+01,3.452833506786499029e-01,1.221748167643359195e-04
4.280000000000000249e+00,9.000000000000000000e+01,8.965491463271342809e+01,3.450853672865709099e-01,7.894678605871799371e-05
4.280999999999999694e+00,9.000000000000000000e+01,8.965511260532174731e+01,3.448873946782515798e-01,3.593613544777482516e-05
4.282000000000000028e+00,9.000000000000000000e+01,8.965531056659929732e+01,3.446894334006965210e-01,-6.858036645015358479e-06
4.283000000000000362e+00,9.000000000000000000e+01,8.965550851600184501e+01,3.444914839981494392e-01,-4.943662849483596022e-05
4.283999999999999808e+00,9.000000000000000000e+01,8.965570645298794261e+01,3.442935470120552788e-01,-9.180053506569266220e-05
4.285000000000000142e+00,9.000000000000000000e+01,8.965590437701889925e+01,3.440956229810982481e-01,-1.339506480356085494e-04
4.286000000000000476e+00,9.000000000000000000e+01,8.965610228755878097e+01,3.438977124412144759e-01,-1.758878558016686855e-04
4.286999999999999922e+00,9.000000000000000000e+01,8.965630018407441071e+01,3.436998159255921781e-01,-2.176130434860500118e-04
4.288000000000000256e+00,9.000000000000000000e+01,8.965649806603531147e+01,3.435019339646843139e-01,-2.591270929499754627e-04
4.288999999999999702e+00,9.000000000000000000e+01,8.965669593291377737e+01,3.433040670862211874e-01,-3.004308828056627412e-04
4.290000000000000036e+00,9.000000000000000000e+01,8.965689378418475997e+01,3.431062158152360375e-01,-3.415252884270934819e-04
4.291000000000000369e+00,9.000000000000000000e+01,8.965709161932595350e+01,3.429083806740522711e-01,-3.824111819521781863e-04
4.291999999999999815e+00,9.000000000000000000e+01,8.965728943781769544e+01,3.427105621823089421e-01,-4.230894323014981750e-04
4.293000000000000149e+00,9.000000000000000000e+01,8.965748723914303753e+01,3.425127608569606408e-01,-4.635609051860771490e-04
4.294000000000000483e+00,9.000000000000000000e+01,8.965768502278768892e+01,3.423149772123158519e-01,-5.038264631223900170e-04
4.294999999999999929e+00,9.000000000000000000e+01,8.965788278823997359e+01,3.421172117600240203e-01,-5.438869654300730605e-04
4.296000000000000263e+00,9.000000000000000000e+01,8.965808053499091557e+01,3.419194650090883192e-01,-5.837432682472727674e-04
4.296999999999999709e+00,9.000000000000000000e+01,8.965827826253412525e+01,3.417217374658786389e-01,-6.233962245435382965e-04
4.298000000000000043e+00,9.000000000000000000e+01,8.965847597036585626e+01,3.415240296341438553e-01,-6.628466841306114576e-04
4.299000000000000377e+00,9.000000000000000000e+01,8.965867365798496280e+01,3.413263420150375871e-01,-7.020954936723701467e-04
4.299999999999999822e+00,9.000000000000000000e+01,8.965887132489291389e+01,3.411286751070927714e-01,-7.411434966858136686e-04
4.301000000000000156e+00,9.000000000000000000e+01,8.965906897059370806e+01,3.409310294062850577e-01,-7.799915335663203109e-04
4.302000000000000490e+00,9.000000000000000000e+01,8.965926659459401549e+01,3.407334054059821260e-01,-8.186404415772736975e-04
4.302999999999999936e+00,9.000000000000000000e+01,8.965946419640299325e+01,3.405358035970071362e-01,-8.570910548820788455e-04
4.304000000000000270e+00,9.000000000000000000e+01,8.965966177553238481e+01,3.403382244676134150e-01,-8.953442045383543102e-04
4.304999999999999716e+00,9.000000000000000000e+01,8.965985933149647735e+01,3.401406685035225363e-01,-9.334007185181868171e-04
4.306000000000000050e+00,9.000000000000000000e+01,8.966005686381207340e+01,3.399431361879243774e-01,-9.712614217091720958e-04
4.307000000000000384e+00,9.000000000000000000e+01,8.966025437199851922e+01,3.397456280014771179e-01,-1.008927135924254231e-03
4.307999999999999829e+00,9.000000000000000000e+01,8.966045185557766217e+01,3.395481444223325540e-01,-1.046398679917698998e-03
4.309000000000000163e+00,9.000000000000000000e+01,8.966064931407386496e+01,3.393506859261363751e-01,-1.083676869390693548e-03
4.310000000000000497e+00,9.000000000000000000e+01,8.966084674701396295e+01,3.391532529860404876e-01,-1.120762517004301323e-03
4.310999999999999943e+00,9.000000000000000000e+01,8.966104415392726423e+01,3.389558460727289391e-01,-1.157656432390029994e-03
4.312000000000000277e+00,9.000000000000000000e+01,8.966124153434559219e+01,3.387584656544047612e-01,-1.194359422151427402e-03
4.312999999999999723e+00,9.000000000000000000e+01,8.966143888780318605e+01,3.385611121968157278e-01,-1.230872289881761866e-03
4.314000000000000057e+00,9.000000000000000000e+01,8.966163621383672933e+01,3.383637861632667332e-01,-1.267195836170253304e-03
4.315000000000000391e+00,9.000000000000000000e+01,8.966183351198539242e+01,3.381664880146075802e-01,-1.303330858608193338e-03
4.315999999999999837e+00,9.000000000000000000e+01,8.966203078179073316e+01,3.379692182092706165e-01,-1.339278151809421974e-03
4.317000000000000171e+00,9.000000000000000000e+01,8.966222802279672521e+01,3.377719772032710677e-01,-1.375038507411174143e-03
4.318000000000000504e+00,9.000000000000000000e+01,8.966242523454978652e+01,3.375747654502069817e-01,-1.410612714083634561e-03
4.318999999999999950e+00,9.000000000000000000e+01,8.966262241659870824e+01,3.373775834012844310e-01,-1.446001557545529420e-03
4.320000000000000284e+00,9.000000000000000000e+01,8.966281956849466894e+01,3.371804315053306689e-01,-1.481205820568657489e-03
4.320999999999999730e+00,9.000000000000000000e+01,8.966301668979122041e+01,3.369833102087810839e-01,-1.516226282982615498e-03
4.322000000000000064e+00,9.000000000000000000e+01,8.966321378004430187e+01,3.367862199557046798e-01,-1.551063721694233982e-03
4.323000000000000398e+00,9.000000000000000000e+01,8.966341083881216889e+01,3.365891611878296108e-01,-1.585718910695119860e-03
4.323999999999999844e+00,9.000000000000000000e+01,8.966360786565547869e+01,3.363921343445177015e-01,-1.620192621060393551e-03
4.325000000000000178e+00,9.000000000000000000e+01,8.966380486013719064e+01,3.361951398628026388e-01,-1.654485620971733045e-03
4.326000000000000512e+00,9.000000000000000000e+01,8.966400182182262313e+01,3.359981781773772047e-01,-1.688598675719518022e-03
4.326999999999999957e+00,9.000000000000000000e+01,8.966419875027935404e+01,3.358012497206440683e-01,-1.722532547720558721e-03
4.328000000000000291e+00,9.000000000000000000e+01,8.966439564507733451e+01,3.356043549226652156e-01,-1.756287996509137833e-03
4.328999999999999737e+00,9.000000000000000000e+01,8.966459250578876095e+01,3.354074942112379443e-01,-1.789865778769123700e-03
4.330000000000000071e+00,9.000000000000000000e+01,8.966478933198816037e+01,3.352106680118441262e-01,-1.823266648320349265e-03
4.331000000000000405e+00,9.000000000000000000e+01,8.966498612325230511e+01,3.350138767477011115e-01,-1.856491356147235011e-03
4.331999999999999851e+00,9.000000000000000000e+01,8.966518287916025542e+01,3.348171208397489051e-01,-1.889540650397560778e-03
4.333000000000000185e+00,9.000000000000000000e+01,8.966537959929331691e+01,3.346204007066758135e-01,-1.922415276397446832e-03
4.334000000000000519e+00,9.000000000000000000e+01,8.966557628323508311e+01,3.344237167649181108e-01,-1.955115976655440874e-03
4.334999999999999964e+00,9.000000000000000000e+01,8.966577293057133602e+01,3.342270694286604282e-01,-1.987643490873523128e-03
4.336000000000000298e+00,9.000000000000000000e+01,8.966596954089011717e+01,3.340304591098863241e-01,-2.019998555963398862e-03
4.336999999999999744e+00,9.000000000000000000e+01,8.966616611378167079e+01,3.338338862183276023e-01,-2.052181906036263520e-03
4.338000000000000078e+00,9.000000000000000000e+01,8.966636264883847218e+01,3.336373511615278731e-01,-2.084194272433826517e-03
4.339000000000000412e+00,9.000000000000000000e+01,8.966655914565518515e+01,3.334408543448169060e-01,-2.116036383720949071e-03
4.339999999999999858e+00,9.000000000000000000e+01,8.966675560382866195e+01,3.332443961713364433e-01,-2.147708965703629819e-03
4.341000000000000192e+00,9.000000000000000000e+01,8.966695202295797174e+01,3.330479770420272101e-01,-2.179212741435090223e-03
4.342000000000000526e+00,9.000000000000000000e+01,8.966714840264430109e+01,3.328515973556925855e-01,-2.210548431235383887e-03
4.342999999999999972e+00,9.000000000000000000e+01,8.966734474249106768e+01,3.326552575089349872e-01,-2.241716752676130991e-03
4.344000000000000306e+00,9.000000000000000000e+01,8.966754104210377818e+01,3.324589578962195424e-01,-2.272718420615337659e-03
4.344999999999999751e+00,9.000000000000000000e+01,8.966773730109012774e+01,3.322626989098740879e-01,-2.303554147192427709e-03
4.346000000000000085e+00,9.000000000000000000e+01,8.966793351905992893e+01,3.320664809400762918e-01,-2.334224641832912533e-03
4.347000000000000419e+00,9.000000000000000000e+01,8.966812969562514013e+01,3.318703043748665316e-01,-2.364730611267146926e-03
4.347999999999999865e+00,9.000000000000000000e+01,8.966832583039980875e+01,3.316741696001860862e-01,-2.395072759544033397e-03
4.349000000000000199e+00,9.000000000000000000e+01,8.966852192300014224e+01,3.314780769998642573e-01,-2.425251788026248218e-03
4.350000000000000533e+00,9.000000000000000000e+01,8.966871797304438019e+01,3.312820269556185360e-01,-2.455268395402280396e-03
4.350999999999999979e+00,9.000000000000000000e+01,8.966891398015292225e+01,3.310860198470799154e-01,-2.485123277702876859e-03
4.352000000000000313e+00,9.000000000000000000e+01,8.966910994394820023e+01,3.308900560518056588e-01,-2.514817128305379262e-03
4.352999999999999758e+00,9.000000000000000000e+01,8.966930586405472070e+01,3.306941359452792994e-01,-2.544350637937429355e-03
4.354000000000000092e+00,9.000000000000000000e+01,8.966950174009909347e+01,3.304982599009107513e-01,-2.573724494687155279e-03
4.355000000000000426e+00,9.000000000000000000e+01,8.966969757170994626e+01,3.303024282900487996e-01,-2.602939384018451013e-03
4.355999999999999872e+00,9.000000000000000000e+01,8.966989335851799581e+01,3.301066414820068018e-01,-2.631995988781703905e-03
4.357000000000000206e+00,9.000000000000000000e+01,8.967008910015593415e+01,3.299108998440624108e-01,-2.660894989214342837e-03
4.357999999999999652e+00,9.000000000000000000e+01,8.967028479625854231e+01,3.297152037414578518e-01,-2.689637062948984497e-03
4.358999999999999986e+00,9.000000000000000000e+01,8.967048044646257665e+01,3.295195535374251805e-01,-2.718222885026742169e-03
4.360000000000000320e+00,9.000000000000000000e+01,8.967067605040682565e+01,3.293239495931736260e-01,-2.746653127899460062e-03
4.360999999999999766e+00,9.000000000000000000e+01,8.967087160773209575e+01,3.291283922679023588e-01,-2.774928461446255629e-03
4.362000000000000099e+00,9.000000000000000000e+01,8.967106711808115449e+01,3.289328819188384601e-01,-2.803049552985496101e-03
4.363000000000000433e+00,9.000000000000000000e+01,8.967126258109880155e+01,3.287374189011990633e-01,-2.831017067268241233e-03
4.363999999999999879e+00,9.000000000000000000e+01,8.967145799643174087e+01,3.285420035682547479e-01,-2.858831666503771490e-03
4.365000000000000213e+00,9.000000000000000000e+01,8.967165336372872275e+01,3.283466362712786357e-01,-2.886494010347549072e-03
4.365999999999999659e+00,9.000000000000000000e+01,8.967184868264040176e+01,3.281513173595974608e-01,-2.914004755930319629e-03
4.366999999999999993e+00,9.000000000000000000e+01,8.967204395281942197e+01,3.279560471805786914e-01,-2.941364557856190193e-03
4.368000000000000327e+00,9.000000000000000000e+01,8.967223917392034593e+01,3.277608260796559536e-01,-2.968574068216090628e-03
4.368999999999999773e+00,9.000000000000000000e+01,8.967243434559966886e+01,3.275656544003292536e-01,-2.995633936589869178e-03
4.370000000000000107e+00,9.000000000000000000e+01,8.967262946751583286e+01,3.273705324841645892e-01,-3.022544810055181191e-03
4.371000000000000441e+00,9.000000000000000000e+01,8.967282453932919850e+01,3.271754606708071611e-01,-3.049307333201026898e-03
4.371999999999999886e+00,9.000000000000000000e+01,8.967301956070198798e+01,3.269804392980062979e-01,-3.075922148137257700e-03
4.373000000000000220e+00,9.000000000000000000e+01,8.967321453129839881e+01,3.267854687016032433e-01,-3.102389894493715744e-03
4.373999999999999666e+00,9.000000000000000000e+01,8.967340945078446168e+01,3.265905492155434797e-01,-3.128711209434340695e-03
4.375000000000000000e+00,9.000000000000000000e+01,8.967360431882811156e+01,3.263956811718896622e-01,-3.154886727666925822e-03
4.376000000000000334e+00,9.000000000000000000e+01,8.967379913509917344e+01,3.262008649008214523e-01,-3.180917081449807088e-03
4.376999999999999780e+00,9.000000000000000000e+01,8.967399389926931974e+01,3.260061007306739311e-01,-3.206802900603728662e-03
4.378000000000000114e+00,9.000000000000000000e+01,8.967418861101211291e+01,3.258113889878865299e-01,-3.232544812505091375e-03
4.379000000000000448e+00,9.000000000000000000e+01,8.967438327000292020e+01,3.256167299970793572e-01,-3.258143442118357352e-03
4.379999999999999893e+00,9.000000000000000000e+01,8.967457787591899887e+01,3.254221240810023508e-01,-3.283599411980888533e-03
4.381000000000000227e+00,9.000000000000000000e+01,8.967477242843941099e+01,3.252275715605862372e-01,-3.308913342229571203e-03
4.381999999999999673e+00,9.000000000000000000e+01,8.967496692724506602e+01,3.250330727549296528e-01,-3.334085850596860828e-03
4.383000000000000007e+00,9.000000000000000000e+01,8.967516137201869242e+01,3.248386279813120781e-01,-3.359117552422154901e-03
4.384000000000000341e+00,9.000000000000000000e+01,8.967535576244479500e+01,3.246442375552063830e-01,-3.384009060659855933e-03
4.384999999999999787e+00,9.000000000000000000e+01,8.967555009820974021e+01,3.244499017902660598e-01,-3.408760985884277256e-03
4.386000000000000121e+00,9.000000000000000000e+01,8.967574437900164241e+01,3.242556209983509241e-01,-3.433373936307913127e-03
4.387000000000000455e+00,9.000000000000000000e+01,8.967593860451046339e+01,3.240613954895396054e-01,-3.457848517785949011e-03
4.387999999999999901e+00,9.000000000000000000e+01,8.967613277442785602e+01,3.238672255721423698e-01,-3.482185333819231426e-03
4.389000000000000234e+00,9.000000000000000000e+01,8.967632688844733480e+01,3.236731115526628177e-01,-3.506384985555732053e-03
4.389999999999999680e+00,9.000000000000000000e+01,8.967652094626411952e+01,3.234790537358745444e-01,-3.530448071820953965e-03
4.391000000000000014e+00,9.000000000000000000e+01,8.967671494757523476e+01,3.232850524247697921e-01,-3.554375189101340732e-03
4.392000000000000348e+00,9.000000000000000000e+01,8.967690889207938199e+01,3.230911079206107983e-01,-3.578166931569353587e-03
4.392999999999999794e+00,9.000000000000000000e+01,8.967710277947711006e+01,3.228972205228912706e-01,-3.601823891078211742e-03
4.394000000000000128e+00,9.000000000000000000e+01,8.967729660947060211e+01,3.227033905294002247e-01,-3.625346657187267924e-03
4.395000000000000462e+00,9.000000000000000000e+01,8.967749038176381760e+01,3.225096182361836261e-01,-3.648735817149379584e-03
4.395999999999999908e+00,9.000000000000000000e+01,8.967768409606243551e+01,3.223159039375700363e-01,-3.671991955931309254e-03
4.397000000000000242e+00,9.000000000000000000e+01,8.967787775207382595e+01,3.221222479261704463e-01,-3.695115656219636474e-03
4.397999999999999687e+00,9.000000000000000000e+01,8.967807134950709269e+01,3.219286504929039228e-01,-3.718107498431936359e-03
4.399000000000000021e+00,9.000000000000000000e+01,8.967826488807300223e+01,3.217351119269973303e-01,-3.740968060716335503e-03
4.400000000000000355e+00,9.000000000000000000e+01,8.967845836748402633e+01,3.215416325159727862e-01,-3.763697918957659844e-03
4.400999999999999801e+00,9.000000000000000000e+01,8.967865178745432786e+01,3.213482125456731398e-01,-3.786297646796211308e-03
4.402000000000000135e+00,9.000000000000000000e+01,8.967884514769971815e+01,3.211548523002745736e-01,-3.808767815632437687e-03
4.403000000000000469e+00,9.000000000000000000e+01,8.967903844793771384e+01,3.209615520622866591e-01,-3.831108994629590231e-03
4.403999999999999915e+00,9.000000000000000000e+01,8.967923168788745159e+01,3.207683121125524117e-01,-3.853321750721904609e-03
4.405000000000000249e+00,9.000000000000000000e+01,8.967942486726974494e+01,3.205751327302609477e-01,-3.875406648627215817e-03
4.405999999999999694e+00,9.000000000000000000e+01,8.967961798580702748e+01,3.203820141929728527e-01,-3.897364250854646467e-03
4.407000000000000028e+00,9.000000000000000000e+01,8.967981104322340968e+01,3.201889567765948685e-01,-3.919195117701747971e-03
4.408000000000000362e+00,9.000000000000000000e+01,8.968000403924459363e+01,3.199959607554053731e-01,-3.940899807273908623e-03
4.408999999999999808e+00,9.000000000000000000e+01,8.968019697359792985e+01,3.198030264020669811e-01,-3.962478875489543889e-03
4.410000000000000142e+00,9.000000000000000000e+01,8.968038984601237473e+01,3.196101539876264330e-01,-3.983932876082663804e-03
4.411000000000000476e+00,9.000000000000000000e+01,8.968058265621849046e+01,3.194173437815149841e-01,-4.005262360611282907e-03
4.411999999999999922e+00,9.000000000000000000e+01,8.968077540394844505e+01,3.192245960515607828e-01,-4.026467878469521672e-03
4.413000000000000256e+00,9.000000000000000000e+01,8.968096808893599814e+01,3.190319110640016387e-01,-4.047549976895149088e-03
4.413999999999999702e+00,9.000000000000000000e+01,8.968116071091651520e+01,3.188392890834851334e-01,-4.068509200973808443e-03
4.415000000000000036e+00,9.000000000000000000e+01,8.968135326962691067e+01,3.186467303730941558e-01,-4.089346093648308506e-03
4.416000000000000369e+00,9.000000000000000000e+01,8.968154576480569062e+01,3.184542351943083216e-01,-4.110061195716486343e-03
4.416999999999999815e+00,9.000000000000000000e+01,8.968173819619293852e+01,3.182618038070681443e-01,-4.130655045858470237e-03
4.418000000000000149e+00,9.000000000000000000e+01,8.968193056353025838e+01,3.180694364697362886e-01,-4.151128180624737846e-03
4.419000000000000483e+00,9.000000000000000000e+01,8.968212286656086007e+01,3.178771334391363168e-01,-4.171481134456440226e-03
4.419999999999999929e+00,9.000000000000000000e+01,8.968231510502945980e+01,3.176848949705394221e-01,-4.191714439683417309e-03
4.421000000000000263e+00,9.000000000000000000e+01,8.968250727868232275e+01,3.174927213176776397e-01,-4.211828626536618519e-03
4.421999999999999709e+00,9.000000000000000000e+01,8.968269938726726309e+01,3.173006127327435144e-01,-4.231824223155423309e-03
4.423000000000000043e+00,9.000000000000000000e+01,8.968289143053358714e+01,3.171085694664155796e-01,-4.251701755599000127e-03
4.424000000000000377e+00,9.000000000000000000e+01,8.968308340823213598e+01,3.169165917678584687e-01,-4.271461747845508444e-03
4.424999999999999822e+00,9.000000000000000000e+01,8.968327532011528547e+01,3.167246798847102585e-01,-4.291104721797649874e-03
4.426000000000000156e+00,9.000000000000000000e+01,8.968346716593687518e+01,3.165328340631203830e-01,-4.310631197300105605e-03
4.427000000000000490e+00,9.000000000000000000e+01,8.968365894545227945e+01,3.163410545477243763e-01,-4.330041692135643688e-03
4.427999999999999936e+00,9.000000000000000000e+01,8.968385065841832215e+01,3.161493415816820640e-01,-4.349336722043118525e-03
4.429000000000000270e+00,9.000000000000000000e+01,8.968404230459334769e+01,3.159576954066519172e-01,-4.368516800713876519e-03
4.429999999999999716e+00,9.000000000000000000e+01,8.968423388373717842e+01,3.157661162628167539e-01,-4.387582439810269047e-03
4.431000000000000050e+00,9.000000000000000000e+01,8.968442539561108617e+01,3.155746043889089969e-01,-4.406534148969496606e-03
4.432000000000000384e+00,9.000000000000000000e+01,8.968461683997782075e+01,3.153831600221725928e-01,-4.425372435797551157e-03
4.432999999999999829e+00,9.000000000000000000e+01,8.968480821660160984e+01,3.151917833983883810e-01,-4.444097805893252456e-03
4.434000000000000163e+00,9.000000000000000000e+01,8.968499952524808805e+01,3.150004747519123960e-01,-4.462710762856130636e-03
4.435000000000000497e+00,9.000000000000000000e+01,8.968519076568436788e+01,3.148092343156375095e-01,-4.481211808275365610e-03
4.435999999999999943e+00,9.000000000000000000e+01,8.968538193767898292e+01,3.146180623210191318e-01,-4.499601441750458036e-03
4.437000000000000277e+00,9.000000000000000000e+01,8.968557304100193051e+01,3.144269589980749346e-01,-4.517880160896662473e-03
4.437999999999999723e+00,9.000000000000000000e+01,8.968576407542458639e+01,3.142359245754104413e-01,-4.536048461354569988e-03
4.439000000000000057e+00,9.000000000000000000e+01,8.968595504071979008e+01,3.140449592802063705e-01,-4.554106836787748941e-03
4.440000000000000391e+00,9.000000000000000000e+01,8.968614593666178791e+01,3.138540633382184142e-01,-4.572055778894450889e-03
4.440999999999999837e+00,9.000000000000000000e+01,8.968633676302619051e+01,3.136632369738157067e-01,-4.589895777421516138e-03
4.442000000000000171e+00,9.000000000000000000e+01,8.968652751959005798e+01,3.134724804099423556e-01,-4.607627320157511169e-03
4.443000000000000504e+00,9.000000000000000000e+01,8.968671820613181467e+01,3.132817938681812797e-01,-4.625250892956119658e-03
4.443999999999999950e+00,9.000000000000000000e+01,8.968690882243130602e+01,3.130911775686904819e-01,-4.642766979720869963e-03
4.445000000000000284e+00,9.000000000000000000e+01,8.968709936826972751e+01,3.129006317302666096e-01,-4.660176062437560579e-03
4.445999999999999730e+00,9.000000000000000000e+01,8.968728984342966726e+01,3.127101565703324093e-01,-4.677478621165260392e-03
4.447000000000000064e+00,9.000000000000000000e+01,8.968748024769506344e+01,3.125197523049366710e-01,-4.694675134043178183e-03
4.448000000000000398e+00,9.000000000000000000e+01,8.968767058085124688e+01,3.123294191487540061e-01,-4.711766077301105665e-03
4.448999999999999844e+00,9.000000000000000000e+01,8.968786084268487002e+01,3.121391573151233723e-01,-4.728751925272434847e-03
4.450000000000000178e+00,9.000000000000000000e+01,8.968805103298399217e+01,3.119489670160096595e-01,-4.745633150386289328e-03
4.451000000000000512e+00,9.000000000000000000e+01,8.968824115153795162e+01,3.117588484620545941e-01,-4.762410223190346320e-03
4.451999999999999957e+00,9.000000000000000000e+01,8.968843119813745091e+01,3.115688018625513700e-01,-4.779083612342183846e-03
4.453000000000000291e+00,9.000000000000000000e+01,8.968862117257454258e+01,3.113788274254574717e-01,-4.795653784623852417e-03
4.453999999999999737e+00,9.000000000000000000e+01,8.968881107464258662e+01,3.111889253574071645e-01,-4.812121204950222525e-03
4.455000000000000071e+00,9.000000000000000000e+01,8.968900090413629300e+01,3.109990958637115499e-01,-4.828486336372780213e-03
4.456000000000000405e+00,9.000000000000000000e+01,8.968919066085162228e+01,3.108093391483713885e-01,-4.844749640087634562e-03
4.456999999999999851e+00,9.000000000000000000e+01,8.968938034458592767e+01,3.106196554140771560e-01,-4.860911575439570004e-03
4.458000000000000185e+00,9.000000000000000000e+01,8.968956995513778452e+01,3.104300448622215325e-01,-4.876972599929783186e-03
4.459000000000000519e+00,9.000000000000000000e+01,8.968975949230711819e+01,3.102405076928868577e-01,-4.892933169219747941e-03
4.459999999999999964e+00,9.000000000000000000e+01,8.968994895589513305e+01,3.100510441048705546e-01,-4.908793737146418396e-03
4.461000000000000298e+00,9.000000000000000000e+01,8.969013834570429822e+01,3.098616542956976749e-01,-4.924554755723602878e-03
4.461999999999999744e+00,9.000000000000000000e+01,8.969032766153841862e+01,3.096723384615830965e-01,-4.940216675140812058e-03
4.463000000000000078e+00,9.000000000000000000e+01,8.969051690320249293e+01,3.094830967975075731e-01,-4.955779943789966752e-03
4.464000000000000412e+00,9.000000000000000000e+01,8.969070607050284138e+01,3.092939294971540631e-01,-4.971245008244955937e-03
4.464999999999999858e+00,9.000000000000000000e+01,8.969089516324704903e+01,3.091048367529461993e-01,-4.986612313289697646e-03
4.466000000000000192e+00,9.000000000000000000e+01,8.969108418124393722e+01,3.089158187560607227e-01,-5.001882301920852064e-03
4.467000000000000526e+00,9.000000000000000000e+01,8.969127312430357790e+01,3.087268756964276495e-01,-5.017055415347488473e-03
4.467999999999999972e+00,9.000000000000000000e+01,8.969146199223726512e+01,3.085380077627302153e-01,-5.032132092996102063e-03
4.469000000000000306e+00,9.000000000000000000e+01,8.969165078485760034e+01,3.083492151424048755e-01,-5.047112772519315310e-03
4.469999999999999751e+00,9.000000000000000000e+01,8.969183950197835031e+01,3.081604980216539613e-01,-5.061997889807299394e-03
4.471000000000000085e+00,9.000000000000000000e+01,8.969202814341454655e+01,3.079718565854586143e-01,-5.076787878993443276e-03
4.472000000000000419e+00,9.000000000000000000e+01,8.969221670898242849e+01,3.077832910175657966e-01,-5.091483172455949641e-03
4.472999999999999865e+00,9.000000000000000000e+01,8.969240519849947191e+01,3.075948015005266489e-01,-5.106084200831809833e-03
4.474000000000000199e+00,9.000000000000000000e+01,8.969259361178433210e+01,3.074063882156709560e-01,-5.120591393009108622e-03
4.475000000000000533e+00,9.000000000000000000e+01,8.969278194865688647e+01,3.072180513431071458e-01,-5.135005176141755473e-03
4.475999999999999979e+00,9.000000000000000000e+01,8.969297020893822037e+01,3.070297910617731940e-01,-5.149325975665020733e-03
4.477000000000000313e+00,9.000000000000000000e+01,8.969315839245061284e+01,3.068416075493858308e-01,-5.163554215281491305e-03
4.477999999999999758e+00,9.000000000000000000e+01,8.969334649901750822e+01,3.066535009824912783e-01,-5.177690316986120062e-03
4.479000000000000092e+00,9.000000000000000000e+01,8.969353452846355879e+01,3.064654715364398263e-01,-5.191734701059231433e-03
4.480000000000000426e+00,9.000000000000000000e+01,8.969372248061458208e+01,3.062775193854114231e-01,-5.205687786081342888e-03
4.480999999999999872e+00,9.000000000000000000e+01,8.969391035529760359e+01,3.060896447024027966e-01,-5.219549988933602086e-03
4.482000000000000206e+00,9.000000000000000000e+01,8.969409815234072880e+01,3.059018476592657021e-01,-5.233321724810727910e-03
4.482999999999999652e+00,9.000000000000000000e+01,8.969428587157334221e+01,3.057141284266559067e-01,-5.247003407212496445e-03
4.483999999999999986e+00,9.000000000000000000e+01,8.969447351282590830e+01,3.055264871740970278e-01,-5.260595447972759436e-03
4.485000000000000320e+00,9.000000000000000000e+01,8.969466107593004267e+01,3.053389240699548313e-01,-5.274098257247183258e-03
4.485999999999999766e+00,9.000000000000000000e+01,8.969484856071855461e+01,3.051514392814502763e-01,-5.287512243524600947e-03
4.487000000000000099e+00,9.000000000000000000e+01,8.969503596702533343e+01,3.049640329746591827e-01,-5.300837813632417600e-03
4.488000000000000433e+00,9.000000000000000000e+01,8.969522329468547639e+01,3.047767053145250538e-01,-5.314075372745346443e-03
4.488999999999999879e+00,9.000000000000000000e+01,8.969541054353513232e+01,3.045894564648719549e-01,-5.327225324388683986e-03
4.490000000000000213e+00,9.000000000000000000e+01,8.969559771341162957e+01,3.044022865883661000e-01,-5.340288070438296147e-03
4.490999999999999659e+00,9.000000000000000000e+01,8.969578480415340493e+01,3.042151958465924566e-01,-5.353264011147638307e-03
4.491999999999999993e+00,9.000000000000000000e+01,8.969597181560000365e+01,3.040281843999909639e-01,-5.366153545126661067e-03
4.493000000000000327e+00,9.000000000000000000e+01,8.969615874759209362e+01,3.038412524079073251e-01,-5.378957069369371541e-03
4.493999999999999773e+00,9.000000000000000000e+01,8.969634559997142276e+01,3.036544000285805178e-01,-5.391674979247824268e-03
4.495000000000000107e+00,9.000000000000000000e+01,8.969653237258086165e+01,3.034676274191426826e-01,-5.404307668520267477e-03
4.496000000000000441e+00,9.000000000000000000e+01,8.969671906526436089e+01,3.032809347356445473e-01,-5.416855529341530612e-03
4.496999999999999886e+00,9.000000000000000000e+01,8.969690567786695112e+01,3.030943221330427151e-01,-5.429318952260075298e-03
4.498000000000000220e+00,9.000000000000000000e+01,8.969709221023479984e+01,3.029077897651997753e-01,-5.441698326228209398e-03
4.498999999999999666e+00,9.000000000000000000e+01,8.969727866221508350e+01,3.027213377849094500e-01,-5.453994038613820677e-03
4.500000000000000000e+00,9.000000000000000000e+01,8.969746503365611545e+01,3.025349663438843262e-01,-5.466206475198322895e-03
4.501000000000000334e+00,9.000000000000000000e+01,8.969765132440721800e+01,3.023486755927808356e-01,-5.478336020187452721e-03
4.501999999999999780e+00,9.000000000000000000e+01,8.969783753431882189e+01,3.021624656811741638e-01,-5.490383056208397033e-03
4.503000000000000114e+00,9.000000000000000000e+01,8.969802366324240950e+01,3.019763367575833968e-01,-5.502347964327445468e-03
4.504000000000000448e+00,9.000000000000000000e+01,8.969820971103051477e+01,3.017902889694845658e-01,-5.514231124051995753e-03
4.504999999999999893e+00,9.000000000000000000e+01,8.969839567753669485e+01,3.016043224632977138e-01,-5.526032913328950830e-03
4.506000000000000227e+00,9.000000000000000000e+01,8.969858156261561533e+01,3.014184373843868392e-01,-5.537753708555800264e-03
4.506999999999999673e+00,9.000000000000000000e+01,8.969876736612290813e+01,3.012326338770855982e-01,-5.549393884592936782e-03
4.508000000000000007e+00,9.000000000000000000e+01,8.969895308791529942e+01,3.010469120846969715e-01,-5.560953814761602360e-03
4.509000000000000341e+00,9.000000000000000000e+01,8.969913872785051012e+01,3.008612721494935416e-01,-5.572433870847378484e-03
4.509999999999999787e+00,9.000000000000000000e+01,8.969932428578728434e+01,3.006757142127174376e-01,-5.583834423106764228e-03
4.511000000000000121e+00,9.000000000000000000e+01,8.969950976158540357e+01,3.004902384145929362e-01,-5.595155840276571507e-03
4.512000000000000455e+00,9.000000000000000000e+01,8.969969515510568669e+01,3.003048448943138049e-01,-5.606398489577207184e-03
4.512999999999999901e+00,9.000000000000000000e+01,8.969988046620990474e+01,3.001195337900942617e-01,-5.617562736727161471e-03
4.514000000000000234e+00,9.000000000000000000e+01,8.970006569476089453e+01,2.999343052391052478e-01,-5.628648945927520325e-03
4.514999999999999680e+00,9.000000000000000000e+01,8.970025084062245924e+01,2.997491593775381546e-01,-5.639657479892975361e-03
4.516000000000000014e+00,9.000000000000000000e+01,8.970043590365941100e+01,2.995640963405918900e-01,-5.650588699840562029e-03
4.517000000000000348e+00,9.000000000000000000e+01,8.970062088373754250e+01,2.993791162624605540e-01,-5.661442965493698048e-03
4.517999999999999794e+00,9.000000000000000000e+01,8.970080578072365540e+01,2.991942192763457076e-01,-5.672220635096651004e-03
4.519000000000000128e+00,9.000000000000000000e+01,8.970099059448551770e+01,2.990094055144820739e-01,-5.682922065421796426e-03
4.520000000000000462e+00,9.000000000000000000e+01,8.970117532489189216e+01,2.988246751081121144e-01,-5.693547611763955657e-03
4.520999999999999908e+00,9.000000000000000000e+01,8.970135997181249365e+01,2.986400281875112861e-01,-5.704097627955709987e-03
4.522000000000000242e+00,9.000000000000000000e+01,8.970154453511801762e+01,2.984554648819756073e-01,-5.714572466367449227e-03
4.522999999999999687e+00,9.000000000000000000e+01,8.970172901468014004e+01,2.982709853198594052e-01,-5.724972477919258035e-03
4.524000000000000021e+00,9.000000000000000000e+01,8.970191341037146060e+01,2.980865896285376238e-01,-5.735298012071104318e-03
4.525000000000000355e+00,9.000000000000000000e+01,8.970209772206557375e+01,2.979022779344309146e-01,-5.745549416842420792e-03
4.525999999999999801e+00,9.000000000000000000e+01,8.970228194963699764e+01,2.977180503630058039e-01,-5.755727038815463409e-03
4.527000000000000135e+00,9.000000000000000000e+01,8.970246609296120255e+01,2.975339070388001161e-01,-5.765831223141486966e-03
4.528000000000000469e+00,9.000000000000000000e+01,8.970265015191461089e+01,2.973498480853847270e-01,-5.775862313534729092e-03
4.528999999999999915e+00,9.000000000000000000e+01,8.970283412637459719e+01,2.971658736254018107e-01,-5.785820652294482863e-03
4.530000000000000249e+00,9.000000000000000000e+01,8.970301801621941706e+01,2.969819837805776075e-01,-5.795706580302522476e-03
4.530999999999999694e+00,9.000000000000000000e+01,8.970320182132832088e+01,2.967981786716841208e-01,-5.805520437017885199e-03
4.532000000000000028e+00,9.000000000000000000e+01,8.970338554158142585e+01,2.966144584185773647e-01,-5.815262560499714212e-03
4.533000000000000362e+00,9.000000000000000000e+01,8.970356917685980136e+01,2.964308231401973637e-01,-5.824933287405267140e-03
4.533999999999999808e+00,9.000000000000000000e+01,8.970375272704544045e+01,2.962472729545554406e-01,-5.834532952992192018e-03
4.535000000000000142e+00,9.000000000000000000e+01,8.970393619202123148e+01,2.960638079787722976e-01,-5.844061891132009551e-03
4.536000000000000476e+00,9.000000000000000000e+01,8.970411957167095807e+01,2.958804283290399906e-01,-5.853520434301217462e-03
4.536999999999999922e+00,9.000000000000000000e+01,8.970430286587934177e+01,2.956971341206600101e-01,-5.862908913601239808e-03
4.538000000000000256e+00,9.000000000000000000e+01,8.970448607453197098e+01,2.955139254680305139e-01,-5.872227658754423235e-03
4.538999999999999702e+00,9.000000000000000000e+01,8.970466919751535784e+01,2.953308024846463820e-01,-5.881476998112502436e-03
4.540000000000000036e+00,9.000000000000000000e+01,8.970485223471686709e+01,2.951477652831374643e-01,-5.890657258666578272e-03
4.541000000000000369e+00,9.000000000000000000e+01,8.970503518602478721e+01,2.949648139752175657e-01,-5.899768766035751871e-03
4.541999999999999815e+00,9.000000000000000000e+01,8.970521805132824511e+01,2.947819486717480619e-01,-5.908811844492951187e-03
4.543000000000000149e+00,9.000000000000000000e+01,8.970540083051730562e+01,2.945991694826871066e-01,-5.917786816949790335e-03
4.544000000000000483e+00,9.000000000000000000e+01,8.970558352348287201e+01,2.944164765171277676e-01,-5.926694004979689984e-03
4.544999999999999929e+00,9.000000000000000000e+01,8.970576613011670020e+01,2.942338698832979160e-01,-5.935533728815518134e-03
4.546000000000000263e+00,9.000000000000000000e+01,8.970594865031145559e+01,2.940513496885476252e-01,-5.944306307352074242e-03
4.546999999999999709e+00,9.000000000000000000e+01,8.970613108396061364e+01,2.938689160393873623e-01,-5.953012058159071890e-03
4.548000000000000043e+00,9.000000000000000000e+01,8.970631343095854504e+01,2.936865690414496299e-01,-5.961651297471694949e-03
4.549000000000000377e+00,9.000000000000000000e+01,8.970649569120048739e+01,2.935043087995147237e-01,-5.970224340210435882e-03
4.549999999999999822e+00,9.000000000000000000e+01,8.970667786458245985e+01,2.933221354175357676e-01,-5.978731499983753334e-03
4.551000000000000156e+00,9.000000000000000000e+01,8.970685995100140531e+01,2.931400489986010216e-01,-5.987173089078898919e-03
4.552000000000000490e+00,9.000000000000000000e+01,8.970704195035503403e+01,2.929580496449588622e-01,-5.995549418481741638e-03
4.552999999999999936e+00,9.000000000000000000e+01,8.970722386254196579e+01,2.927761374580308829e-01,-6.003860797879543437e-03
4.554000000000000270e+00,9.000000000000000000e+01,8.970740568746160193e+01,2.925943125383989041e-01,-6.012107535659266117e-03
4.554999999999999716e+00,9.000000000000000000e+01,8.970758742501418226e+01,2.924125749858179080e-01,-6.020289938917653544e-03
4.556000000000000050e+00,9.000000000000000000e+01,8.970776907510079923e+01,2.922309248992030484e-01,-6.028408313464492935e-03
4.557000000000000384e+00,9.000000000000000000e+01,8.970795063762331267e+01,2.920493623766808322e-01,-6.036462963836305290e-03
4.557999999999999829e+00,9.000000000000000000e+01,8.970813211248447772e+01,2.918678875155253927e-01,-6.044454193279650417e-03
4.559000000000000163e+00,9.000000000000000000e+01,8.970831349958777423e+01,2.916865004122219940e-01,-6.052382303780520084e-03
4.560000000000000497e+00,9.000000000000000000e+01,8.970849479883757738e+01,2.915052011624290063e-01,-6.060247596051584335e-03
4.560999999999999943e+00,9.000000000000000000e+01,8.970867601013898707e+01,2.913239898610160417e-01,-6.068050369548893402e-03
4.562000000000000277e+00,9.000000000000000000e+01,8.970885713339794165e+01,2.911428666020511313e-01,-6.075790922465223315e-03
4.562999999999999723e+00,9.000000000000000000e+01,8.970903816852121793e+01,2.909618314787881244e-01,-6.083469551736522124e-03
4.564000000000000057e+00,9.000000000000000000e+01,8.970921911541630323e+01,2.907808845836922229e-01,-6.091086553057425274e-03
4.565000000000000391e+00,9.000000000000000000e+01,8.970939997399155175e+01,2.906000260084523057e-01,-6.098642220880880899e-03
4.565999999999999837e+00,9.000000000000000000e+01,8.970958074415604244e+01,2.904192558439560590e-01,-6.106136848414173840e-03
4.567000000000000171e+00,9.000000000000000000e+01,8.970976142581969270e+01,2.902385741803020780e-01,-6.113570727634475704e-03
4.568000000000000504e+00,9.000000000000000000e+01,8.970994201889315889e+01,2.900579811068386693e-01,-6.120944149296186215e-03
4.568999999999999950e+00,9.000000000000000000e+01,8.971012252328789316e+01,2.898774767121123364e-01,-6.128257402916923585e-03
4.570000000000000284e+00,9.000000000000000000e+01,8.971030293891608665e+01,2.896970610839064708e-01,-6.135510776801331861e-03
4.570999999999999730e+00,9.000000000000000000e+01,8.971048326569075471e+01,2.895167343092409640e-01,-6.142704558039040891e-03
4.572000000000000064e+00,9.000000000000000000e+01,8.971066350352562324e+01,2.893364964743725398e-01,-6.149839032506553699e-03
4.573000000000000398e+00,9.000000000000000000e+01,8.971084365233519975e+01,2.891563476647945330e-01,-6.156914484872249432e-03
4.573999999999999844e+00,9.000000000000000000e+01,8.971102371203475911e+01,2.889762879652368333e-01,-6.163931198603356948e-03
4.575000000000000178e+00,9.000000000000000000e+01,8.971120368254030097e+01,2.887963174596915317e-01,-6.170889455974392507e-03
4.576000000000000512e+00,9.000000000000000000e+01,8.971138356376860656e+01,2.886164362313874410e-01,-6.177789538061650293e-03
4.576999999999999957e+00,9.000000000000000000e+01,8.971156335563719608e+01,2.884366443628026966e-01,-6.184631724757732457e-03
4.578000000000000291e+00,9.000000000000000000e+01,8.971174305806430027e+01,2.882569419357030038e-01,-6.191416294777592894e-03
4.578999999999999737e+00,9.000000000000000000e+01,8.971192267096891726e+01,2.880773290310779111e-01,-6.198143525644125157e-03
4.580000000000000071e+00,9.000000000000000000e+01,8.971210219427078414e+01,2.878978057292174708e-01,-6.204813693718513185e-03
4.581000000000000405e+00,9.000000000000000000e+01,8.971228162789033433e+01,2.877183721096609470e-01,-6.211427074180406877e-03
4.581999999999999851e+00,9.000000000000000000e+01,8.971246097174878287e+01,2.875390282512097495e-01,-6.217983941047128954e-03
4.583000000000000185e+00,9.000000000000000000e+01,8.971264022576804109e+01,2.873597742319655701e-01,-6.224484567183264511e-03
4.584000000000000519e+00,9.000000000000000000e+01,8.971281938987068827e+01,2.871806101293049585e-01,-6.230929224288025287e-03
4.584999999999999964e+00,9.000000000000000000e+01,8.971299846398012789e+01,2.870015360198665544e-01,-6.237318182905089020e-03
4.586000000000000298e+00,9.000000000000000000e+01,8.971317744802041716e+01,2.868225519795892797e-01,-6.243651712440050766e-03
4.586999999999999744e+00,9.000000000000000000e+01,8.971335634191628117e+01,2.866436580837123382e-01,-6.249930081153837885e-03
4.588000000000000078e+00,9.000000000000000000e+01,8.971353514559325504e+01,2.864648544067497915e-01,-6.256153556161176549e-03
4.589000000000000412e+00,9.000000000000000000e+01,8.971371385897747075e+01,2.862861410225286396e-01,-6.262322403447883462e-03
4.589999999999999858e+00,9.000000000000000000e+01,8.971389248199584188e+01,2.861075180041507959e-01,-6.268436887864058810e-03
4.591000000000000192e+00,9.000000000000000000e+01,8.971407101457594990e+01,2.859289854240564810e-01,-6.274497273144729464e-03
4.592000000000000526e+00,9.000000000000000000e+01,8.971424945664604422e+01,2.857505433539609396e-01,-6.280503821890475596e-03
4.592999999999999972e+00,9.000000000000000000e+01,8.971442780813508477e+01,2.855721918649177238e-01,-6.286456795594270314e-03
4.594000000000000306e+00,9.000000000000000000e+01,8.971460606897272783e+01,2.853939310272680108e-01,-6.292356454626477774e-03
4.594999999999999751e+00,9.000000000000000000e+01,8.971478423908931177e+01,2.852157609106913405e-01,-6.298203058257210302e-03
4.596000000000000085e+00,9.000000000000000000e+01,8.971496231841582869e+01,2.850376815841675904e-01,-6.303996864645538406e-03
4.597000000000000419e+00,9.000000000000000000e+01,8.971514030688398122e+01,2.848596931160151113e-01,-6.309738130857330679e-03
4.597999999999999865e+00,9.000000000000000000e+01,8.971531820442612570e+01,2.846817955738779049e-01,-6.315427112858863073e-03
4.599000000000000199e+00,9.000000000000000000e+01,8.971549601097527216e+01,2.845039890247257897e-01,-6.321064065522710024e-03
4.600000000000000533e+00,9.000000000000000000e+01,8.971567372646512695e+01,2.843262735348668913e-01,-6.326649242635300902e-03
4.600999999999999979e+00,9.000000000000000000e+01,8.971585135083005014e+01,2.841486491699478645e-01,-6.332182896897662477e-03
4.602000000000000313e+00,9.000000000000000000e+01,8.971602888400505549e+01,2.839711159949411812e-01,-6.337665279929401846e-03
4.602999999999999758e+00,9.000000000000000000e+01,8.971620632592581046e+01,2.837936740741829889e-01,-6.343096642281897263e-03
4.604000000000000092e+00,9.000000000000000000e+01,8.971638367652866464e+01,2.836163234713353076e-01,-6.348477233428292260e-03
4.605000000000000426e+00,9.000000000000000000e+01,8.971656093575057866e+01,2.834390642494239998e-01,-6.353807301782126576e-03
4.605999999999999872e+00,9.000000000000000000e+01,8.971673810352916689e+01,2.832618964708261688e-01,-6.359087094690882985e-03
4.607000000000000206e+00,9.000000000000000000e+01,8.971691517980272579e+01,2.830848201972699374e-01,-6.364316858442301689e-03
4.608000000000000540e+00,9.000000000000000000e+01,8.971709216451014868e+01,2.829078354898474368e-01,-6.369496838271700850e-03
4.608999999999999986e+00,9.000000000000000000e+01,8.971726905759098258e+01,2.827309424090146406e-01,-6.374627278362732935e-03
4.610000000000000320e+00,9.000000000000000000e+01,8.971744585898541402e+01,2.825541410145914201e-01,-6.379708421851055383e-03
4.610999999999999766e+00,9.000000000000000000e+01,8.971762256863424057e+01,2.823774313657615442e-01,-6.384740510829853971e-03
4.612000000000000099e+00,9.000000000000000000e+01,8.971779918647889929e+01,2.822008135210981039e-01,-6.389723786356913543e-03
4.613000000000000433e+00,9.000000000000000000e+01,8.971797571246148095e+01,2.820242875385253756e-01,-6.394658488447422379e-03
4.613999999999999879e+00,9.000000000000000000e+01,8.971815214652464476e+01,2.818478534753569020e-01,-6.399544856094518258e-03
4.615000000000000213e+00,9.000000000000000000e+01,8.971832848861171783e+01,2.816715113882829469e-01,-6.404383127264292458e-03
4.615999999999999659e+00,9.000000000000000000e+01,8.971850473866660991e+01,2.814952613333957521e-01,-6.409173538902603745e-03
4.616999999999999993e+00,9.000000000000000000e+01,8.971868089663384183e+01,2.813191033661515128e-01,-6.413916326928070094e-03
4.618000000000000327e+00,9.000000000000000000e+01,8.971885696245858810e+01,2.811430375414083471e-01,-6.418611726252358013e-03
4.618999999999999773e+00,9.000000000000000000e+01,8.971903293608659169e+01,2.809670639134138614e-01,-6.423259970775110211e-03
4.620000000000000107e+00,9.000000000000000000e+01,8.971920881746416399e+01,2.807911825358303526e-01,-6.427861293390683267e-03
4.621000000000000441e+00,9.000000000000000000e+01,8.971938460653831271e+01,2.806153934616840706e-01,-6.432415925980903421e-03
4.621999999999999886e+00,9.000000000000000000e+01,8.971956030325655718e+01,2.804396967434413801e-01,-6.436924099442829089e-03
4.623000000000000220e+00,9.000000000000000000e+01,8.971973590756705619e+01,2.802640924329453109e-01,-6.441386043666171707e-03
4.623999999999999666e+00,9.000000000000000000e+01,8.971991141941855119e+01,2.800885805814537499e-01,-6.445801987557942675e-03
4.625000000000000000e+00,9.000000000000000000e+01,8.972008683876035207e+01,2.799131612396519864e-01,-6.450172159039955361e-03
4.626000000000000334e+00,9.000000000000000000e+01,8.972026216554236555e+01,2.797378344576273990e-01,-6.454496785042545398e-03
4.626999999999999780e+00,9.000000000000000000e+01,8.972043739971512366e+01,2.795626002848694003e-01,-6.458776091518157042e-03
4.628000000000000114e+00,9.000000000000000000e+01,8.972061254122968421e+01,2.793874587703203960e-01,-6.463010303453423783e-03
4.629000000000000448e+00,9.000000000000000000e+01,8.972078759003767345e+01,2.792124099623248257e-01,-6.467199644850787216e-03
4.629999999999999893e+00,9.000000000000000000e+01,8.972096254609134292e+01,2.790374539086545869e-01,-6.471344338748328401e-03
4.631000000000000227e+00,9.000000000000000000e+01,8.972113740934348414e+01,2.788625906565218027e-01,-6.475444607221440135e-03
4.631999999999999673e+00,9.000000000000000000e+01,8.972131217974744288e+01,2.786878202525535086e-01,-6.479500671379364446e-03
4.633000000000000007e+00,9.000000000000000000e+01,8.972148685725717598e+01,2.785131427428167439e-01,-6.483512751380589995e-03
4.634000000000000341e+00,9.000000000000000000e+01,8.972166144182718028e+01,2.783385581728189395e-01,-6.487481066431325522e-03
4.634999999999999787e+00,9.000000000000000000e+01,8.972183593341249264e+01,2.781640665875077523e-01,-6.491405834787380286e-03
4.636000000000000121e+00,9.000000000000000000e+01,8.972201033196873254e+01,2.779896680312708979e-01,-6.495287273758112295e-03
4.637000000000000455e+00,9.000000000000000000e+01,8.972218463745204531e+01,2.778153625479491962e-01,-6.499125599711951667e-03
4.637999999999999901e+00,9.000000000000000000e+01,8.972235884981917309e+01,2.776411501808235816e-01,-6.502921028075665105e-03
4.639000000000000234e+00,9.000000000000000000e+01,8.972253296902736963e+01,2.774670309726280926e-01,-6.506673773343834427e-03
4.639999999999999680e+00,9.000000000000000000e+01,8.972270699503444291e+01,2.772930049655622509e-01,-6.510384049081056196e-03
4.641000000000000014e+00,9.000000000000000000e+01,8.972288092779872670e+01,2.771190722012658592e-01,-6.514052067918326555e-03
4.642000000000000348e+00,9.000000000000000000e+01,8.972305476727916584e+01,2.769452327208317688e-01,-6.517678041568424757e-03
4.642999999999999794e+00,9.000000000000000000e+01,8.972322851343515993e+01,2.767714865648437939e-01,-6.521262180831845917e-03
4.644000000000000128e+00,9.000000000000000000e+01,8.972340216622666276e+01,2.765978337733387415e-01,-6.524804695581244013e-03
4.645000000000000462e+00,9.000000000000000000e+01,8.972357572561419659e+01,2.764242743858064122e-01,-6.528305794775448451e-03
4.645999999999999908e+00,9.000000000000000000e+01,8.972374919155878104e+01,2.762508084412150233e-01,-6.531765686472162241e-03
4.647000000000000242e+00,9.000000000000000000e+01,8.972392256402197575e+01,2.760774359780236997e-01,-6.535184577824437041e-03
4.647999999999999687e+00,9.000000000000000000e+01,8.972409584296585194e+01,2.759041570341447813e-01,-6.538562675073331804e-03
4.649000000000000021e+00,9.000000000000000000e+01,8.972426902835303508e+01,2.757309716469688032e-01,-6.541900183567917609e-03
4.650000000000000355e+00,9.000000000000000000e+01,8.972444212014660536e+01,2.755578798533901974e-01,-6.545197307766838918e-03
4.650999999999999801e+00,9.000000000000000000e+01,8.972461511831022563e+01,2.753848816897691010e-01,-6.548454251227225215e-03
4.652000000000000135e+00,9.000000000000000000e+01,8.972478802280805610e+01,2.752119771919439573e-01,-6.551671216621739874e-03
4.653000000000000469e+00,9.000000000000000000e+01,8.972496083360472596e+01,2.750391663952698740e-01,-6.554848405745748036e-03
4.653999999999999915e+00,9.000000000000000000e+01,8.972513355066543284e+01,2.748664493345674975e-01,-6.557986019502522884e-03
4.655000000000000249e+00,9.000000000000000000e+01,8.972530617395584329e+01,2.746938260441614266e-01,-6.561084257925214186e-03
4.655999999999999694e+00,9.000000000000000000e+01,8.972547870344212129e+01,2.745212965578800457e-01,-6.564143320172469848e-03
4.657000000000000028e+00,9.000000000000000000e+01,8.972565113909095658e+01,2.743488609090427577e-01,-6.567163404527818354e-03
4.658000000000000362e+00,9.000000000000000000e+01,8.972582348086953630e+01,2.741765191304603166e-01,-6.570144708409410977e-03
4.658999999999999808e+00,9.000000000000000000e+01,8.972599572874553076e+01,2.740042712544724091e-01,-6.573087428379132541e-03
4.660000000000000142e+00,9.000000000000000000e+01,8.972616788268709342e+01,2.738321173129101838e-01,-6.575991760129237113e-03
4.661000000000000476e+00,9.000000000000000000e+01,8.972633994266288937e+01,2.736600573371084644e-01,-6.578857898497807860e-03
4.661999999999999922e+00,9.000000000000000000e+01,8.972651190864206683e+01,2.734880913579312289e-01,-6.581686037474773071e-03
4.663000000000000256e+00,9.000000000000000000e+01,8.972668378059425720e+01,2.733162194057465189e-01,-6.584476370193392131e-03
4.663999999999999702e+00,9.000000000000000000e+01,8.972685555848956085e+01,2.731444415104387624e-01,-6.587229088941947558e-03
4.665000000000000036e+00,9.000000000000000000e+01,8.972702724229858973e+01,2.729727577014090523e-01,-6.589944385166735669e-03
4.666000000000000369e+00,9.000000000000000000e+01,8.972719883199241053e+01,2.728011680075876910e-01,-6.592622449476771146e-03
4.666999999999999815e+00,9.000000000000000000e+01,8.972737032754255893e+01,2.726296724574343022e-01,-6.595263471641892722e-03
4.668000000000000149e+00,9.000000000000000000e+01,8.972754172892108215e+01,2.724582710789122952e-01,-6.597867640594032995e-03
4.669000000000000483e+00,9.000000000000000000e+01,8.972771303610045379e+01,2.722869638995398800e-01,-6.600435144445287311e-03
4.669999999999999929e+00,9.000000000000000000e+01,8.972788424905363058e+01,2.721157509463644208e-01,-6.602966170473265756e-03
4.671000000000000263e+00,9.000000000000000000e+01,8.972805536775405244e+01,2.719446322459500021e-01,-6.605460905128066745e-03
4.671999999999999709e+00,9.000000000000000000e+01,8.972822639217559981e+01,2.717736078244025189e-01,-6.607919534047070748e-03
4.673000000000000043e+00,9.000000000000000000e+01,8.972839732229262211e+01,2.716026777073827225e-01,-6.610342242052699019e-03
4.674000000000000377e+00,9.000000000000000000e+01,8.972856815807992348e+01,2.714318419200806298e-01,-6.612729213145849411e-03
4.674999999999999822e+00,9.000000000000000000e+01,8.972873889951277704e+01,2.712611004872154674e-01,-6.615080630518365562e-03
4.676000000000000156e+00,9.000000000000000000e+01,8.972890954656692486e+01,2.710904534330740301e-01,-6.617396676564486074e-03
4.677000000000000490e+00,9.000000000000000000e+01,8.972908009921850692e+01,2.709199007814976357e-01,-6.619677532868396136e-03
4.677999999999999936e+00,9.000000000000000000e+01,8.972925055744416056e+01,2.707494425558444329e-01,-6.621923380205656934e-03
4.679000000000000270e+00,9.000000000000000000e+01,8.972942092122094948e+01,2.705790787790524066e-01,-6.624134398568664456e-03
4.679999999999999716e+00,9.000000000000000000e+01,8.972959119052639210e+01,2.704088094736145642e-01,-6.626310767149642261e-03
4.681000000000000050e+00,9.000000000000000000e+01,8.972976136533841895e+01,2.702386346615784918e-01,-6.628452664345845652e-03
4.682000000000000384e+00,9.000000000000000000e+01,8.972993144563547219e+01,2.700685543645338083e-01,-6.630560267765626264e-03
4.682999999999999829e+00,9.000000000000000000e+01,8.973010143139633499e+01,2.698985686036629028e-01,-6.632633754242254348e-03
4.684000000000000163e+00,9.000000000000000000e+01,8.973027132260030214e+01,2.697286773996903642e-01,-6.634673299816231523e-03
4.685000000000000497e+00,9.000000000000000000e+01,8.973044111922709476e+01,2.695588807729081271e-01,-6.636679079754816829e-03
4.685999999999999943e+00,9.000000000000000000e+01,8.973061082125681764e+01,2.693891787431882956e-01,-6.638651268553185519e-03
4.687000000000000277e+00,9.000000000000000000e+01,8.973078042867003035e+01,2.692195713299703752e-01,-6.640590039929911842e-03
4.687999999999999723e+00,9.000000000000000000e+01,8.973094994144773295e+01,2.690500585522614396e-01,-6.642495566833581805e-03
4.689000000000000057e+00,9.000000000000000000e+01,8.973111935957133767e+01,2.688806404286612772e-01,-6.644368021449634926e-03
4.690000000000000391e+00,9.000000000000000000e+01,8.973128868302266881e+01,2.687113169773245325e-01,-6.646207575192474709e-03
4.690999999999999837e+00,9.000000000000000000e+01,8.973145791178400543e+01,2.685420882159987310e-01,-6.648014398724481216e-03
4.692000000000000171e+00,9.000000000000000000e+01,8.973162704583798188e+01,2.683729541620115122e-01,-6.649788661949190133e-03
4.693000000000000504e+00,9.000000000000000000e+01,8.973179608516772987e+01,2.682039148322707400e-01,-6.651530534016101420e-03
4.693999999999999950e+00,9.000000000000000000e+01,8.973196502975672217e+01,2.680349702432770487e-01,-6.653240183326410845e-03
4.695000000000000284e+00,9.000000000000000000e+01,8.973213387958888632e+01,2.678661204111113525e-01,-6.654917777531427908e-03
4.695999999999999730e+00,9.000000000000000000e+01,8.973230263464853351e+01,2.676973653514602147e-01,-6.656563483541457632e-03
4.697000000000000064e+00,9.000000000000000000e+01,8.973247129492040131e+01,2.675287050796029686e-01,-6.658177467518937992e-03
4.698000000000000398e+00,9.000000000000000000e+01,8.973263986038959672e+01,2.673601396103991723e-01,-6.659759894883401227e-03
4.698999999999999844e+00,9.000000000000000000e+01,8.973280833104168153e+01,2.671916689583139770e-01,-6.661310930324553653e-03
4.700000000000000178e+00,9.000000000000000000e+01,8.973297670686260119e+01,2.670232931374054153e-01,-6.662830737798667441e-03
4.701000000000000512e+00,9.000000000000000000e+01,8.973314498783865645e+01,2.668550121613498805e-01,-6.664319480535477874e-03
4.701999999999999957e+00,9.000000000000000000e+01,8.973331317395658857e+01,2.666868260434039906e-01,-6.665777321030418728e-03
4.703000000000000291e+00,9.000000000000000000e+01,8.973348126520355095e+01,2.665187347964553255e-01,-6.667204421063489123e-03
4.703999999999999737e+00,9.000000000000000000e+01,8.973364926156700960e+01,2.663507384329842909e-01,-6.668600941684827560e-03
4.705000000000000071e+00,9.000000000000000000e+01,8.973381716303492794e+01,2.661828369650771076e-01,-6.669967043228992171e-03
4.706000000000000405e+00,9.000000000000000000e+01,8.973398496959555359e+01,2.660150304044509029e-01,-6.671302885319741610e-03
4.706999999999999851e+00,9.000000000000000000e+01,8.973415268123758892e+01,2.658473187624157408e-01,-6.672608626860344894e-03
4.708000000000000185e+00,9.000000000000000000e+01,8.973432029795009157e+01,2.656797020499127027e-01,-6.673884426051306801e-03
4.709000000000000519e+00,9.000000000000000000e+01,8.973448781972251709e+01,2.655121802774884632e-01,-6.675130440382540803e-03
4.709999999999999964e+00,9.000000000000000000e+01,8.973465524654467629e+01,2.653447534553208809e-01,-6.676346826644693339e-03
4.711000000000000298e+00,9.000000000000000000e+01,8.973482257840679210e+01,2.651774215932060641e-01,-6.677533740924265770e-03
4.711999999999999744e+00,9.000000000000000000e+01,8.973498981529942853e+01,2.650101847005711386e-01,-6.678691338609765715e-03
4.713000000000000078e+00,9.000000000000000000e+01,8.973515695721353325e+01,2.648430427864615910e-01,-6.679819774390444165e-03
4.714000000000000412e+00,9.000000000000000000e+01,8.973532400414045185e+01,2.646759958595539808e-01,-6.680919202264944817e-03
4.714999999999999858e+00,9.000000000000000000e+01,8.973549095607185677e+01,2.645090439281432282e-01,-6.681989775541883475e-03
4.716000000000000192e+00,9.000000000000000000e+01,8.973565781299981836e+01,2.643421870001807505e-01,-6.683031646849812296e-03
4.717000000000000526e+00,9.000000000000000000e+01,8.973582457491677644e+01,2.641754250832233919e-01,-6.684044968123560582e-03
4.717999999999999972e+00,9.000000000000000000e+01,8.973599124181551190e+01,2.640087581844848263e-01,-6.685029890626761895e-03
4.719000000000000306e+00,9.000000000000000000e+01,8.973615781368917510e+01,2.638421863108222354e-01,-6.685986564939627730e-03
4.719999999999999751e+00,9.000000000000000000e+01,8.973632429053128590e+01,2.636757094687112724e-01,-6.686915140959689974e-03
4.721000000000000085e+00,9.000000000000000000e+01,8.973649067233571941e+01,2.635093276642839766e-01,-6.687815767919474269e-03
4.722000000000000419e+00,9.000000000000000000e+01,8.973665695909667761e+01,2.633430409033163389e-01,-6.688688594378187219e-03
4.722999999999999865e+00,9.000000000000000000e+01,8.973682315080878880e+01,2.631768491912152008e-01,-6.689533768225456450e-03
4.724000000000000199e+00,9.000000000000000000e+01,8.973698924746693706e+01,2.630107525330567797e-01,-6.690351436693282861e-03
4.725000000000000533e+00,9.000000000000000000e+01,8.973715524906644703e+01,2.628447509335483101e-01,-6.691141746343831631e-03
4.725999999999999979e+00,9.000000000000000000e+01,8.973732115560292755e+01,2.626788443970661802e-01,-6.691904843085405563e-03
4.727000000000000313e+00,9.000000000000000000e+01,8.973748696707238537e+01,2.625130329276179619e-01,-6.692640872163042876e-03
4.727999999999999758e+00,9.000000000000000000e+01,8.973765268347111146e+01,2.623473165288930375e-01,-6.693349978176069137e-03
4.729000000000000092e+00,9.000000000000000000e+01,8.973781830479579469e+01,2.621816952042119730e-01,-6.694032305062769250e-03
4.730000000000000426e+00,9.000000000000000000e+01,8.973798383104342236e+01,2.620161689565770891e-01,-6.694687996120992496e-03
4.730999999999999872e+00,9.000000000000000000e+01,8.973814926221136545e+01,2.618507377886347687e-01,-6.695317193994933941e-03
4.732000000000000206e+00,9.000000000000000000e+01,8.973831459829729340e+01,2.616854017027003265e-01,-6.695920040689980202e-03
4.733000000000000540e+00,9.000000000000000000e+01,8.973847983929925931e+01,2.615201607007457407e-01,-6.696496677570006745e-03
4.733999999999999986e+00,9.000000000000000000e+01,8.973864498521557209e+01,2.613550147844249660e-01,-6.697047245364896179e-03
4.735000000000000320e+00,9.000000000000000000e+01,8.973881003604495277e+01,2.611899639550482877e-01,-6.697571884162600159e-03
4.735999999999999766e+00,9.000000000000000000e+01,8.973897499178639237e+01,2.610250082136080785e-01,-6.698070733420529582e-03
4.737000000000000099e+00,9.000000000000000000e+01,8.973913985243925140e+01,2.608601475607532083e-01,-6.698543931960228986e-03
4.738000000000000433e+00,9.000000000000000000e+01,8.973930461800318881e+01,2.606953819968144126e-01,-6.698991617980477181e-03
4.738999999999999879e+00,9.000000000000000000e+01,8.973946928847820459e+01,2.605307115217917469e-01,-6.699413929053422284e-03
4.740000000000000213e+00,9.000000000000000000e+01,8.973963386386462560e+01,2.603661361353670767e-01,-6.699811002131041832e-03
4.740999999999999659e+00,9.000000000000000000e+01,8.973979834416309131e+01,2.602016558369043553e-01,-6.700182973544063780e-03
4.741999999999999993e+00,9.000000000000000000e+01,8.973996272937456808e+01,2.600372706254366340e-01,-6.700529979002899789e-03
4.743000000000000327e+00,9.000000000000000000e+01,8.974012701950030646e+01,2.598729804996917636e-01,-6.700852153607689266e-03
4.743999999999999773e+00,9.000000000000000000e+01,8.974029121454192648e+01,2.597087854580794053e-01,-6.701149631842075183e-03
4.745000000000000107e+00,9.000000000000000000e+01,8.974045531450130397e+01,2.595446854986912522e-01,-6.701422547578113342e-03
4.746000000000000441e+00,9.000000000000000000e+01,8.974061931938069847e+01,2.593806806193009185e-01,-6.701671034081445322e-03
4.746999999999999886e+00,9.000000000000000000e+01,8.974078322918261108e+01,2.592167708173893637e-01,-6.701895224016776731e-03
4.748000000000000220e+00,9.000000000000000000e+01,8.974094704390989818e+01,2.590529560901069228e-01,-6.702095249438346641e-03
4.748999999999999666e+00,9.000000000000000000e+01,8.974111076356568617e+01,2.588892364343110541e-01,-6.702271241807618296e-03
4.750000000000000000e+00,9.000000000000000000e+01,8.974127438815345670e+01,2.587256118465414145e-01,-6.702423331984716515e-03
4.751000000000000334e+00,9.000000000000000000e+01,8.974143791767694722e+01,2.585620823230576626e-01,-6.702551650239415432e-03
4.751999999999999780e+00,9.000000000000000000e+01,8.974160135214020784e+01,2.583986478597886660e-01,-6.702656326237853984e-03
4.753000000000000114e+00,9.000000000000000000e+01,8.974176469154762970e+01,2.582353084523707487e-01,-6.702737489065010990e-03
4.754000000000000448e+00,9.000000000000000000e+01,8.974192793590384554e+01,2.580720640961475243e-01,-6.702795267219639752e-03
4.754999999999999893e+00,9.000000000000000000e+01,8.974209108521382916e+01,2.579089147861700071e-01,-6.702829788612450074e-03
4.756000000000000227e+00,9.000000000000000000e+01,8.974225413948281016e+01,2.577458605171840667e-01,-6.702841180566531526e-03
4.756999999999999673e+00,9.000000000000000000e+01,8.974241709871637340e+01,2.575829012836299836e-01,-6.702829569826828510e-03
4.758000000000000007e+00,9.000000000000000000e+01,8.974257996292031692e+01,2.574200370796809745e-01,-6.702795082568324680e-03
4.759000000000000341e+00,9.000000000000000000e+01,8.974274273210079400e+01,2.572572678992049999e-01,-6.702737844381197185e-03
4.759999999999999787e+00,9.000000000000000000e+01,8.974290540626421375e+01,2.570945937357899669e-01,-6.702657980284368322e-03
4.761000000000000121e+00,9.000000000000000000e+01,8.974306798541726948e+01,2.569320145827314050e-01,-6.702555614721758537e-03
4.762000000000000455e+00,9.000000000000000000e+01,8.974323046956696714e+01,2.567695304330319672e-01,-6.702430871568815923e-03
4.762999999999999901e+00,9.000000000000000000e+01,8.974339285872058269e+01,2.566071412794145856e-01,-6.702283874138688369e-03
4.764000000000000234e+00,9.000000000000000000e+01,8.974355515288569052e+01,2.564448471143095376e-01,-6.702114745180644956e-03
4.764999999999999680e+00,9.000000000000000000e+01,8.974371735207010659e+01,2.562826479298926374e-01,-6.701923606888201407e-03
4.766000000000000014e+00,9.000000000000000000e+01,8.974387945628195951e+01,2.561205437180344990e-01,-6.701710580883927376e-03
4.767000000000000348e+00,9.000000000000000000e+01,8.974404146552966210e+01,2.559585344703382837e-01,-6.701475788240287418e-03
4.767999999999999794e+00,9.000000000000000000e+01,8.974420337982185458e+01,2.557966201781403104e-01,-6.701219349473531289e-03
4.769000000000000128e+00,9.000000000000000000e+01,8.974436519916753241e+01,2.556348008324713095e-01,-6.700941384540845536e-03
4.770000000000000462e+00,9.000000000000000000e+01,8.974452692357587580e+01,2.554730764241204821e-01,-6.700642012862516317e-03
4.770999999999999908e+00,9.000000000000000000e+01,8.974468855305640602e+01,2.553114469435969758e-01,-6.700321353301688654e-03
4.772000000000000242e+00,9.000000000000000000e+01,8.974485008761887173e+01,2.551499123811302172e-01,-6.699979524174014961e-03
4.772999999999999687e+00,9.000000000000000000e+01,8.974501152727331998e+01,2.549884727266822915e-01,-6.699616643256189885e-03
4.774000000000000021e+00,9.000000000000000000e+01,8.974517287203005367e+01,2.548271279699482195e-01,-6.699232827785814998e-03
4.775000000000000355e+00,9.000000000000000000e+01,8.974533412189963144e+01,2.546658781003685590e-01,-6.698828194463057190e-03
4.775999999999999801e+00,9.000000000000000000e+01,8.974549527689288198e+01,2.545047231071167482e-01,-6.698402859445774099e-03
4.777000000000000135e+00,9.000000000000000000e+01,8.974565633702091816e+01,2.543436629790862269e-01,-6.697956938355172779e-03
4.778000000000000469e+00,9.000000000000000000e+01,8.974581730229506604e+01,2.541826977049287950e-01,-6.697490546288705632e-03
4.778999999999999915e+00,9.000000000000000000e+01,8.974597817272696432e+01,2.540218272730290772e-01,-6.697003797808284697e-03
4.780000000000000249e+00,9.000000000000000000e+01,8.974613894832849326e+01,2.538610516715045229e-01,-6.696496806948521591e-03
4.780999999999999694e+00,9.000000000000000000e+01,8.974629962911177472e+01,2.537003708882308861e-01,-6.695969687223930072e-03
4.782000000000000028e+00,9.000000000000000000e+01,8.974646021508917215e+01,2.535397849108294022e-01,-6.695422551620602847e-03
4.783000000000000362e+00,9.000000000000000000e+01,8.974662070627336163e+01,2.533792937266414746e-01,-6.694855512599368758e-03
4.783999999999999808e+00,9.000000000000000000e+01,8.974678110267720399e+01,2.532188973227922357e-01,-6.694268682114437596e-03
4.785000000000000142e+00,9.000000000000000000e+01,8.974694140431387268e+01,2.530585956861268748e-01,-6.693662171590494814e-03
4.786000000000000476e+00,9.000000000000000000e+01,8.974710161119675433e+01,2.528983888032488858e-01,-6.693036091945672728e-03
4.786999999999999922e+00,9.000000000000000000e+01,8.974726172333947716e+01,2.527382766605201225e-01,-6.692390553586557989e-03
4.788000000000000256e+00,9.000000000000000000e+01,8.974742174075593937e+01,2.525782592440606322e-01,-6.691725666406304202e-03
4.788999999999999702e+00,9.000000000000000000e+01,8.974758166346028077e+01,2.524183365397232315e-01,-6.691041539784656211e-03
4.790000000000000036e+00,9.000000000000000000e+01,8.974774149146686852e+01,2.522585085331318644e-01,-6.690338282604391812e-03
4.791000000000000369e+00,9.000000000000000000e+01,8.974790122479032561e+01,2.520987752096687240e-01,-6.689616003242040976e-03
4.791999999999999815e+00,9.000000000000000000e+01,8.974806086344553080e+01,2.519391365544742523e-01,-6.688874809569981400e-03
4.793000000000000149e+00,9.000000000000000000e+01,8.974822040744754759e+01,2.517795925524470846e-01,-6.688114808959692847e-03
4.794000000000000483e+00,9.000000000000000000e+01,8.974837985681175212e+01,2.516201431882443829e-01,-6.687336108285257819e-03
4.794999999999999929e+00,9.000000000000000000e+01,8.974853921155371950e+01,2.514607884462812804e-01,-6.686538813927389580e-03
4.796000000000000263e+00,9.000000000000000000e+01,8.974869847168923798e+01,2.513015283107568609e-01,-6.685723031777425496e-03
4.796999999999999709e+00,9.000000000000000000e+01,8.974885763723438004e+01,2.511423627656156898e-01,-6.684888867227012366e-03
4.798000000000000043e+00,9.000000000000000000e+01,8.974901670820543131e+01,2.509832917945732933e-01,-6.684036425184260166e-03
4.799000000000000377e+00,9.000000000000000000e+01,8.974917568461887640e+01,2.508243153811289261e-01,-6.683165810071851204e-03
4.799999999999999822e+00,9.000000000000000000e+01,8.974933456649145569e+01,2.506654335085402030e-01,-6.682277125819417740e-03
4.801000000000000156e+00,9.000000000000000000e+01,8.974949335384017957e+01,2.505066461598229877e-01,-6.681370475874786469e-03
4.802000000000000490e+00,9.000000000000000000e+01,8.974965204668221475e+01,2.503479533177894734e-01,-6.680445963212981730e-03
4.802999999999999936e+00,9.000000000000000000e+01,8.974981064503498374e+01,2.501893549650103243e-01,-6.679503690321646897e-03
4.804000000000000270e+00,9.000000000000000000e+01,8.974996914891616484e+01,2.500308510838397114e-01,-6.678543759214602971e-03
4.804999999999999716e+00,9.000000000000000000e+01,8.975012755834360689e+01,2.498724416563903039e-01,-6.677566271427865657e-03
4.806000000000000050e+00,9.000000000000000000e+01,8.975028587333541452e+01,2.497141266645837299e-01,-6.676571328032877839e-03
4.807000000000000384e+00,9.000000000000000000e+01,8.975044409390990552e+01,2.495559060900873483e-01,-6.675559029617555984e-03
4.807999999999999829e+00,9.000000000000000000e+01,8.975060222008562505e+01,2.493977799143775598e-01,-6.674529476311592824e-03
4.809000000000000163e+00,9.000000000000000000e+01,8.975076025188131723e+01,2.492397481186891250e-01,-6.673482767768152552e-03
4.810000000000000497e+00,9.000000000000000000e+01,8.975091818931593934e+01,2.490818106840531898e-01,-6.672419003182356034e-03
4.810999999999999943e+00,9.000000000000000000e+01,8.975107603240871867e+01,2.489239675912846839e-01,-6.671338281283058225e-03
4.812000000000000277e+00,9.000000000000000000e+01,8.975123378117902462e+01,2.487662188209694702e-01,-6.670240700336001888e-03
4.812999999999999723e+00,9.000000000000000000e+01,8.975139143564649657e+01,2.486085643535025924e-01,-6.669126358154631867e-03
4.814000000000000057e+00,9.000000000000000000e+01,8.975154899583094448e+01,2.484510041690501658e-01,-6.667995352086807104e-03
4.815000000000000391e+00,9.000000000000000000e+01,8.975170646175243405e+01,2.482935382475619235e-01,-6.666847779029084348e-03
4.815999999999999837e+00,9.000000000000000000e+01,8.975186383343120156e+01,2.481361665687968621e-01,-6.665683735430548429e-03
4.817000000000000171e+00,9.000000000000000000e+01,8.975202111088769641e+01,2.479788891122975958e-01,-6.664503317281918193e-03
4.818000000000000504e+00,9.000000000000000000e+01,8.975217829414259540e+01,2.478217058574032905e-01,-6.663306620124074403e-03
4.818999999999999950e+00,9.000000000000000000e+01,8.975233538321676008e+01,2.476646167832367851e-01,-6.662093739047986879e-03
4.820000000000000284e+00,9.000000000000000000e+01,8.975249237813126513e+01,2.475076218687300433e-01,-6.660864768703266686e-03
4.820999999999999730e+00,9.000000000000000000e+01,8.975264927890739841e+01,2.473507210925988409e-01,-6.659619803290609680e-03
4.822000000000000064e+00,9.000000000000000000e+01,8.975280608556663253e+01,2.471939144333680227e-01,-6.658358936572589953e-03
4.823000000000000398e+00,9.000000000000000000e+01,8.975296279813065325e+01,2.470372018693462457e-01,-6.657082261867754841e-03
4.823999999999999844e+00,9.000000000000000000e+01,8.975311941662134529e+01,2.468805833786512915e-01,-6.655789872062500834e-03
4.825000000000000178e+00,9.000000000000000000e+01,8.975327594106079232e+01,2.467240589392100947e-01,-6.654481859605765326e-03
4.826000000000000512e+00,9.000000000000000000e+01,8.975343237147126274e+01,2.465676285287333458e-01,-6.653158316506559838e-03
4.826999999999999957e+00,9.000000000000000000e+01,8.975358870787525234e+01,2.464112921247535726e-01,-6.651819334348451490e-03
4.828000000000000291e+00,9.000000000000000000e+01,8.975374495029539901e+01,2.462550497045998266e-01,-6.650465004278540565e-03
4.828999999999999737e+00,9.000000000000000000e+01,8.975390109875459643e+01,2.460989012454102287e-01,-6.649095417015856574e-03
4.830000000000000071e+00,9.000000000000000000e+01,8.975405715327588041e+01,2.459428467241194516e-01,-6.647710662851108454e-03
4.831000000000000405e+00,9.000000000000000000e+01,8.975421311388249990e+01,2.457868861174966890e-01,-6.646310831655021650e-03
4.831999999999999851e+00,9.000000000000000000e+01,8.975436898059791702e+01,2.456310194020821791e-01,-6.644896012863218265e-03
4.833000000000000185e+00,9.000000000000000000e+01,8.975452475344573600e+01,2.454752465542634765e-01,-6.643466295503996921e-03
4.834000000000000519e+00,9.000000000000000000e+01,8.975468043244978844e+01,2.453195675502118922e-01,-6.642021768174272145e-03
4.834999999999999964e+00,9.000000000000000000e+01,8.975483601763406227e+01,2.451639823659332862e-01,-6.640562519061282698e-03
4.836000000000000298e+00,9.000000000000000000e+01,8.975499150902275858e+01,2.450084909772427266e-01,-6.639088635929074611e-03
4.836999999999999744e+00,9.000000000000000000e+01,8.975514690664024897e+01,2.448530933597517500e-01,-6.637600206125183339e-03
4.838000000000000078e+00,9.000000000000000000e+01,8.975530221051107560e+01,2.446977894889191818e-01,-6.636097316593956436e-03
4.839000000000000412e+00,9.000000000000000000e+01,8.975545742066000798e+01,2.445425793399875480e-01,-6.634580053857253024e-03
4.839999999999999858e+00,9.000000000000000000e+01,8.975561253711195775e+01,2.443874628880468025e-01,-6.633048504039330134e-03
4.841000000000000192e+00,9.000000000000000000e+01,8.975576755989200706e+01,2.442324401079959684e-01,-6.631502752848256882e-03
4.842000000000000526e+00,9.000000000000000000e+01,8.975592248902545123e+01,2.440775109745432769e-01,-6.629942885586322804e-03
4.842999999999999972e+00,9.000000000000000000e+01,8.975607732453777032e+01,2.439226754622315918e-01,-6.628368987158513720e-03
4.844000000000000306e+00,9.000000000000000000e+01,8.975623206645455809e+01,2.437679335454383533e-01,-6.626781142064816499e-03
4.844999999999999751e+00,9.000000000000000000e+01,8.975638671480166408e+01,2.436132851983374425e-01,-6.625179434395774697e-03
4.846000000000000085e+00,9.000000000000000000e+01,8.975654126960505153e+01,2.434587303949501125e-01,-6.623563947853051970e-03
4.847000000000000419e+00,9.000000000000000000e+01,8.975669573089089681e+01,2.433042691091067689e-01,-6.621934765735131012e-03
4.847999999999999865e+00,9.000000000000000000e+01,8.975685009868553266e+01,2.431499013144723664e-01,-6.620291970950684807e-03
4.849000000000000199e+00,9.000000000000000000e+01,8.975700437301543388e+01,2.429956269845592876e-01,-6.618635646014330021e-03
4.850000000000000533e+00,9.000000000000000000e+01,8.975715855390731690e+01,2.428414460926762997e-01,-6.616965873037138068e-03
4.850999999999999979e+00,9.000000000000000000e+01,8.975731264138802601e+01,2.426873586119795423e-01,-6.615282733751125938e-03
4.852000000000000313e+00,9.000000000000000000e+01,8.975746663548453341e+01,2.425333645154597317e-01,-6.613586309497553745e-03
4.852999999999999758e+00,9.000000000000000000e+01,8.975762053622406711e+01,2.423794637759294768e-01,-6.611876681227344538e-03
4.854000000000000092e+00,9.000000000000000000e+01,8.975777434363395457e+01,2.422256563660487305e-01,-6.610153929510007714e-03
4.855000000000000426e+00,9.000000000000000000e+01,8.975792805774169381e+01,2.420719422582993663e-01,-6.608418134525922971e-03
4.855999999999999872e+00,9.000000000000000000e+01,8.975808167857499598e+01,2.419183214249978064e-01,-6.606669376077119876e-03
4.857000000000000206e+00,9.000000000000000000e+01,8.975823520616168594e+01,2.417647938383205575e-01,-6.604907733588360336e-03
4.858000000000000540e+00,9.000000000000000000e+01,8.975838864052974486e+01,2.416113594702533063e-01,-6.603133286094037963e-03
4.858999999999999986e+00,9.000000000000000000e+01,8.975854198170736709e+01,2.414580182926290286e-01,-6.601346112259993959e-03
4.860000000000000320e+00,9.000000000000000000e+01,8.975869522972287484e+01,2.413047702771281278e-01,-6.599546290377573954e-03
4.860999999999999766e+00,9.000000000000000000e+01,8.975884838460473247e+01,2.411516153952655006e-01,-6.597733898360266108e-03
4.862000000000000099e+00,9.000000000000000000e+01,8.975900144638158906e+01,2.409985536184034716e-01,-6.595909013750227146e-03
4.863000000000000433e+00,9.000000000000000000e+01,8.975915441508226422e+01,2.408455849177389141e-01,-6.594071713716079253e-03
4.863999999999999879e+00,9.000000000000000000e+01,8.975930729073567704e+01,2.406927092643160460e-01,-6.592222075060293063e-03
4.865000000000000213e+00,9.000000000000000000e+01,8.975946007337097399e+01,2.405399266290264571e-01,-6.590360174217577832e-03
4.865999999999999659e+00,9.000000000000000000e+01,8.975961276301740099e+01,2.403872369825963140e-01,-6.588486087255075729e-03
4.866999999999999993e+00,9.000000000000000000e+01,8.975976535970438874e+01,2.402346402956118399e-01,-6.586599889880834224e-03
4.868000000000000327e+00,9.000000000000000000e+01,8.975991786346149581e+01,2.400821365385066020e-01,-6.584701657435965139e-03
4.868999999999999773e+00,9.000000000000000000e+01,8.976007027431843710e+01,2.399297256815615120e-01,-6.582791464897552042e-03
4.870000000000000107e+00,9.000000000000000000e+01,8.976022259230511224e+01,2.397774076948920585e-01,-6.580869386881800509e-03
4.871000000000000441e+00,9.000000000000000000e+01,8.976037481745150615e+01,2.396251825484865539e-01,-6.578935497654796877e-03
4.871999999999999886e+00,9.000000000000000000e+01,8.976052694978783109e+01,2.394730502121678317e-01,-6.576989871118370246e-03
4.873000000000000220e+00,9.000000000000000000e+01,8.976067898934437039e+01,2.393210106556316608e-01,-6.575032580824046596e-03
4.873999999999999666e+00,9.000000000000000000e+01,8.976083093615160635e+01,2.391690638483955356e-01,-6.573063699961086137e-03
4.875000000000000000e+00,9.000000000000000000e+01,8.976098279024013493e+01,2.390172097598625145e-01,-6.571083301379121444e-03
4.876000000000000334e+00,9.000000000000000000e+01,8.976113455164072263e+01,2.388654483592703437e-01,-6.569091457567673847e-03
4.876999999999999780e+00,9.000000000000000000e+01,8.976128622038427807e+01,2.387137796157166869e-01,-6.567088240672706162e-03
4.878000000000000114e+00,9.000000000000000000e+01,8.976143779650182353e+01,2.385622034981720596e-01,-6.565073722494176728e-03
4.879000000000000448e+00,9.000000000000000000e+01,8.976158928002455184e+01,2.384107199754416095e-01,-6.563047974477952129e-03
4.879999999999999893e+00,9.000000000000000000e+01,8.976174067098379794e+01,2.382593290162032251e-01,-6.561011067733449331e-03
4.881000000000000227e+00,9.000000000000000000e+01,8.976189196941101045e+01,2.381080305889948512e-01,-6.558963073024684509e-03
4.881999999999999673e+00,9.000000000000000000e+01,8.976204317533778010e+01,2.379568246622145167e-01,-6.556904060772264509e-03
4.883000000000000007e+00,9.000000000000000000e+01,8.976219428879589657e+01,2.378057112041075116e-01,-6.554834101056047913e-03
4.884000000000000341e+00,9.000000000000000000e+01,8.976234530981719217e+01,2.376546901828047453e-01,-6.552753263625057251e-03
4.884999999999999787e+00,9.000000000000000000e+01,8.976249623843369818e+01,2.375037615662970725e-01,-6.550661617883368759e-03
4.886000000000000121e+00,9.000000000000000000e+01,8.976264707467757376e+01,2.373529253224227475e-01,-6.548559232895895948e-03
4.887000000000000455e+00,9.000000000000000000e+01,8.976279781858110596e+01,2.372021814188927380e-01,-6.546446177400876143e-03
4.887999999999999901e+00,9.000000000000000000e+01,8.976294847017670975e+01,2.370515298232908907e-01,-6.544322519804756516e-03
4.889000000000000234e+00,9.000000000000000000e+01,8.976309902949694219e+01,2.369009705030609980e-01,-6.542188328179460166e-03
4.889999999999999680e+00,9.000000000000000000e+01,8.976324949657447405e+01,2.367505034255197038e-01,-6.540043670268853165e-03
4.891000000000000014e+00,9.000000000000000000e+01,8.976339987144214660e+01,2.366001285578563929e-01,-6.537888613486884937e-03
4.892000000000000348e+00,9.000000000000000000e+01,8.976355015413287219e+01,2.364498458671205616e-01,-6.535723224917060897e-03
4.892999999999999794e+00,9.000000000000000000e+01,8.976370034467976211e+01,2.362996553202343641e-01,-6.533547571320616476e-03
4.894000000000000128e+00,9.000000000000000000e+01,8.976385044311601291e+01,2.361495568839928894e-01,-6.531361719135608118e-03
4.895000000000000462e+00,9.000000000000000000e+01,8.976400044947493484e+01,2.359995505250638559e-01,-6.529165734477163086e-03
4.895999999999999908e+00,9.000000000000000000e+01,8.976415036379000867e+01,2.358496362099878618e-01,-6.526959683138770091e-03
4.897000000000000242e+00,9.000000000000000000e+01,8.976430018609481465e+01,2.356998139051782737e-01,-6.524743630593840549e-03
4.897999999999999687e+00,9.000000000000000000e+01,8.976444991642307514e+01,2.355500835769211709e-01,-6.522517641997946369e-03
4.899000000000000021e+00,9.000000000000000000e+01,8.976459955480861197e+01,2.354004451913881968e-01,-6.520281782191075098e-03
4.900000000000000355e+00,9.000000000000000000e+01,8.976474910128538909e+01,2.352508987146109953e-01,-6.518036115692783100e-03
4.900999999999999801e+00,9.000000000000000000e+01,8.976489855588749833e+01,2.351014441125068022e-01,-6.515780706714709852e-03
4.902000000000000135e+00,9.000000000000000000e+01,8.976504791864911681e+01,2.349520813508782224e-01,-6.513515619155012953e-03
4.903000000000000469e+00,9.000000000000000000e+01,8.976519718960459215e+01,2.348028103954007684e-01,-6.511240916595734812e-03
4.903999999999999915e+00,9.000000000000000000e+01,8.976534636878835727e+01,2.346536312116353773e-01,-6.508956662308943569e-03
4.905000000000000249e+00,9.000000000000000000e+01,8.976549545623500137e+01,2.345045437650030429e-01,-6.506662919254800614e-03
4.905999999999999694e+00,9.000000000000000000e+01,8.976564445197917053e+01,2.343555480208357189e-01,-6.504359750095736747e-03
4.907000000000000028e+00,9.000000000000000000e+01,8.976579335605568133e+01,2.342066439443127035e-01,-6.502047217177557570e-03
4.908000000000000362e+00,9.000000000000000000e+01,8.976594216849946406e+01,2.340578315005369670e-01,-6.499725382554305542e-03
4.908999999999999808e+00,9.000000000000000000e+01,8.976609088934553426e+01,2.339091106544587684e-01,-6.497394307961895654e-03
4.910000000000000142e+00,9.000000000000000000e+01,8.976623951862906381e+01,2.337604813709393548e-01,-6.495054054845111197e-03
4.911000000000000476e+00,9.000000000000000000e+01,8.976638805638529561e+01,2.336119436147000017e-01,-6.492704684340145499e-03
4.911999999999999922e+00,9.000000000000000000e+01,8.976653650264962891e+01,2.334634973503729449e-01,-6.490346257293114901e-03
4.913000000000000256e+00,9.000000000000000000e+01,8.976668485745753401e+01,2.333151425424632164e-01,-6.487978834244029908e-03
4.913999999999999702e+00,9.000000000000000000e+01,8.976683312084462329e+01,2.331668791553740128e-01,-6.485602475438688452e-03
4.915000000000000036e+00,9.000000000000000000e+01,8.976698129284662286e+01,2.330187071533813825e-01,-6.483217240823013761e-03
4.916000000000000369e+00,9.000000000000000000e+01,8.976712937349934407e+01,2.328706265006595111e-01,-6.480823190054860877e-03
4.916999999999999815e+00,9.000000000000000000e+01,8.976727736283871195e+01,2.327226371612808875e-01,-6.478420382498149832e-03
4.918000000000000149e+00,9.000000000000000000e+01,8.976742526090080787e+01,2.325747390991907415e-01,-6.476008877219704973e-03
4.919000000000000483e+00,9.000000000000000000e+01,8.976757306772175582e+01,2.324269322782452352e-01,-6.473588733002615808e-03
4.919999999999999929e+00,9.000000000000000000e+01,8.976772078333782190e+01,2.322792166621733267e-01,-6.471160008334118224e-03
4.921000000000000263e+00,9.000000000000000000e+01,8.976786840778540011e+01,2.321315922146021948e-01,-6.468722761420395151e-03
4.921999999999999709e+00,9.000000000000000000e+01,8.976801594110092708e+01,2.319840588990699781e-01,-6.466277050182683839e-03
4.923000000000000043e+00,9.000000000000000000e+01,8.976816338332100997e+01,2.318366166789875560e-01,-6.463822932248043662e-03
4.924000000000000377e+00,9.000000000000000000e+01,8.976831073448234122e+01,2.316892655176640281e-01,-6.461360464965950484e-03
4.924999999999999822e+00,9.000000000000000000e+01,8.976845799462168429e+01,2.315420053783195098e-01,-6.458889705405878451e-03
4.926000000000000156e+00,9.000000000000000000e+01,8.976860516377594479e+01,2.313948362240595413e-01,-6.456410710348980259e-03
4.927000000000000490e+00,9.000000000000000000e+01,8.976875224198211356e+01,2.312477580178879111e-01,-6.453923536297902219e-03
4.927999999999999936e+00,9.000000000000000000e+01,8.976889922927729515e+01,2.311007707227066277e-01,-6.451428239477086102e-03
4.929000000000000270e+00,9.000000000000000000e+01,8.976904612569867936e+01,2.309538743013159201e-01,-6.448924875833608739e-03
4.929999999999999716e+00,9.000000000000000000e+01,8.976919293128356969e+01,2.308070687164269774e-01,-6.446413501038757154e-03
4.931000000000000050e+00,9.000000000000000000e+01,8.976933964606936911e+01,2.306603539306237294e-01,-6.443894170482345612e-03
4.932000000000000384e+00,9.000000000000000000e+01,8.976948627009358006e+01,2.305137299064265455e-01,-6.441366939291936350e-03
4.932999999999999829e+00,9.000000000000000000e+01,8.976963280339377604e+01,2.303671966062285636e-01,-6.438831862309670612e-03
4.934000000000000163e+00,9.000000000000000000e+01,8.976977924600765846e+01,2.302207539923465385e-01,-6.436288994114320455e-03
4.935000000000000497e+00,9.000000000000000000e+01,8.976992559797301396e+01,2.300744020269827605e-01,-6.433738389007445657e-03
4.935999999999999943e+00,9.000000000000000000e+01,8.977007185932774291e+01,2.299281406722504528e-01,-6.431180101027032109e-03
4.937000000000000277e+00,9.000000000000000000e+01,8.977021803010983092e+01,2.297819698901738261e-01,-6.428614183942749083e-03
4.937999999999999723e+00,9.000000000000000000e+01,8.977036411035732044e+01,2.296358896426752561e-01,-6.426040691253454701e-03
4.939000000000000057e+00,9.000000000000000000e+01,8.977051010010842447e+01,2.294898998915753940e-01,-6.423459676193659512e-03
4.940000000000000391e+00,9.000000000000000000e+01,8.977065599940138441e+01,2.293440005986184804e-01,-6.420871191738782707e-03
4.940999999999999837e+00,9.000000000000000000e+01,8.977080180827455536e+01,2.291981917254470591e-01,-6.418275290594705612e-03
4.942000000000000171e+00,9.000000000000000000e+01,8.977094752676639189e+01,2.290524732336145786e-01,-6.415672025206018564e-03
4.943000000000000504e+00,9.000000000000000000e+01,8.977109315491543384e+01,2.289068450845727076e-01,-6.413061447755243755e-03
4.943999999999999950e+00,9.000000000000000000e+01,8.977123869276030632e+01,2.287613072396967873e-01,-6.410443610170356993e-03
4.945000000000000284e+00,9.000000000000000000e+01,8.977138414033971969e+01,2.286158596602731463e-01,-6.407818564115912857e-03
4.945999999999999730e+00,9.000000000000000000e+01,8.977152949769252643e+01,2.284705023074735109e-01,-6.405186360995036160e-03
4.947000000000000064e+00,9.000000000000000000e+01,8.977167476485757902e+01,2.283252351424188420e-01,-6.402547051966481217e-03
4.948000000000000398e+00,9.000000000000000000e+01,8.977181994187390046e+01,2.281800581261027583e-01,-6.399900687919939796e-03
4.948999999999999844e+00,9.000000000000000000e+01,8.977196502878052797e+01,2.280349712194680856e-01,-6.397247319504265062e-03
4.950000000000000178e+00,9.000000000000000000e+01,8.977211002561665509e+01,2.278899743833431302e-01,-6.394586997103244436e-03
4.951000000000000512e+00,9.000000000000000000e+01,8.977225493242151799e+01,2.277450675784797873e-01,-6.391919770856589744e-03
4.951999999999999957e+00,9.000000000000000000e+01,8.977239974923445232e+01,2.276002507655537355e-01,-6.389245690652970572e-03
4.953000000000000291e+00,9.000000000000000000e+01,8.977254447609486476e+01,2.274555239051387623e-01,-6.386564806125878679e-03
4.953999999999999737e+00,9.000000000000000000e+01,8.977268911304226151e+01,2.273108869577324387e-01,-6.383877166666315772e-03
4.955000000000000071e+00,9.000000000000000000e+01,8.977283366011624821e+01,2.271663398837559245e-01,-6.381182821417530349e-03
4.956000000000000405e+00,9.000000000000000000e+01,8.977297811735645894e+01,2.270218826435413118e-01,-6.378481819271926423e-03
4.956999999999999851e+00,9.000000000000000000e+01,8.977312248480266987e+01,2.268775151973316806e-01,-6.375774208877218324e-03
4.958000000000000185e+00,9.000000000000000000e+01,8.977326676249469983e+01,2.267332375052938109e-01,-6.373060038641197717e-03
4.959000000000000519e+00,9.000000000000000000e+01,8.977341095047248132e+01,2.265890495275180161e-01,-6.370339356728527830e-03
4.959999999999999964e+00,9.000000000000000000e+01,8.977355504877598946e+01,2.264449512240057361e-01,-6.367612211059150984e-03
4.961000000000000298e+00,9.000000000000000000e+01,8.977369905744529888e+01,2.263009425546946285e-01,-6.364878649315099113e-03
4.961999999999999744e+00,9.000000000000000000e+01,8.977384297652058365e+01,2.261570234794206546e-01,-6.362138718931296261e-03
4.963000000000000078e+00,9.000000000000000000e+01,8.977398680604204628e+01,2.260131939579562155e-01,-6.359392467112073150e-03
4.964000000000000412e+00,9.000000000000000000e+01,8.977413054605001719e+01,2.258694539499845610e-01,-6.356639940820984352e-03
4.964999999999999858e+00,9.000000000000000000e+01,8.977427419658486940e+01,2.257258034151253534e-01,-6.353881186789318847e-03
4.966000000000000192e+00,9.000000000000000000e+01,8.977441775768707544e+01,2.255822423129219823e-01,-6.351116251507790689e-03
4.967000000000000526e+00,9.000000000000000000e+01,8.977456122939716465e+01,2.254387706028286864e-01,-6.348345181228828848e-03
4.967999999999999972e+00,9.000000000000000000e+01,8.977470461175578009e+01,2.252953882442234601e-01,-6.345568021976333295e-03
4.969000000000000306e+00,9.000000000000000000e+01,8.977484790480357901e+01,2.251520951964206263e-01,-6.342784819545751324e-03
4.969999999999999751e+00,9.000000000000000000e+01,8.977499110858134657e+01,2.250088914186582079e-01,-6.339995619497197643e-03
4.971000000000000085e+00,9.000000000000000000e+01,8.977513422312991054e+01,2.248657768700851600e-01,-6.337200467158896067e-03
4.972000000000000419e+00,9.000000000000000000e+01,8.977527724849019819e+01,2.247227515097995343e-01,-6.334399407637521934e-03
4.972999999999999865e+00,9.000000000000000000e+01,8.977542018470319363e+01,2.245798152968103700e-01,-6.331592485803925335e-03
4.974000000000000199e+00,9.000000000000000000e+01,8.977556303180992359e+01,2.244369681900757474e-01,-6.328779746306006232e-03
4.975000000000000533e+00,9.000000000000000000e+01,8.977570578985154270e+01,2.242942101484520501e-01,-6.325961233555995461e-03
4.975999999999999979e+00,9.000000000000000000e+01,8.977584845886924825e+01,2.241515411307447303e-01,-6.323136991752149189e-03
4.977000000000000313e+00,9.000000000000000000e+01,8.977599103890432275e+01,2.240089610956828847e-01,-6.320307064864597035e-03
4.977999999999999758e+00,9.000000000000000000e+01,8.977613352999807717e+01,2.238664700019193377e-01,-6.317471496641038908e-03
4.979000000000000092e+00,9.000000000000000000e+01,8.977627593219195035e+01,2.237240678080559542e-01,-6.314630330611394060e-03
4.980000000000000426e+00,9.000000000000000000e+01,8.977641824552739536e+01,2.235817544726055872e-01,-6.311783610076757839e-03
4.980999999999999872e+00,9.000000000000000000e+01,8.977656047004596473e+01,2.234395299540302138e-01,-6.308931378124556233e-03
4.982000000000000206e+00,9.000000000000000000e+01,8.977670260578928207e+01,2.232973942107154275e-01,-6.306073677617554663e-03
4.983000000000000540e+00,9.000000000000000000e+01,8.977684465279901360e+01,2.231553472009832895e-01,-6.303210551201657297e-03
4.983999999999999986e+00,9.000000000000000000e+01,8.977698661111692502e+01,2.230133888830794220e-01,-6.300342041304453355e-03
4.985000000000000320e+00,9.000000000000000000e+01,8.977712848078481045e+01,2.228715192151859148e-01,-6.297468190142329475e-03
4.985999999999999766e+00,9.000000000000000000e+01,8.977727026184456349e+01,2.227297381554339262e-01,-6.294589039718630902e-03
4.987000000000000099e+00,9.000000000000000000e+01,8.977741195433812038e+01,2.225880456618783421e-01,-6.291704631815442372e-03
4.988000000000000433e+00,9.000000000000000000e+01,8.977755355830748840e+01,2.224464416925103771e-01,-6.288815008003375423e-03
4.988999999999999879e+00,9.000000000000000000e+01,8.977769507379474589e+01,2.223049262052576303e-01,-6.285920209641651657e-03
4.990000000000000213e+00,9.000000000000000000e+01,8.977783650084201383e+01,2.221634991579841401e-01,-6.283020277878605814e-03
4.991000000000000547e+00,9.000000000000000000e+01,8.977797783949151267e+01,2.220221605084903016e-01,-6.280115253652785584e-03
4.991999999999999993e+00,9.000000000000000000e+01,8.977811908978549127e+01,2.218809102145129220e-01,-6.277205177694172855e-03
4.993000000000000327e+00,9.000000000000000000e+01,8.977826025176625535e+01,2.217397482337378767e-01,-6.274290090525751901e-03
4.993999999999999773e+00,9.000000000000000000e+01,8.977840132547621010e+01,2.215986745237874533e-01,-6.271370032457639077e-03
4.995000000000000107e+00,9.000000000000000000e+01,8.977854231095778914e+01,2.214576890422076116e-01,-6.268445043591103910e-03
4.996000000000000441e+00,9.000000000000000000e+01,8.977868320825351134e+01,2.213167917464934076e-01,-6.265515163829372958e-03
4.996999999999999886e+00,9.000000000000000000e+01,8.977882401740590979e+01,2.211759825940890767e-01,-6.262580432870840097e-03
4.998000000000000220e+00,9.000000000000000000e+01,8.977896473845763126e+01,2.210352615423623879e-01,-6.259640890204972580e-03
4.998999999999999666e+00,9.000000000000000000e+01,8.977910537145135095e+01,2.208946285486430572e-01,-6.256696575124769816e-03
5.000000000000000000e+00,9.000000000000000000e+01,8.977924591642981511e+01,2.207540835701844451e-01,-6.253747526713888255e-03
5.001000000000000334e+00,9.000000000000000000e+01,8.977938637343581263e+01,2.206136265641889804e-01,-6.250793783860411623e-03
5.001999999999999780e+00,9.000000000000000000e+01,8.977952674251218923e+01,2.204732574878082441e-01,-6.247835385252194923e-03
5.003000000000000114e+00,9.000000000000000000e+01,8.977966702370187591e+01,2.203329762981174611e-01,-6.244872369374210308e-03
5.004000000000000448e+00,9.000000000000000000e+01,8.977980721704783207e+01,2.201927829521664326e-01,-6.241904774522129967e-03
5.004999999999999893e+00,9.000000000000000000e+01,8.977994732259308819e+01,2.200526774069158642e-01,-6.238932638782473949e-03
5.006000000000000227e+00,9.000000000000000000e+01,8.978008734038070315e+01,2.199126596193010930e-01,-6.235956000056722820e-03
5.006999999999999673e+00,9.000000000000000000e+01,8.978022727045382112e+01,2.197727295461810171e-01,-6.232974896041333646e-03
5.008000000000000007e+00,9.000000000000000000e+01,8.978036711285562887e+01,2.196328871443764819e-01,-6.229989364244178235e-03
5.009000000000000341e+00,9.000000000000000000e+01,8.978050686762935584e+01,2.194931323706446336e-01,-6.226999441974249289e-03
5.009999999999999787e+00,9.000000000000000000e+01,8.978064653481830248e+01,2.193534651816917980e-01,-6.224005166349810131e-03
5.011000000000000121e+00,9.000000000000000000e+01,8.978078611446584034e+01,2.192138855341606019e-01,-6.221006574297371222e-03
5.012000000000000455e+00,9.000000000000000000e+01,8.978092560661532673e+01,2.190743933846683034e-01,-6.218003702558805995e-03
5.012999999999999901e+00,9.000000000000000000e+01,8.978106501131024686e+01,2.189349886897558051e-01,-6.214996587674517098e-03
5.014000000000000234e+00,9.000000000000000000e+01,8.978120432859408595e+01,2.187956714059131058e-01,-6.211985266002070794e-03
5.014999999999999680e+00,9.000000000000000000e+01,8.978134355851040027e+01,2.186564414896048081e-01,-6.208969773714875101e-03
5.016000000000000014e+00,9.000000000000000000e+01,8.978148270110278872e+01,2.185172988972063912e-01,-6.205950146786785859e-03
5.017000000000000348e+00,9.000000000000000000e+01,8.978162175641492126e+01,2.183782435850806503e-01,-6.202926421019203107e-03
5.017999999999999794e+00,9.000000000000000000e+01,8.978176072449046785e+01,2.182392755095267645e-01,-6.199898632015816979e-03
5.019000000000000128e+00,9.000000000000000000e+01,8.978189960537322634e+01,2.181003946267802973e-01,-6.196866815195212208e-03
5.020000000000000462e+00,9.000000000000000000e+01,8.978203839910695194e+01,2.179616008930514159e-01,-6.193831005800357059e-03
5.020999999999999908e+00,9.000000000000000000e+01,8.978217710573552779e+01,2.178228942644738486e-01,-6.190791238883237152e-03
5.022000000000000242e+00,9.000000000000000000e+01,8.978231572530283700e+01,2.176842746971686948e-01,-6.187747549324565388e-03
5.022999999999999687e+00,9.000000000000000000e+01,8.978245425785281952e+01,2.175457421471806707e-01,-6.184699971810661556e-03
5.024000000000000021e+00,9.000000000000000000e+01,8.978259270342947218e+01,2.174072965705290683e-01,-6.181648540855205765e-03
5.025000000000000355e+00,9.000000000000000000e+01,8.978273106207683441e+01,2.172689379231695916e-01,-6.178593290785086567e-03
5.025999999999999801e+00,9.000000000000000000e+01,8.978286933383897406e+01,2.171306661610324651e-01,-6.175534255753376695e-03
5.027000000000000135e+00,9.000000000000000000e+01,8.978300751876003005e+01,2.169924812399715852e-01,-6.172471469726489163e-03
5.028000000000000469e+00,9.000000000000000000e+01,8.978314561688416973e+01,2.168543831158281088e-01,-6.169404966505646210e-03
5.028999999999999915e+00,9.000000000000000000e+01,8.978328362825563147e+01,2.167163717443669202e-01,-6.166334779705014840e-03
5.030000000000000249e+00,9.000000000000000000e+01,8.978342155291865367e+01,2.165784470813401086e-01,-6.163260942774213130e-03
5.030999999999999694e+00,9.000000000000000000e+01,8.978355939091755999e+01,2.164406090824362305e-01,-6.160183488977205579e-03
5.032000000000000028e+00,9.000000000000000000e+01,8.978369714229668830e+01,2.163028577033055677e-01,-6.157102451408019705e-03
5.033000000000000362e+00,9.000000000000000000e+01,8.978383480710043330e+01,2.161651928995603489e-01,-6.154017862987137821e-03
5.033999999999999808e+00,9.000000000000000000e+01,8.978397238537323233e+01,2.160276146267618713e-01,-6.150929756459581899e-03
5.035000000000000142e+00,9.000000000000000000e+01,8.978410987715956537e+01,2.158901228404332129e-01,-6.147838164401391026e-03
5.036000000000000476e+00,9.000000000000000000e+01,8.978424728250395503e+01,2.157527174960466310e-01,-6.144743119217369737e-03
5.036999999999999922e+00,9.000000000000000000e+01,8.978438460145093813e+01,2.156153985490616432e-01,-6.141644653147253219e-03
5.038000000000000256e+00,9.000000000000000000e+01,8.978452183404513676e+01,2.154781659548614114e-01,-6.138542798248176197e-03
5.038999999999999702e+00,9.000000000000000000e+01,8.978465898033118719e+01,2.153410196688164135e-01,-6.135437586420284389e-03
5.040000000000000036e+00,9.000000000000000000e+01,8.978479604035376838e+01,2.152039596462335114e-01,-6.132329049387718473e-03
5.041000000000000369e+00,9.000000000000000000e+01,8.978493301415758765e+01,2.150669858424067715e-01,-6.129217218715649063e-03
5.041999999999999815e+00,9.000000000000000000e+01,8.978506990178743763e+01,2.149300982125667558e-01,-6.126102125792804581e-03
5.043000000000000149e+00,9.000000000000000000e+01,8.978520670328809672e+01,2.147932967119057790e-01,-6.122983801849609525e-03
5.044000000000000483e+00,9.000000000000000000e+01,8.978534341870440016e+01,2.146565812956034713e-01,-6.119862277956349128e-03
5.044999999999999929e+00,9.000000000000000000e+01,8.978548004808122585e+01,2.145199519187758752e-01,-6.116737585007473582e-03
5.046000000000000263e+00,9.000000000000000000e+01,8.978561659146348006e+01,2.143834085365134978e-01,-6.113609753740895103e-03
5.046999999999999709e+00,9.000000000000000000e+01,8.978575304889612596e+01,2.142469511038688212e-01,-6.110478814729581459e-03
5.048000000000000043e+00,9.000000000000000000e+01,8.978588942042415511e+01,2.141105795758432850e-01,-6.107344798383592538e-03
5.049000000000000377e+00,9.000000000000000000e+01,8.978602570609257327e+01,2.139742939074257000e-01,-6.104207734959361115e-03
5.049999999999999822e+00,9.000000000000000000e+01,8.978616190594644308e+01,2.138380940535540009e-01,-6.101067654544357899e-03
5.051000000000000156e+00,9.000000000000000000e+01,8.978629802003086979e+01,2.137019799691279032e-01,-6.097924587069085411e-03
5.052000000000000490e+00,9.000000000000000000e+01,8.978643404839097286e+01,2.135659516090216703e-01,-6.094778562308569847e-03
5.052999999999999936e+00,9.000000000000000000e+01,8.978656999107192860e+01,2.134300089280714297e-01,-6.091629609876254847e-03
5.054000000000000270e+00,9.000000000000000000e+01,8.978670584811892752e+01,2.132941518810752002e-01,-6.088477759227724218e-03
5.054999999999999716e+00,9.000000000000000000e+01,8.978684161957720278e+01,2.131583804227926982e-01,-6.085323039663744632e-03
5.056000000000000050e+00,9.000000000000000000e+01,8.978697730549204437e+01,2.130226945079582990e-01,-6.082165480332774044e-03
5.057000000000000384e+00,9.000000000000000000e+01,8.978711290590871386e+01,2.128870940912808984e-01,-6.079005110225771391e-03
5.057999999999999829e+00,9.000000000000000000e+01,8.978724842087258651e+01,2.127515791274185164e-01,-6.075841958172907564e-03
5.059000000000000163e+00,9.000000000000000000e+01,8.978738385042899495e+01,2.126161495710037208e-01,-6.072676052856683382e-03
5.060000000000000497e+00,9.000000000000000000e+01,8.978751919462335707e+01,2.124808053766436555e-01,-6.069507422806638686e-03
5.060999999999999943e+00,9.000000000000000000e+01,8.978765445350109076e+01,2.123455464989072172e-01,-6.066336096395931465e-03
5.062000000000000277e+00,9.000000000000000000e+01,8.978778962710767075e+01,2.122103728923252497e-01,-6.063162101847069385e-03
5.062999999999999723e+00,9.000000000000000000e+01,8.978792471548858600e+01,2.120752845114158014e-01,-6.059985467236132101e-03
5.064000000000000057e+00,9.000000000000000000e+01,8.978805971868935387e+01,2.119402813106460726e-01,-6.056806220481301267e-03
5.065000000000000391e+00,9.000000000000000000e+01,8.978819463675554857e+01,2.118053632444577561e-01,-6.053624389357664670e-03
5.065999999999999837e+00,9.000000000000000000e+01,8.978832946973273010e+01,2.116705302672671762e-01,-6.050440001493073705e-03
5.067000000000000171e+00,9.000000000000000000e+01,8.978846421766652952e+01,2.115357823334651777e-01,-6.047253084365569048e-03
5.068000000000000504e+00,9.000000000000000000e+01,8.978859888060259209e+01,2.114011193974044134e-01,-6.044063665302086552e-03
5.068999999999999950e+00,9.000000000000000000e+01,8.978873345858659150e+01,2.112665414134121400e-01,-6.040871771485385733e-03
5.070000000000000284e+00,9.000000000000000000e+01,8.978886795166421564e+01,2.111320483357774225e-01,-6.037677429951829322e-03
5.070999999999999730e+00,9.000000000000000000e+01,8.978900235988122347e+01,2.109976401187766137e-01,-6.034480667597760112e-03
5.072000000000000064e+00,9.000000000000000000e+01,8.978913668328334552e+01,2.108633167166605871e-01,-6.031281511169366699e-03
5.073000000000000398e+00,9.000000000000000000e+01,8.978927092191636916e+01,2.107290780836293953e-01,-6.028079987263512685e-03
5.073999999999999844e+00,9.000000000000000000e+01,8.978940507582612440e+01,2.105949241738702959e-01,-6.024876122343623269e-03
5.075000000000000178e+00,9.000000000000000000e+01,8.978953914505845546e+01,2.104608549415451502e-01,-6.021669942728801600e-03
5.076000000000000512e+00,9.000000000000000000e+01,8.978967312965920655e+01,2.103268703407903673e-01,-6.018461474594120203e-03
5.076999999999999957e+00,9.000000000000000000e+01,8.978980702967429295e+01,2.101929703257041648e-01,-6.015250743971141401e-03
5.078000000000000291e+00,9.000000000000000000e+01,8.978994084514961571e+01,2.100591548503847883e-01,-6.012037776756226637e-03
5.078999999999999737e+00,9.000000000000000000e+01,8.979007457613113274e+01,2.099254238688668395e-01,-6.008822598694261302e-03
5.080000000000000071e+00,9.000000000000000000e+01,8.979020822266481616e+01,2.097917773351849757e-01,-6.005605235405064163e-03
5.081000000000000405e+00,9.000000000000000000e+01,8.979034178479665229e+01,2.096582152033483470e-01,-6.002385712364902148e-03
5.081999999999999851e+00,9.000000000000000000e+01,8.979047526257267009e+01,2.095247374273279950e-01,-5.999164054908807941e-03
5.083000000000000185e+00,9.000000000000000000e+01,8.979060865603889852e+01,2.093913439610949334e-01,-5.995940288240179938e-03
5.084000000000000519e+00,9.000000000000000000e+01,8.979074196524142337e+01,2.092580347585692446e-01,-5.992714437415346679e-03
5.084999999999999964e+00,9.000000000000000000e+01,8.979087519022634467e+01,2.091248097736583544e-01,-5.989486527363089424e-03
5.086000000000000298e+00,9.000000000000000000e+01,8.979100833103976242e+01,2.089916689602442368e-01,-5.986256582876291199e-03
5.086999999999999744e+00,9.000000000000000000e+01,8.979114138772780507e+01,2.088586122721960980e-01,-5.983024628613872742e-03
5.088000000000000078e+00,9.000000000000000000e+01,8.979127436033665788e+01,2.087256396633450084e-01,-5.979790689095140777e-03
5.089000000000000412e+00,9.000000000000000000e+01,8.979140724891250613e+01,2.085927510874966140e-01,-5.976554788711074123e-03
5.089999999999999858e+00,9.000000000000000000e+01,8.979154005350154932e+01,2.084599464984565331e-01,-5.973316951725125140e-03
5.091000000000000192e+00,9.000000000000000000e+01,8.979167277415000115e+01,2.083272258500049323e-01,-5.970077202259244792e-03
5.092000000000000526e+00,9.000000000000000000e+01,8.979180541090413215e+01,2.081945890958711021e-01,-5.966835564299423356e-03
5.092999999999999972e+00,9.000000000000000000e+01,8.979193796381019865e+01,2.080620361897970727e-01,-5.963592061714786258e-03
5.094000000000000306e+00,9.000000000000000000e+01,8.979207043291451384e+01,2.079295670854866829e-01,-5.960346718234060814e-03
5.094999999999999751e+00,9.000000000000000000e+01,8.979220281826336247e+01,2.077971817366310314e-01,-5.957099557459367284e-03
5.096000000000000085e+00,9.000000000000000000e+01,8.979233511990310035e+01,2.076648800968958486e-01,-5.953850602861195107e-03
5.097000000000000419e+00,9.000000000000000000e+01,8.979246733788006907e+01,2.075326621199340416e-01,-5.950599877782739716e-03
5.097999999999999865e+00,9.000000000000000000e+01,8.979259947224063865e+01,2.074005277593604368e-01,-5.947347405435930018e-03
5.099000000000000199e+00,9.000000000000000000e+01,8.979273152303120753e+01,2.072684769687898054e-01,-5.944093208913807380e-03
5.100000000000000533e+00,9.000000000000000000e+01,8.979286349029818837e+01,2.071365097018114665e-01,-5.940837311177209895e-03
5.100999999999999979e+00,9.000000000000000000e+01,8.979299537408800802e+01,2.070046259119893983e-01,-5.937579735060743297e-03
5.102000000000000313e+00,9.000000000000000000e+01,8.979312717444712177e+01,2.068728255528747006e-01,-5.934320503277256548e-03
5.102999999999999758e+00,9.000000000000000000e+01,8.979325889142199912e+01,2.067411085780058999e-01,-5.931059638413876262e-03
5.104000000000000092e+00,9.000000000000000000e+01,8.979339052505910956e+01,2.066094749408959319e-01,-5.927797162929619723e-03
5.105000000000000426e+00,9.000000000000000000e+01,8.979352207540495101e+01,2.064779245950451592e-01,-5.924533099161490707e-03
5.105999999999999872e+00,9.000000000000000000e+01,8.979365354250607822e+01,2.063464574939283813e-01,-5.921267469321624122e-03
5.107000000000000206e+00,9.000000000000000000e+01,8.979378492640898912e+01,2.062150735910077415e-01,-5.918000295503177133e-03
5.108000000000000540e+00,9.000000000000000000e+01,8.979391622716026689e+01,2.060837728397326429e-01,-5.914731599677126861e-03
5.108999999999999986e+00,9.000000000000000000e+01,8.979404744480646627e+01,2.059525551935397769e-01,-5.911461403690636274e-03
5.110000000000000320e+00,9.000000000000000000e+01,8.979417857939417047e+01,2.058214206058276152e-01,-5.908189729266016821e-03
5.110999999999999766e+00,9.000000000000000000e+01,8.979430963097000529e+01,2.056903690299947129e-01,-5.904916598015383378e-03
5.112000000000000099e+00,9.000000000000000000e+01,8.979444059958056812e+01,2.055594004194268298e-01,-5.901642031428858126e-03
5.113000000000000433e+00,9.000000000000000000e+01,8.979457148527249899e+01,2.054285147274970413e-01,-5.898366050874011973e-03
5.113999999999999879e+00,9.000000000000000000e+01,8.979470228809245214e+01,2.052977119075529988e-01,-5.895088677595913124e-03
5.115000000000000213e+00,9.000000000000000000e+01,8.979483300808708179e+01,2.051669919129168462e-01,-5.891809932724863946e-03
5.116000000000000547e+00,9.000000000000000000e+01,8.979496364530307062e+01,2.050363546969234951e-01,-5.888529837282288626e-03
5.116999999999999993e+00,9.000000000000000000e+01,8.979509419978711549e+01,2.049058002128824330e-01,-5.885248412162535914e-03
5.118000000000000327e+00,9.000000000000000000e+01,8.979522467158592747e+01,2.047753284140776120e-01,-5.881965678143131343e-03
5.118999999999999773e+00,9.000000000000000000e+01,8.979535506074620343e+01,2.046449392537930956e-01,-5.878681655892097763e-03
5.120000000000000107e+00,9.000000000000000000e+01,8.979548536731471131e+01,2.045146326852874397e-01,-5.875396365958511502e-03
5.121000000000000441e+00,9.000000000000000000e+01,8.979561559133817639e+01,2.043844086618192279e-01,-5.872109828781189866e-03
5.121999999999999886e+00,9.000000000000000000e+01,8.979574573286338079e+01,2.042542671366215368e-01,-5.868822064680059153e-03
5.123000000000000220e+00,9.000000000000000000e+01,8.979587579193707825e+01,2.041242080629275257e-01,-5.865533093865508280e-03
5.123999999999999666e+00,9.000000000000000000e+01,8.979600576860605088e+01,2.039942313939448748e-01,-5.862242936430117624e-03
5.125000000000000000e+00,9.000000000000000000e+01,8.979613566291712345e+01,2.038643370828812362e-01,-5.858951612358335309e-03
5.126000000000000334e+00,9.000000000000000000e+01,8.979626547491707811e+01,2.037345250829188936e-01,-5.855659141518410743e-03
5.126999999999999780e+00,9.000000000000000000e+01,8.979639520465275382e+01,2.036047953472400474e-01,-5.852365543672174986e-03
5.128000000000000114e+00,9.000000000000000000e+01,8.979652485217098956e+01,2.034751478290142135e-01,-5.849070838467182454e-03
5.129000000000000448e+00,9.000000000000000000e+01,8.979665441751861010e+01,2.033455824813854562e-01,-5.845775045438924428e-03
5.129999999999999893e+00,9.000000000000000000e+01,8.979678390074248284e+01,2.032160992575105796e-01,-5.842478184020248599e-03
5.131000000000000227e+00,9.000000000000000000e+01,8.979691330188948939e+01,2.030866981105081959e-01,-5.839180273525822890e-03
5.131999999999999673e+00,9.000000000000000000e+01,8.979704262100648293e+01,2.029573789935096850e-01,-5.835881333171394347e-03
5.133000000000000007e+00,9.000000000000000000e+01,8.979717185814035929e+01,2.028281418596336039e-01,-5.832581382057753366e-03
5.134000000000000341e+00,9.000000000000000000e+01,8.979730101333802850e+01,2.026989866619731961e-01,-5.829280439174706202e-03
5.134999999999999787e+00,9.000000000000000000e+01,8.979743008664637216e+01,2.025699133536215946e-01,-5.825978523411629029e-03
5.136000000000000121e+00,9.000000000000000000e+01,8.979755907811234295e+01,2.024409218876593031e-01,-5.822675653550251490e-03
5.137000000000000455e+00,9.000000000000000000e+01,8.979768798778283667e+01,2.023120122171667423e-01,-5.819371848267255315e-03
5.137999999999999901e+00,9.000000000000000000e+01,8.979781681570479179e+01,2.021831842952116765e-01,-5.816067126129080556e-03
5.139000000000000234e+00,9.000000000000000000e+01,8.979794556192516097e+01,2.020544380748363622e-01,-5.812761505595894634e-03
5.139999999999999680e+00,9.000000000000000000e+01,8.979807422649089688e+01,2.019257735090958239e-01,-5.809455005032253955e-03
5.141000000000000014e+00,9.000000000000000000e+01,8.979820280944896638e+01,2.017971905510323738e-01,-5.806147642692376099e-03
5.142000000000000348e+00,9.000000000000000000e+01,8.979833131084633635e+01,2.016686891536628445e-01,-5.802839436725066441e-03
5.142999999999999794e+00,9.000000000000000000e+01,8.979845973072997367e+01,2.015402692700294929e-01,-5.799530405184907117e-03
5.144000000000000128e+00,9.000000000000000000e+01,8.979858806914685943e+01,2.014119308531364949e-01,-5.796220566010555630e-03
5.145000000000000462e+00,9.000000000000000000e+01,8.979871632614401733e+01,2.012836738559879712e-01,-5.792909937047077684e-03
5.145999999999999908e+00,9.000000000000000000e+01,8.979884450176841426e+01,2.011554982315880147e-01,-5.789598536039639726e-03
5.147000000000000242e+00,9.000000000000000000e+01,8.979897259606707394e+01,2.010274039329280338e-01,-5.786286380629095810e-03
5.147999999999999687e+00,9.000000000000000000e+01,8.979910060908700586e+01,2.008993909129994371e-01,-5.782973488356924624e-03
5.149000000000000021e+00,9.000000000000000000e+01,8.979922854087521955e+01,2.007714591247809210e-01,-5.779659876661315948e-03
5.150000000000000355e+00,9.000000000000000000e+01,8.979935639147875293e+01,2.006436085212511267e-01,-5.776345562882211765e-03
5.150999999999999801e+00,9.000000000000000000e+01,8.979948416094462971e+01,2.005158390553760661e-01,-5.773030564257704972e-03
5.152000000000000135e+00,9.000000000000000000e+01,8.979961184931988782e+01,2.003881506801089007e-01,-5.769714897929174163e-03
5.153000000000000469e+00,9.000000000000000000e+01,8.979973945665157942e+01,2.002605433484156705e-01,-5.766398580945207575e-03
5.153999999999999915e+00,9.000000000000000000e+01,8.979986698298675662e+01,2.001330170132368247e-01,-5.763081630249695941e-03
5.155000000000000249e+00,9.000000000000000000e+01,8.979999442837247159e+01,2.000055716275256079e-01,-5.759764062696053760e-03
5.155999999999999694e+00,9.000000000000000000e+01,8.980012179285577645e+01,1.998782071442225805e-01,-5.756445895035201127e-03
5.157000000000000028e+00,9.000000000000000000e+01,8.980024907648373755e+01,1.997509235162554797e-01,-5.753127143922235481e-03
5.158000000000000362e+00,9.000000000000000000e+01,8.980037627930343547e+01,1.996237206965648381e-01,-5.749807825921379040e-03
5.158999999999999808e+00,9.000000000000000000e+01,8.980050340136192233e+01,1.994965986380784484e-01,-5.746487957494803706e-03
5.160000000000000142e+00,9.000000000000000000e+01,8.980063044270629291e+01,1.993695572937113636e-01,-5.743167555010031400e-03
5.161000000000000476e+00,9.000000000000000000e+01,8.980075740338362777e+01,1.992425966163786921e-01,-5.739846634745304765e-03
5.161999999999999922e+00,9.000000000000000000e+01,8.980088428344099327e+01,1.991157165590081712e-01,-5.736525212886142006e-03
5.163000000000000256e+00,9.000000000000000000e+01,8.980101108292549839e+01,1.989889170745021973e-01,-5.733203305515795906e-03
5.163999999999999702e+00,9.000000000000000000e+01,8.980113780188422368e+01,1.988621981157757956e-01,-5.729880928631178594e-03
5.165000000000000036e+00,9.000000000000000000e+01,8.980126444036426392e+01,1.987355596357313348e-01,-5.726558098131807883e-03
5.166000000000000369e+00,9.000000000000000000e+01,8.980139099841272809e+01,1.986090015872711556e-01,-5.723234829827391484e-03
5.166999999999999815e+00,9.000000000000000000e+01,8.980151747607671098e+01,1.984825239232848870e-01,-5.719911139435793906e-03
5.168000000000000149e+00,9.000000000000000000e+01,8.980164387340332155e+01,1.983561265966748977e-01,-5.716587042589399426e-03
5.169000000000000483e+00,9.000000000000000000e+01,8.980177019043965458e+01,1.982298095603434729e-01,-5.713262554824863337e-03
5.169999999999999929e+00,9.000000000000000000e+01,8.980189642723281906e+01,1.981035727671802971e-01,-5.709937691583632374e-03
5.171000000000000263e+00,9.000000000000000000e+01,8.980202258382992397e+01,1.979774161700749435e-01,-5.706612468220077089e-03
5.171999999999999709e+00,9.000000000000000000e+01,8.980214866027809251e+01,1.978513397219043846e-01,-5.703286899999937543e-03
5.173000000000000043e+00,9.000000000000000000e+01,8.980227465662443365e+01,1.977253433755708778e-01,-5.699961002106887498e-03
5.174000000000000377e+00,9.000000000000000000e+01,8.980240057291604217e+01,1.975994270839513955e-01,-5.696634789625090040e-03
5.174999999999999822e+00,9.000000000000000000e+01,8.980252640920006968e+01,1.974735907999355389e-01,-5.693308277557002778e-03
5.176000000000000156e+00,9.000000000000000000e+01,8.980265216552359675e+01,1.973478344764001968e-01,-5.689981480813691150e-03
5.177000000000000490e+00,9.000000000000000000e+01,8.980277784193376078e+01,1.972221580662349982e-01,-5.686654414223286935e-03
5.177999999999999936e+00,9.000000000000000000e+01,8.980290343847767076e+01,1.970965615223295997e-01,-5.683327092522106466e-03
5.179000000000000270e+00,9.000000000000000000e+01,8.980302895520244988e+01,1.969710447975481227e-01,-5.679999530356253518e-03
5.179999999999999716e+00,9.000000000000000000e+01,8.980315439215522133e+01,1.968456078447802238e-01,-5.676671742297832030e-03
5.181000000000000050e+00,9.000000000000000000e+01,8.980327974938307989e+01,1.967202506169155596e-01,-5.673343742826755798e-03
5.182000000000000384e+00,9.000000000000000000e+01,8.980340502693317717e+01,1.965949730668182516e-01,-5.670015546332982798e-03
5.182999999999999829e+00,9.000000000000000000e+01,8.980353022485260794e+01,1.964697751473906684e-01,-5.666687167133449554e-03
5.184000000000000163e+00,9.000000000000000000e+01,8.980365534318850962e+01,1.963446568114969870e-01,-5.663358619446810099e-03
5.185000000000000497e+00,9.000000000000000000e+01,8.980378038198797697e+01,1.962196180120268363e-01,-5.660029917420615619e-03
5.185999999999999943e+00,9.000000000000000000e+01,8.980390534129813318e+01,1.960946587018698450e-01,-5.656701075113380883e-03
5.187000000000000277e+00,9.000000000000000000e+01,8.980403022116610146e+01,1.959697788339029301e-01,-5.653372106497189797e-03
5.187999999999999723e+00,9.000000000000000000e+01,8.980415502163897656e+01,1.958449783610284045e-01,-5.650043025467149649e-03
5.189000000000000057e+00,9.000000000000000000e+01,8.980427974276388170e+01,1.957202572361231574e-01,-5.646713845825830635e-03
5.190000000000000391e+00,9.000000000000000000e+01,8.980440438458794006e+01,1.955956154120641610e-01,-5.643384581302521297e-03
5.190999999999999837e+00,9.000000000000000000e+01,8.980452894715823220e+01,1.954710528417664128e-01,-5.640055245552024615e-03
5.192000000000000171e+00,9.000000000000000000e+01,8.980465343052189553e+01,1.953465694781068296e-01,-5.636725852131516806e-03
5.193000000000000504e+00,9.000000000000000000e+01,8.980477783472601061e+01,1.952221652739878077e-01,-5.633396414529447810e-03
5.193999999999999950e+00,9.000000000000000000e+01,8.980490215981770064e+01,1.950978401822988928e-01,-5.630066946148658963e-03
5.195000000000000284e+00,9.000000000000000000e+01,8.980502640584404617e+01,1.949735941559552210e-01,-5.626737460317152162e-03
5.195999999999999730e+00,9.000000000000000000e+01,8.980515057285215619e+01,1.948494271478463657e-01,-5.623407970273486961e-03
5.197000000000000064e+00,9.000000000000000000e+01,8.980527466088912547e+01,1.947253391108747234e-01,-5.620078489186594584e-03
5.198000000000000398e+00,9.000000000000000000e+01,8.980539867000204879e+01,1.946013299979553191e-01,-5.616749030147524108e-03
5.198999999999999844e+00,9.000000000000000000e+01,8.980552260023799249e+01,1.944773997620032335e-01,-5.613419606163773390e-03
5.200000000000000178e+00,9.000000000000000000e+01,8.980564645164406556e+01,1.943535483559335475e-01,-5.610090230163129743e-03
5.201000000000000512e+00,9.000000000000000000e+01,8.980577022426733436e+01,1.942297757326613139e-01,-5.606760914996494066e-03
5.201999999999999957e+00,9.000000000000000000e+01,8.980589391815489364e+01,1.941060818451016134e-01,-5.603431673440066596e-03
5.203000000000000291e+00,9.000000000000000000e+01,8.980601753335380977e+01,1.939824666461949509e-01,-5.600102518197137141e-03
5.203999999999999737e+00,9.000000000000000000e+01,8.980614106991114909e+01,1.938589300888564071e-01,-5.596773461884533424e-03
5.205000000000000071e+00,9.000000000000000000e+01,8.980626452787397795e+01,1.937354721260264589e-01,-5.593444517053278164e-03
5.206000000000000405e+00,9.000000000000000000e+01,8.980638790728934850e+01,1.936120927106456668e-01,-5.590115696173354742e-03
5.206999999999999851e+00,9.000000000000000000e+01,8.980651120820434130e+01,1.934887917956545356e-01,-5.586787011638234823e-03
5.208000000000000185e+00,9.000000000000000000e+01,8.980663443066600848e+01,1.933655693339935422e-01,-5.583458475768153517e-03
5.209000000000000519e+00,9.000000000000000000e+01,8.980675757472138798e+01,1.932424252786159591e-01,-5.580130100812652483e-03
5.209999999999999964e+00,9.000000000000000000e+01,8.980688064041751772e+01,1.931193595824877429e-01,-5.576801898945184938e-03
5.211000000000000298e+00,9.000000000000000000e+01,8.980700362780143564e+01,1.929963721985620828e-01,-5.573473882259347839e-03
5.211999999999999744e+00,9.000000000000000000e+01,8.980712653692019387e+01,1.928734630798049909e-01,-5.570146062781586999e-03
5.213000000000000078e+00,9.000000000000000000e+01,8.980724936782080192e+01,1.927506321791951360e-01,-5.566818452465167183e-03
5.214000000000000412e+00,9.000000000000000000e+01,8.980737212055028351e+01,1.926278794497111591e-01,-5.563491063186310620e-03
5.214999999999999858e+00,9.000000000000000000e+01,8.980749479515566236e+01,1.925052048443317843e-01,-5.560163906749023000e-03
5.216000000000000192e+00,9.000000000000000000e+01,8.980761739168394797e+01,1.923826083160483924e-01,-5.556836994888791903e-03
5.217000000000000526e+00,9.000000000000000000e+01,8.980773991018214986e+01,1.922600898178523920e-01,-5.553510339267830193e-03
5.217999999999999972e+00,9.000000000000000000e+01,8.980786235069724910e+01,1.921376493027478760e-01,-5.550183951479392003e-03
5.219000000000000306e+00,9.000000000000000000e+01,8.980798471327625521e+01,1.920152867237390482e-01,-5.546857843043550423e-03
5.219999999999999751e+00,9.000000000000000000e+01,8.980810699796616348e+01,1.918930020338426579e-01,-5.543532025411905539e-03
5.221000000000000085e+00,9.000000000000000000e+01,8.980822920481392657e+01,1.917707951860756210e-01,-5.540206509963573750e-03
5.222000000000000419e+00,9.000000000000000000e+01,8.980835133386652558e+01,1.916486661334674824e-01,-5.536881308010065811e-03
5.222999999999999865e+00,9.000000000000000000e+01,8.980847338517095579e+01,1.915266148290478143e-01,-5.533556430791432279e-03
5.224000000000000199e+00,9.000000000000000000e+01,8.980859535877414146e+01,1.914046412258588736e-01,-5.530231889481162372e-03
5.225000000000000533e+00,9.000000000000000000e+01,8.980871725472304945e+01,1.912827452769557401e-01,-5.526907695182405739e-03
5.225999999999999979e+00,9.000000000000000000e+01,8.980883907306460401e+01,1.911609269353933549e-01,-5.523583858925460582e-03
5.227000000000000313e+00,9.000000000000000000e+01,8.980896081384577201e+01,1.910391861542267977e-01,-5.520260391673668249e-03
5.227999999999999758e+00,9.000000000000000000e+01,8.980908247711347769e+01,1.909175228865237495e-01,-5.516937304327777791e-03
5.229000000000000092e+00,9.000000000000000000e+01,8.980920406291461688e+01,1.907959370853774261e-01,-5.513614607721671612e-03
5.230000000000000426e+00,9.000000000000000000e+01,8.980932557129614224e+01,1.906744287038555363e-01,-5.510292312612078552e-03
5.230999999999999872e+00,9.000000000000000000e+01,8.980944700230493538e+01,1.905529976950639803e-01,-5.506970429701454894e-03
5.232000000000000206e+00,9.000000000000000000e+01,8.980956835598790633e+01,1.904316440120959741e-01,-5.503648969616827674e-03
5.233000000000000540e+00,9.000000000000000000e+01,8.980968963239192249e+01,1.903103676080701301e-01,-5.500327942924983921e-03
5.233999999999999986e+00,9.000000000000000000e+01,8.980981083156390810e+01,1.901891684360923207e-01,-5.497007360121024949e-03
5.235000000000000320e+00,9.000000000000000000e+01,8.980993195355070213e+01,1.900680464492938981e-01,-5.493687231642795793e-03
5.235999999999999766e+00,9.000000000000000000e+01,8.981005299839918621e+01,1.899470016008189543e-01,-5.490367567858745607e-03
5.237000000000000099e+00,9.000000000000000000e+01,8.981017396615619930e+01,1.898260338437988415e-01,-5.487048379067178266e-03
5.238000000000000433e+00,9.000000000000000000e+01,8.981029485686860880e+01,1.897051431313903080e-01,-5.483729675510817109e-03
5.238999999999999879e+00,9.000000000000000000e+01,8.981041567058323949e+01,1.895843294167628978e-01,-5.480411467364651457e-03
5.240000000000000213e+00,9.000000000000000000e+01,8.981053640734691612e+01,1.894635926530861270e-01,-5.477093764735256609e-03
5.241000000000000547e+00,9.000000000000000000e+01,8.981065706720646347e+01,1.893429327935294837e-01,-5.473776577667777837e-03
5.241999999999999993e+00,9.000000000000000000e+01,8.981077765020870629e+01,1.892223497912879360e-01,-5.470459916151113738e-03
5.243000000000000327e+00,9.000000000000000000e+01,8.981089815640042673e+01,1.891018435995691915e-01,-5.467143790106765433e-03
5.243999999999999773e+00,9.000000000000000000e+01,8.981101858582843533e+01,1.889814141715681628e-01,-5.463828209388541662e-03
5.245000000000000107e+00,9.000000000000000000e+01,8.981113893853950003e+01,1.888610614605052973e-01,-5.460513183797619657e-03
5.246000000000000441e+00,9.000000000000000000e+01,8.981125921458038874e+01,1.887407854196136714e-01,-5.457198723070794122e-03
5.246999999999999886e+00,9.000000000000000000e+01,8.981137941399785518e+01,1.886205860021391567e-01,-5.453884836879814568e-03
5.248000000000000220e+00,9.000000000000000000e+01,8.981149953683868148e+01,1.885004631613148851e-01,-5.450571534831184090e-03
5.248999999999999666e+00,9.000000000000000000e+01,8.981161958314959293e+01,1.883804168504121246e-01,-5.447258826481064103e-03
5.250000000000000000e+00,9.000000000000000000e+01,8.981173955297731482e+01,1.882604470226894589e-01,-5.443946721316018922e-03
5.251000000000000334e+00,9.000000000000000000e+01,8.981185944636857243e+01,1.881405536314309235e-01,-5.440635228769561543e-03
5.251999999999999780e+00,9.000000000000000000e+01,8.981197926337006265e+01,1.880207366299332106e-01,-5.437324358211488573e-03
5.253000000000000114e+00,9.000000000000000000e+01,8.981209900402851076e+01,1.879009959714930678e-01,-5.434014118948091859e-03
5.254000000000000448e+00,9.000000000000000000e+01,8.981221866839058521e+01,1.877813316094199547e-01,-5.430704520229864135e-03
5.254999999999999893e+00,9.000000000000000000e+01,8.981233825650296865e+01,1.876617434970360432e-01,-5.427395571249597761e-03
5.256000000000000227e+00,9.000000000000000000e+01,8.981245776841232953e+01,1.875422315876762724e-01,-5.424087281141253686e-03
5.256999999999999673e+00,9.000000000000000000e+01,8.981257720416530788e+01,1.874227958346882106e-01,-5.420779658979323068e-03
5.258000000000000007e+00,9.000000000000000000e+01,8.981269656380858635e+01,1.873034361914195089e-01,-5.417472713778452575e-03
5.259000000000000341e+00,9.000000000000000000e+01,8.981281584738876234e+01,1.871841526112432708e-01,-5.414166454500917575e-03
5.259999999999999787e+00,9.000000000000000000e+01,8.981293505495244744e+01,1.870649450475452280e-01,-5.410860890046990945e-03
5.261000000000000121e+00,9.000000000000000000e+01,8.981305418654628170e+01,1.869458134537111960e-01,-5.407556029255876362e-03
5.262000000000000455e+00,9.000000000000000000e+01,8.981317324221686249e+01,1.868267577831397019e-01,-5.404251880913920475e-03
5.262999999999999901e+00,9.000000000000000000e+01,8.981329222201074458e+01,1.867077779892546696e-01,-5.400948453753152273e-03
5.264000000000000234e+00,9.000000000000000000e+01,8.981341112597452536e+01,1.865888740254800782e-01,-5.397645756442807224e-03
5.264999999999999680e+00,9.000000000000000000e+01,8.981352995415474538e+01,1.864700458452526188e-01,-5.394343797598632334e-03
5.266000000000000014e+00,9.000000000000000000e+01,8.981364870659797361e+01,1.863512934020216671e-01,-5.391042585781897351e-03
5.267000000000000348e+00,9.000000000000000000e+01,8.981376738335075061e+01,1.862326166492493662e-01,-5.387742129499040883e-03
5.267999999999999794e+00,9.000000000000000000e+01,8.981388598445958849e+01,1.861140155404105434e-01,-5.384442437201448356e-03
5.269000000000000128e+00,9.000000000000000000e+01,8.981400450997101359e+01,1.859954900289927660e-01,-5.381143517285438133e-03
5.270000000000000462e+00,9.000000000000000000e+01,8.981412295993149542e+01,1.858770400685090807e-01,-5.377845378092521722e-03
5.270999999999999908e+00,9.000000000000000000e+01,8.981424133438754609e+01,1.857586656124597668e-01,-5.374548027902104064e-03
5.272000000000000242e+00,9.000000000000000000e+01,8.981435963338563511e+01,1.856403666143705278e-01,-5.371251474949056276e-03
5.272999999999999687e+00,9.000000000000000000e+01,8.981447785697220354e+01,1.855221430277925743e-01,-5.367955727413612627e-03
5.274000000000000021e+00,9.000000000000000000e+01,8.981459600519373510e+01,1.854039948062643495e-01,-5.364660793414598172e-03
5.275000000000000355e+00,9.000000000000000000e+01,8.981471407809664242e+01,1.852859219033624605e-01,-5.361366681027154163e-03
5.275999999999999801e+00,9.000000000000000000e+01,8.981483207572733818e+01,1.851679242726635699e-01,-5.358073398265428972e-03
5.277000000000000135e+00,9.000000000000000000e+01,8.981494999813224922e+01,1.850500018677570246e-01,-5.354780953092979495e-03
5.278000000000000469e+00,9.000000000000000000e+01,8.981506784535775978e+01,1.849321546422448559e-01,-5.351489353422760747e-03
5.278999999999999915e+00,9.000000000000000000e+01,8.981518561745023987e+01,1.848143825497545745e-01,-5.348198607117233411e-03
5.280000000000000249e+00,9.000000000000000000e+01,8.981530331445608795e+01,1.846966855439137467e-01,-5.344908721981133509e-03
5.280999999999999694e+00,9.000000000000000000e+01,8.981542093642163138e+01,1.845790635783752798e-01,-5.341619705771447069e-03
5.282000000000000028e+00,9.000000000000000000e+01,8.981553848339321178e+01,1.844615166067921364e-01,-5.338331566189652433e-03
5.283000000000000362e+00,9.000000000000000000e+01,8.981565595541715652e+01,1.843440445828427587e-01,-5.335044310891334102e-03
5.283999999999999808e+00,9.000000000000000000e+01,8.981577335253979300e+01,1.842266474602054782e-01,-5.331757947478050347e-03
5.285000000000000142e+00,9.000000000000000000e+01,8.981589067480740596e+01,1.841093251925969287e-01,-5.328472483506825619e-03
5.286000000000000476e+00,9.000000000000000000e+01,8.981600792226626595e+01,1.839920777337336610e-01,-5.325187926474430483e-03
5.286999999999999922e+00,9.000000000000000000e+01,8.981612509496267194e+01,1.838749050373322258e-01,-5.321904283828927940e-03
5.288000000000000256e+00,9.000000000000000000e+01,8.981624219294285183e+01,1.837578070571473654e-01,-5.318621562977961931e-03
5.288999999999999702e+00,9.000000000000000000e+01,8.981635921625304775e+01,1.836407837469465343e-01,-5.315339771272218489e-03
5.290000000000000036e+00,9.000000000000000000e+01,8.981647616493950181e+01,1.835238350604972146e-01,-5.312058916008912529e-03
5.291000000000000369e+00,9.000000000000000000e+01,8.981659303904841352e+01,1.834069609515795451e-01,-5.308779004441866595e-03
5.291999999999999815e+00,9.000000000000000000e+01,8.981670983862598234e+01,1.832901613740119118e-01,-5.305500043781188196e-03
5.293000000000000149e+00,9.000000000000000000e+01,8.981682656371839357e+01,1.831734362816126171e-01,-5.302222041178292211e-03
5.294000000000000483e+00,9.000000000000000000e+01,8.981694321437180406e+01,1.830567856282000472e-01,-5.298945003737901699e-03
5.294999999999999929e+00,9.000000000000000000e+01,8.981705979063235645e+01,1.829402093676434360e-01,-5.295668938526520292e-03
5.296000000000000263e+00,9.000000000000000000e+01,8.981717629254619339e+01,1.828237074537992501e-01,-5.292393852548780975e-03
5.296999999999999709e+00,9.000000000000000000e+01,8.981729272015945753e+01,1.827072798405367793e-01,-5.289119752768196847e-03
5.298000000000000043e+00,9.000000000000000000e+01,8.981740907351823466e+01,1.825909264817633937e-01,-5.285846646106949487e-03
5.299000000000000377e+00,9.000000000000000000e+01,8.981752535266861059e+01,1.824746473313864914e-01,-5.282574539430956451e-03
5.299999999999999822e+00,9.000000000000000000e+01,8.981764155765667113e+01,1.823584423433262380e-01,-5.279303439561844336e-03
5.301000000000000156e+00,9.000000000000000000e+01,8.981775768852847364e+01,1.822423114715281400e-01,-5.276033353278086757e-03
5.302000000000000490e+00,9.000000000000000000e+01,8.981787374533004709e+01,1.821262546699505269e-01,-5.272764287308405462e-03
5.302999999999999936e+00,9.000000000000000000e+01,8.981798972810743464e+01,1.820102718925644125e-01,-5.269496248334785277e-03
5.304000000000000270e+00,9.000000000000000000e+01,8.981810563690663685e+01,1.818943630933662348e-01,-5.266229242994580062e-03
5.304999999999999716e+00,9.000000000000000000e+01,8.981822147177365423e+01,1.817785282263524593e-01,-5.262963277874871393e-03
5.306000000000000050e+00,9.000000000000000000e+01,8.981833723275445891e+01,1.816627672455450038e-01,-5.259698359523307110e-03
5.307000000000000384e+00,9.000000000000000000e+01,8.981845291989502300e+01,1.815470801049784699e-01,-5.256434494441093036e-03
5.307999999999999829e+00,9.000000000000000000e+01,8.981856853324130441e+01,1.814314667587001995e-01,-5.253171689085536084e-03
5.309000000000000163e+00,9.000000000000000000e+01,8.981868407283921840e+01,1.813159271607830136e-01,-5.249909949872004489e-03
5.310000000000000497e+00,9.000000000000000000e+01,8.981879953873468025e+01,1.812004612653251301e-01,-5.246649283167901384e-03
5.310999999999999943e+00,9.000000000000000000e+01,8.981891493097359103e+01,1.810850690264120266e-01,-5.243389695288619423e-03
5.312000000000000277e+00,9.000000000000000000e+01,8.981903024960183757e+01,1.809697503981674560e-01,-5.240131192517202136e-03
5.312999999999999723e+00,9.000000000000000000e+01,8.981914549466527831e+01,1.808545053347277443e-01,-5.236873781088318552e-03
5.314000000000000057e+00,9.000000000000000000e+01,8.981926066620975746e+01,1.807393337902420682e-01,-5.233617467192148986e-03
5.315000000000000391e+00,9.000000000000000000e+01,8.981937576428111925e+01,1.806242357188850012e-01,-5.230362256977209162e-03
5.315999999999999837e+00,9.000000000000000000e+01,8.981949078892516525e+01,1.805092110748310608e-01,-5.227108156544962164e-03
5.317000000000000171e+00,9.000000000000000000e+01,8.981960574018771126e+01,1.803942598122930119e-01,-5.223855171961069854e-03
5.318000000000000504e+00,9.000000000000000000e+01,8.981972061811451624e+01,1.802793818854835639e-01,-5.220603309240980788e-03
5.318999999999999950e+00,9.000000000000000000e+01,8.981983542275135335e+01,1.801645772486409613e-01,-5.217352574362454920e-03
5.320000000000000284e+00,9.000000000000000000e+01,8.981995015414398154e+01,1.800498458560160220e-01,-5.214102973259346352e-03
5.320999999999999730e+00,9.000000000000000000e+01,8.982006481233813133e+01,1.799351876618724422e-01,-5.210854511824982577e-03
5.322000000000000064e+00,9.000000000000000000e+01,8.982017939737949064e+01,1.798206026205119712e-01,-5.207607195914485537e-03
5.323000000000000398e+00,9.000000000000000000e+01,8.982029390931377577e+01,1.797060906862236740e-01,-5.204361031331726506e-03
5.323999999999999844e+00,9.000000000000000000e+01,8.982040834818664621e+01,1.795916518133475470e-01,-5.201116023849990111e-03
5.325000000000000178e+00,9.000000000000000000e+01,8.982052271404378985e+01,1.794772859562107636e-01,-5.197872179189464564e-03
5.326000000000000512e+00,9.000000000000000000e+01,8.982063700693083774e+01,1.793629930691660601e-01,-5.194629503038648149e-03
5.326999999999999957e+00,9.000000000000000000e+01,8.982075122689339253e+01,1.792487731066042533e-01,-5.191388001047222978e-03
5.328000000000000291e+00,9.000000000000000000e+01,8.982086537397709947e+01,1.791346260229034759e-01,-5.188147678813676000e-03
5.328999999999999737e+00,9.000000000000000000e+01,8.982097944822751856e+01,1.790205517724800244e-01,-5.184908541906559781e-03
5.330000000000000071e+00,9.000000000000000000e+01,8.982109344969023823e+01,1.789065503097628795e-01,-5.181670595849584282e-03
5.331000000000000405e+00,9.000000000000000000e+01,8.982120737841080427e+01,1.787926215891938175e-01,-5.178433846126335310e-03
5.331999999999999851e+00,9.000000000000000000e+01,8.982132123443476246e+01,1.786787655652399831e-01,-5.175198298183619067e-03
5.333000000000000185e+00,9.000000000000000000e+01,8.982143501780761596e+01,1.785649821923813163e-01,-5.171963957426368996e-03
5.334000000000000519e+00,9.000000000000000000e+01,8.982154872857488215e+01,1.784512714251231258e-01,-5.168730829221757084e-03
5.334999999999999964e+00,9.000000000000000000e+01,8.982166236678202154e+01,1.783376332179834878e-01,-5.165498918894693980e-03
5.336000000000000298e+00,9.000000000000000000e+01,8.982177593247450886e+01,1.782240675254932183e-01,-5.162268231732148466e-03
5.336999999999999744e+00,9.000000000000000000e+01,8.982188942569779044e+01,1.781105743022085020e-01,-5.159038772986412197e-03
5.338000000000000078e+00,9.000000000000000000e+01,8.982200284649729838e+01,1.779971535026983465e-01,-5.155810547869874721e-03
5.339000000000000412e+00,9.000000000000000000e+01,8.982211619491843635e+01,1.778838050815571559e-01,-5.152583561559041098e-03
5.339999999999999858e+00,9.000000000000000000e+01,8.982222947100659383e+01,1.777705289934047028e-01,-5.149357819189931407e-03
5.341000000000000192e+00,9.000000000000000000e+01,8.982234267480713186e+01,1.776573251928609265e-01,-5.146133325854968660e-03
5.342000000000000526e+00,9.000000000000000000e+01,8.982245580636542570e+01,1.775441936345710514e-01,-5.142910086615787996e-03
5.342999999999999972e+00,9.000000000000000000e+01,8.982256886572679377e+01,1.774311342732058372e-01,-5.139688106497463521e-03
5.344000000000000306e+00,9.000000000000000000e+01,8.982268185293655449e+01,1.773181470634487555e-01,-5.136467390484476814e-03
5.344999999999999751e+00,9.000000000000000000e+01,8.982279476803999785e+01,1.772052319599959347e-01,-5.133247943525483942e-03
5.346000000000000085e+00,9.000000000000000000e+01,8.982290761108241384e+01,1.770923889175817778e-01,-5.130029770536729400e-03
5.347000000000000419e+00,9.000000000000000000e+01,8.982302038210906403e+01,1.769796178909406048e-01,-5.126812876389660184e-03
5.347999999999999865e+00,9.000000000000000000e+01,8.982313308116516737e+01,1.768669188348322152e-01,-5.123597265924633576e-03
5.349000000000000199e+00,9.000000000000000000e+01,8.982324570829595700e+01,1.767542917040418327e-01,-5.120382943945844811e-03
5.350000000000000533e+00,9.000000000000000000e+01,8.982335826354663766e+01,1.766417364533674206e-01,-5.117169915217652937e-03
5.350999999999999979e+00,9.000000000000000000e+01,8.982347074696238565e+01,1.765292530376196267e-01,-5.113958184469819673e-03
5.352000000000000313e+00,9.000000000000000000e+01,8.982358315858834885e+01,1.764168414116473460e-01,-5.110747756400989272e-03
5.352999999999999758e+00,9.000000000000000000e+01,8.982369549846971779e+01,1.763045015302867058e-01,-5.107538635666559329e-03
5.354000000000000092e+00,9.000000000000000000e+01,8.982380776665156930e+01,1.761922333484373937e-01,-5.104330826899913798e-03
5.355000000000000426e+00,9.000000000000000000e+01,8.982391996317902283e+01,1.760800368209737010e-01,-5.101124334682741873e-03
5.355999999999999872e+00,9.000000000000000000e+01,8.982403208809718365e+01,1.759679119028208505e-01,-5.097919163576516283e-03
5.357000000000000206e+00,9.000000000000000000e+01,8.982414414145108594e+01,1.758558585489167214e-01,-5.094715318099841267e-03
5.358000000000000540e+00,9.000000000000000000e+01,8.982425612328580655e+01,1.757438767141992209e-01,-5.091512802735124327e-03
5.358999999999999986e+00,9.000000000000000000e+01,8.982436803364633704e+01,1.756319663536571318e-01,-5.088311621940781737e-03
5.360000000000000320e+00,9.000000000000000000e+01,8.982447987257772581e+01,1.755201274222792374e-01,-5.085111780129950021e-03
5.360999999999999766e+00,9.000000000000000000e+01,8.982459164012493602e+01,1.754083598750670603e-01,-5.081913281685650902e-03
5.362000000000000099e+00,9.000000000000000000e+01,8.982470333633294501e+01,1.752966636670602874e-01,-5.078716130963861763e-03
5.363000000000000433e+00,9.000000000000000000e+01,8.982481496124667331e+01,1.751850387533240017e-01,-5.075520332281004826e-03
5.363999999999999879e+00,9.000000000000000000e+01,8.982492651491108404e+01,1.750734850889106575e-01,-5.072325889912604469e-03
5.365000000000000213e+00,9.000000000000000000e+01,8.982503799737106931e+01,1.749620026289235297e-01,-5.069132808114901884e-03
5.366000000000000547e+00,9.000000000000000000e+01,8.982514940867152120e+01,1.748505913284786051e-01,-5.065941091102674904e-03
5.366999999999999993e+00,9.000000000000000000e+01,8.982526074885730338e+01,1.747392511426919259e-01,-5.062750743056235875e-03
5.368000000000000327e+00,9.000000000000000000e+01,8.982537201797326532e+01,1.746279820267303828e-01,-5.059561768133963300e-03
5.368999999999999773e+00,9.000000000000000000e+01,8.982548321606424224e+01,1.745167839357608663e-01,-5.056374170451124334e-03
5.370000000000000107e+00,9.000000000000000000e+01,8.982559434317502678e+01,1.744056568249757466e-01,-5.053187954095095247e-03
5.371000000000000441e+00,9.000000000000000000e+01,8.982570539935041154e+01,1.742946006495927902e-01,-5.050003123121139109e-03
5.371999999999999886e+00,9.000000000000000000e+01,8.982581638463516072e+01,1.741836153648425312e-01,-5.046819681549592068e-03
5.373000000000000220e+00,9.000000000000000000e+01,8.982592729907402429e+01,1.740727009259808999e-01,-5.043637633371324258e-03
5.374000000000000554e+00,9.000000000000000000e+01,8.982603814271172382e+01,1.739618572882765668e-01,-5.040456982544301578e-03
5.375000000000000000e+00,9.000000000000000000e+01,8.982614891559298087e+01,1.738510844070237094e-01,-5.037277732998644147e-03
5.376000000000000334e+00,9.000000000000000000e+01,8.982625961776246015e+01,1.737403822375418461e-01,-5.034099888632792563e-03
5.376999999999999780e+00,9.000000000000000000e+01,8.982637024926484060e+01,1.736297507351632907e-01,-5.030923453310937044e-03
5.378000000000000114e+00,9.000000000000000000e+01,8.982648081014475849e+01,1.735191898552457812e-01,-5.027748430868742013e-03
5.379000000000000448e+00,9.000000000000000000e+01,8.982659130044682172e+01,1.734086995531724795e-01,-5.024574825109925230e-03
5.379999999999999893e+00,9.000000000000000000e+01,8.982670172021566657e+01,1.732982797843265754e-01,-5.021402639804006113e-03
5.381000000000000227e+00,9.000000000000000000e+01,8.982681206949585828e+01,1.731879305041421069e-01,-5.018231878699690868e-03
5.381999999999999673e+00,9.000000000000000000e+01,8.982692234833194789e+01,1.730776516680531951e-01,-5.015062545504527652e-03
5.383000000000000007e+00,9.000000000000000000e+01,8.982703255676848642e+01,1.729674432315065902e-01,-5.011894643900498270e-03
5.384000000000000341e+00,9.000000000000000000e+01,8.982714269484999647e+01,1.728573051499999735e-01,-5.008728177547612515e-03
5.384999999999999787e+00,9.000000000000000000e+01,8.982725276262097225e+01,1.727472373790310545e-01,-5.005563150064087224e-03
5.386000000000000121e+00,9.000000000000000000e+01,8.982736276012587950e+01,1.726372398741229386e-01,-5.002399565042395940e-03
5.387000000000000455e+00,9.000000000000000000e+01,8.982747268740918400e+01,1.725273125908114435e-01,-4.999237426045698846e-03
5.387999999999999901e+00,9.000000000000000000e+01,8.982758254451532309e+01,1.724174554846706342e-01,-4.996076736612797137e-03
5.389000000000000234e+00,9.000000000000000000e+01,8.982769233148870569e+01,1.723076685112872042e-01,-4.992917500246794871e-03
5.389999999999999680e+00,9.000000000000000000e+01,8.982780204837372651e+01,1.721979516262733545e-01,-4.989759720422187045e-03
5.391000000000000014e+00,9.000000000000000000e+01,8.982791169521475183e+01,1.720883047852412306e-01,-4.986603400582375473e-03
5.392000000000000348e+00,9.000000000000000000e+01,8.982802127205614795e+01,1.719787279438539374e-01,-4.983448544153005338e-03
5.392999999999999794e+00,9.000000000000000000e+01,8.982813077894222431e+01,1.718692210577745516e-01,-4.980295154521446888e-03
5.394000000000000128e+00,9.000000000000000000e+01,8.982824021591729036e+01,1.717597840827042588e-01,-4.977143235052328141e-03
5.395000000000000462e+00,9.000000000000000000e+01,8.982834958302565553e+01,1.716504169743443275e-01,-4.973992789076231436e-03
5.395999999999999908e+00,9.000000000000000000e+01,8.982845888031155823e+01,1.715411196884468747e-01,-4.970843819904056937e-03
5.397000000000000242e+00,9.000000000000000000e+01,8.982856810781925105e+01,1.714318921807513052e-01,-4.967696330807472305e-03
5.397999999999999687e+00,9.000000000000000000e+01,8.982867726559295818e+01,1.713227344070478997e-01,-4.964550325042442480e-03
5.399000000000000021e+00,9.000000000000000000e+01,8.982878635367687536e+01,1.712136463231269390e-01,-4.961405805828648929e-03
5.400000000000000355e+00,9.000000000000000000e+01,8.982889537211518416e+01,1.711046278848169233e-01,-4.958262776364776026e-03
5.400999999999999801e+00,9.000000000000000000e+01,8.982900432095203769e+01,1.709956790479589817e-01,-4.955121239817096568e-03
5.402000000000000135e+00,9.000000000000000000e+01,8.982911320023157487e+01,1.708867997684197781e-01,-4.951981199326337818e-03
5.403000000000000469e+00,9.000000000000000000e+01,8.982922200999792040e+01,1.707779900020786057e-01,-4.948842658005159212e-03
5.403999999999999915e+00,9.000000000000000000e+01,8.982933075029515635e+01,1.706692497048403201e-01,-4.945705618943915111e-03
5.405000000000000249e+00,9.000000000000000000e+01,8.982943942116735059e+01,1.705605788326478023e-01,-4.942570085207254743e-03
5.405999999999999694e+00,9.000000000000000000e+01,8.982954802265855676e+01,1.704519773414440720e-01,-4.939436059824338365e-03
5.407000000000000028e+00,9.000000000000000000e+01,8.982965655481278588e+01,1.703434451872102573e-01,-4.936303545804546916e-03
5.408000000000000362e+00,9.000000000000000000e+01,8.982976501767407740e+01,1.702349823259274308e-01,-4.933172546126025904e-03
5.408999999999999808e+00,9.000000000000000000e+01,8.982987341128637127e+01,1.701265887136276245e-01,-4.930043063750177285e-03
5.410000000000000142e+00,9.000000000000000000e+01,8.982998173569365008e+01,1.700182643063428423e-01,-4.926915101602018926e-03
5.411000000000000476e+00,9.000000000000000000e+01,8.983008999093986802e+01,1.699100090601305679e-01,-4.923788662586362636e-03
5.411999999999999922e+00,9.000000000000000000e+01,8.983019817706892240e+01,1.698018229310737093e-01,-4.920663749584264918e-03
5.413000000000000256e+00,9.000000000000000000e+01,8.983030629412471058e+01,1.696937058752932825e-01,-4.917540365450532441e-03
5.413999999999999702e+00,9.000000000000000000e+01,8.983041434215110144e+01,1.695856578488976751e-01,-4.914418513004729233e-03
5.415000000000000036e+00,9.000000000000000000e+01,8.983052232119194969e+01,1.694776788080460950e-01,-4.911298195054657895e-03
5.416000000000000369e+00,9.000000000000000000e+01,8.983063023129109581e+01,1.693697687089105175e-01,-4.908179414375619248e-03
5.416999999999999815e+00,9.000000000000000000e+01,8.983073807249232345e+01,1.692619275076756302e-01,-4.905062173718329616e-03
5.418000000000000149e+00,9.000000000000000000e+01,8.983084584483943047e+01,1.691541551605642568e-01,-4.901946475814471932e-03
5.419000000000000483e+00,9.000000000000000000e+01,8.983095354837618629e+01,1.690464516238119608e-01,-4.898832323365829439e-03
5.419999999999999929e+00,9.000000000000000000e+01,8.983106118314631772e+01,1.689388168536797852e-01,-4.895719719051547236e-03
5.421000000000000263e+00,9.000000000000000000e+01,8.983116874919355155e+01,1.688312508064541695e-01,-4.892608665525856326e-03
5.421999999999999709e+00,9.000000000000000000e+01,8.983127624656157195e+01,1.687237534384342652e-01,-4.889499165416571341e-03
5.423000000000000043e+00,9.000000000000000000e+01,8.983138367529404889e+01,1.686163247059574710e-01,-4.886391221331505552e-03
5.424000000000000377e+00,9.000000000000000000e+01,8.983149103543463809e+01,1.685089645653610746e-01,-4.883284835848170080e-03
5.424999999999999822e+00,9.000000000000000000e+01,8.983159832702696690e+01,1.684016729730333506e-01,-4.880180011528945788e-03
5.426000000000000156e+00,9.000000000000000000e+01,8.983170555011463421e+01,1.682944498853625459e-01,-4.877076750901883362e-03
5.427000000000000490e+00,9.000000000000000000e+01,8.983181270474123892e+01,1.681872952587622760e-01,-4.873975056477318490e-03
5.427999999999999936e+00,9.000000000000000000e+01,8.983191979095032309e+01,1.680802090496717194e-01,-4.870874930744464870e-03
5.429000000000000270e+00,9.000000000000000000e+01,8.983202680878544300e+01,1.679731912145554507e-01,-4.867776376169176411e-03
5.429999999999999716e+00,9.000000000000000000e+01,8.983213375829011227e+01,1.678662417098907012e-01,-4.864679395192417211e-03
5.431000000000000050e+00,9.000000000000000000e+01,8.983224063950778771e+01,1.677593604922057169e-01,-4.861583990236697378e-03
5.432000000000000384e+00,9.000000000000000000e+01,8.983234745248198294e+01,1.676525475180158931e-01,-4.858490163688253954e-03
5.432999999999999829e+00,9.000000000000000000e+01,8.983245419725612635e+01,1.675458027438748998e-01,-4.855397917921968481e-03
5.434000000000000163e+00,9.000000000000000000e+01,8.983256087387363209e+01,1.674391261263617758e-01,-4.852307255288970667e-03
5.435000000000000497e+00,9.000000000000000000e+01,8.983266748237792854e+01,1.673325176220683275e-01,-4.849218178115545508e-03
5.435999999999999943e+00,9.000000000000000000e+01,8.983277402281237300e+01,1.672259771876244971e-01,-4.846130688709770346e-03
5.437000000000000277e+00,9.000000000000000000e+01,8.983288049522032281e+01,1.671195047796729949e-01,-4.843044789351446527e-03
5.437999999999999723e+00,9.000000000000000000e+01,8.983298689964512107e+01,1.670131003548818993e-01,-4.839960482299895256e-03
5.439000000000000057e+00,9.000000000000000000e+01,8.983309323613005404e+01,1.669067638699447964e-01,-4.836877769792080617e-03
5.440000000000000391e+00,9.000000000000000000e+01,8.983319950471843640e+01,1.668004952815679842e-01,-4.833796654041308538e-03
5.440999999999999837e+00,9.000000000000000000e+01,8.983330570545351179e+01,1.666942945464832126e-01,-4.830717137243843023e-03
5.442000000000000171e+00,9.000000000000000000e+01,8.983341183837853805e+01,1.665881616214603400e-01,-4.827639221576168760e-03
5.443000000000000504e+00,9.000000000000000000e+01,8.983351790353673039e+01,1.664820964632692801e-01,-4.824562909185620141e-03
5.443999999999999950e+00,9.000000000000000000e+01,8.983362390097127559e+01,1.663760990287308505e-01,-4.821488202206236640e-03
5.445000000000000284e+00,9.000000000000000000e+01,8.983372983072534623e+01,1.662701692746530735e-01,-4.818415102740097183e-03
5.445999999999999730e+00,9.000000000000000000e+01,8.983383569284208647e+01,1.661643071579076703e-01,-4.815343612881672203e-03
5.447000000000000064e+00,9.000000000000000000e+01,8.983394148736464047e+01,1.660585126353535668e-01,-4.812273734690002136e-03
5.448000000000000398e+00,9.000000000000000000e+01,8.983404721433610973e+01,1.659527856638879084e-01,-4.809205470214229089e-03
5.448999999999999844e+00,9.000000000000000000e+01,8.983415287379956737e+01,1.658471262004332647e-01,-4.806138821481512752e-03
5.450000000000000178e+00,9.000000000000000000e+01,8.983425846579805807e+01,1.657415342019376292e-01,-4.803073790496128342e-03
5.451000000000000512e+00,9.000000000000000000e+01,8.983436399037464071e+01,1.656360096253617353e-01,-4.800010379238967007e-03
5.451999999999999957e+00,9.000000000000000000e+01,8.983446944757228891e+01,1.655305524277044804e-01,-4.796948589674620428e-03
5.453000000000000291e+00,9.000000000000000000e+01,8.983457483743403316e+01,1.654251625659647895e-01,-4.793888423741406168e-03
5.453999999999999737e+00,9.000000000000000000e+01,8.983468016000280443e+01,1.653198399971924359e-01,-4.790829883366948955e-03
5.455000000000000071e+00,9.000000000000000000e+01,8.983478541532156214e+01,1.652145846784372207e-01,-4.787772970449261783e-03
5.456000000000000405e+00,9.000000000000000000e+01,8.983489060343320887e+01,1.651093965667870811e-01,-4.784717686873260489e-03
5.456999999999999851e+00,9.000000000000000000e+01,8.983499572438066139e+01,1.650042756193426940e-01,-4.781664034500216626e-03
5.458000000000000185e+00,9.000000000000000000e+01,8.983510077820676543e+01,1.648992217932302162e-01,-4.778612015175098815e-03
5.459000000000000519e+00,9.000000000000000000e+01,8.983520576495438092e+01,1.647942350456138849e-01,-4.775561630724518836e-03
5.459999999999999964e+00,9.000000000000000000e+01,8.983531068466632519e+01,1.646893153336707605e-01,-4.772512882947676366e-03
5.461000000000000298e+00,9.000000000000000000e+01,8.983541553738541552e+01,1.645844626145905598e-01,-4.769465773625181787e-03
5.461999999999999744e+00,9.000000000000000000e+01,8.983552032315439817e+01,1.644796768456011915e-01,-4.766420304525165880e-03
5.463000000000000078e+00,9.000000000000000000e+01,8.983562504201606203e+01,1.643749579839432484e-01,-4.763376477392645969e-03
5.464000000000000412e+00,9.000000000000000000e+01,8.983572969401311070e+01,1.642703059868955429e-01,-4.760334293957162177e-03
5.464999999999999858e+00,9.000000000000000000e+01,8.983583427918826203e+01,1.641657208117368871e-01,-4.757293755923156647e-03
5.466000000000000192e+00,9.000000000000000000e+01,8.983593879758420542e+01,1.640612024157969140e-01,-4.754254864985710954e-03
5.467000000000000526e+00,9.000000000000000000e+01,8.983604324924358764e+01,1.639567507564180515e-01,-4.751217622811717417e-03
5.467999999999999972e+00,9.000000000000000000e+01,8.983614763420904126e+01,1.638523657909554121e-01,-4.748182031049187624e-03
5.469000000000000306e+00,9.000000000000000000e+01,8.983625195252319884e+01,1.637480474768022720e-01,-4.745148091333795809e-03
5.469999999999999751e+00,9.000000000000000000e+01,8.983635620422863610e+01,1.636437957713646751e-01,-4.742115805278532964e-03
5.471000000000000085e+00,9.000000000000000000e+01,8.983646038936792877e+01,1.635396106320740617e-01,-4.739085174481450641e-03
5.472000000000000419e+00,9.000000000000000000e+01,8.983656450798359572e+01,1.634354920164000635e-01,-4.736056200523759696e-03
5.472999999999999865e+00,9.000000000000000000e+01,8.983666856011818425e+01,1.633314398818122848e-01,-4.733028884960875649e-03
5.474000000000000199e+00,9.000000000000000000e+01,8.983677254581418481e+01,1.632274541858185213e-01,-4.730003229338763243e-03
5.475000000000000533e+00,9.000000000000000000e+01,8.983687646511404523e+01,1.631235348859520207e-01,-4.726979235182966060e-03
5.475999999999999979e+00,9.000000000000000000e+01,8.983698031806022755e+01,1.630196819397714270e-01,-4.723956903998439982e-03
5.477000000000000313e+00,9.000000000000000000e+01,8.983708410469515115e+01,1.629158953048482072e-01,-4.720936237269438701e-03
5.477999999999999758e+00,9.000000000000000000e+01,8.983718782506122125e+01,1.628121749387791417e-01,-4.717917236467011194e-03
5.479000000000000092e+00,9.000000000000000000e+01,8.983729147920081459e+01,1.627085207991865179e-01,-4.714899903046760460e-03
5.480000000000000426e+00,9.000000000000000000e+01,8.983739506715627954e+01,1.626049328437181307e-01,-4.711884238447334311e-03
5.480999999999999872e+00,9.000000000000000000e+01,8.983749858896995022e+01,1.625014110300471160e-01,-4.708870244089453927e-03
5.482000000000000206e+00,9.000000000000000000e+01,8.983760204468413235e+01,1.623979553158720890e-01,-4.705857921375199149e-03
5.483000000000000540e+00,9.000000000000000000e+01,8.983770543434108902e+01,1.622945656589171448e-01,-4.702847271687550512e-03
5.483999999999999986e+00,9.000000000000000000e+01,8.983780875798308330e+01,1.621912420169190350e-01,-4.699838296390247000e-03
5.485000000000000320e+00,9.000000000000000000e+01,8.983791201565236406e+01,1.620879843476400461e-01,-4.696830996834964328e-03
5.485999999999999766e+00,9.000000000000000000e+01,8.983801520739112334e+01,1.619847926088805179e-01,-4.693825374359150010e-03
5.487000000000000099e+00,9.000000000000000000e+01,8.983811833324153895e+01,1.618816667584536129e-01,-4.690821430276888304e-03
5.488000000000000433e+00,9.000000000000000000e+01,8.983822139324581713e+01,1.617786067541851780e-01,-4.687819165887556483e-03
5.488999999999999879e+00,9.000000000000000000e+01,8.983832438744605042e+01,1.616756125539519362e-01,-4.684818582481976162e-03
5.490000000000000213e+00,9.000000000000000000e+01,8.983842731588437402e+01,1.615726841156306104e-01,-4.681819681324222993e-03
5.491000000000000547e+00,9.000000000000000000e+01,8.983853017860286627e+01,1.614698213971361429e-01,-4.678822463668960013e-03
5.491999999999999993e+00,9.000000000000000000e+01,8.983863297564359129e+01,1.613670243564088169e-01,-4.675826930750998089e-03
5.493000000000000327e+00,9.000000000000000000e+01,8.983873570704859901e+01,1.612642929514017387e-01,-4.672833083785743469e-03
5.493999999999999773e+00,9.000000000000000000e+01,8.983883837285991092e+01,1.611616271400934108e-01,-4.669840923976806280e-03
5.495000000000000107e+00,9.000000000000000000e+01,8.983894097311950588e+01,1.610590268804877878e-01,-4.666850452514033354e-03
5.496000000000000441e+00,9.000000000000000000e+01,8.983904350786937698e+01,1.609564921306269880e-01,-4.663861670572071877e-03
5.496999999999999886e+00,9.000000000000000000e+01,8.983914597715144623e+01,1.608540228485531576e-01,-4.660874579301952508e-03
5.498000000000000220e+00,9.000000000000000000e+01,8.983924838100764987e+01,1.607516189923465511e-01,-4.657889179847721911e-03
5.499000000000000554e+00,9.000000000000000000e+01,8.983935071947988149e+01,1.606492805201129304e-01,-4.654905473335566035e-03
5.500000000000000000e+00,9.000000000000000000e+01,8.983945299261003470e+01,1.605470073899707417e-01,-4.651923460873848282e-03
5.501000000000000334e+00,9.000000000000000000e+01,8.983955520043991783e+01,1.604447995600766230e-01,-4.648943143560516772e-03
5.501999999999999780e+00,9.000000000000000000e+01,8.983965734301138184e+01,1.603426569886125808e-01,-4.645964522473466224e-03
5.503000000000000114e+00,9.000000000000000000e+01,8.983975942036622087e+01,1.602405796337735000e-01,-4.642987598671325516e-03
5.504000000000000448e+00,9.000000000000000000e+01,8.983986143254622903e+01,1.601385674537668113e-01,-4.640012373201371498e-03
5.504999999999999893e+00,9.000000000000000000e+01,8.983996337959314360e+01,1.600366204068509324e-01,-4.637038847105253575e-03
5.506000000000000227e+00,9.000000000000000000e+01,8.984006526154870187e+01,1.599347384512970205e-01,-4.634067021400518904e-03
5.506999999999999673e+00,9.000000000000000000e+01,8.984016707845459848e+01,1.598329215454016294e-01,-4.631096897090198478e-03
5.508000000000000007e+00,9.000000000000000000e+01,8.984026883035251387e+01,1.597311696474867371e-01,-4.628128475162019556e-03
5.509000000000000341e+00,9.000000000000000000e+01,8.984037051728411427e+01,1.596294827158871166e-01,-4.625161756587937295e-03
5.509999999999999787e+00,9.000000000000000000e+01,8.984047213929102327e+01,1.595278607089756495e-01,-4.622196742331278335e-03
5.511000000000000121e+00,9.000000000000000000e+01,8.984057369641486446e+01,1.594263035851379573e-01,-4.619233433336839001e-03
5.512000000000000455e+00,9.000000000000000000e+01,8.984067518869720459e+01,1.593248113027978530e-01,-4.616271830538951765e-03
5.512999999999999901e+00,9.000000000000000000e+01,8.984077661617961041e+01,1.592233838203918062e-01,-4.613311934852169782e-03
5.514000000000000234e+00,9.000000000000000000e+01,8.984087797890362026e+01,1.591220210963817938e-01,-4.610353747179760098e-03
5.514999999999999680e+00,9.000000000000000000e+01,8.984097927691072982e+01,1.590207230892679569e-01,-4.607397268412218722e-03
5.516000000000000014e+00,9.000000000000000000e+01,8.984108051024244901e+01,1.589194897575503806e-01,-4.604442499418756607e-03
5.517000000000000348e+00,9.000000000000000000e+01,8.984118167894023088e+01,1.588183210597673978e-01,-4.601489441063782992e-03
5.517999999999999794e+00,9.000000000000000000e+01,8.984128278304551429e+01,1.587172169544827094e-01,-4.598538094196115422e-03
5.519000000000000128e+00,9.000000000000000000e+01,8.984138382259970967e+01,1.586161774002854963e-01,-4.595588459648844437e-03
5.520000000000000462e+00,9.000000000000000000e+01,8.984148479764422746e+01,1.585152023557776790e-01,-4.592640538239368270e-03
5.520999999999999908e+00,9.000000000000000000e+01,8.984158570822040701e+01,1.584142917795993144e-01,-4.589694330776793174e-03
5.522000000000000242e+00,9.000000000000000000e+01,8.984168655436960194e+01,1.583134456304031712e-01,-4.586749838052364692e-03
5.522999999999999687e+00,9.000000000000000000e+01,8.984178733613312318e+01,1.582126638668802376e-01,-4.583807060847537584e-03
5.524000000000000021e+00,9.000000000000000000e+01,8.984188805355226748e+01,1.581119464477341585e-01,-4.580865999924910170e-03
5.525000000000000355e+00,9.000000000000000000e+01,8.984198870666830317e+01,1.580112933316940860e-01,-4.577926656036734876e-03
5.525999999999999801e+00,9.000000000000000000e+01,8.984208929552248435e+01,1.579107044775145685e-01,-4.574989029923457601e-03
5.527000000000000135e+00,9.000000000000000000e+01,8.984218982015602251e+01,1.578101798439756343e-01,-4.572053122312711576e-03
5.528000000000000469e+00,9.000000000000000000e+01,8.984229028061011491e+01,1.577097193898827077e-01,-4.569118933918724090e-03
5.528999999999999915e+00,9.000000000000000000e+01,8.984239067692593039e+01,1.576093230740667483e-01,-4.566186465441740561e-03
5.530000000000000249e+00,9.000000000000000000e+01,8.984249100914460939e+01,1.575089908553840290e-01,-4.563255717567899633e-03
5.530999999999999694e+00,9.000000000000000000e+01,8.984259127730729233e+01,1.574087226927036454e-01,-4.560326690968945218e-03
5.532000000000000028e+00,9.000000000000000000e+01,8.984269148145506279e+01,1.573085185449328571e-01,-4.557399386309717026e-03
5.533000000000000362e+00,9.000000000000000000e+01,8.984279162162900434e+01,1.572083783709915805e-01,-4.554473804238286933e-03
5.533999999999999808e+00,9.000000000000000000e+01,8.984289169787015794e+01,1.571083021298379789e-01,-4.551549945394181562e-03
5.535000000000000142e+00,9.000000000000000000e+01,8.984299171021955033e+01,1.570082897804428723e-01,-4.548627810399188259e-03
5.536000000000000476e+00,9.000000000000000000e+01,8.984309165871819403e+01,1.569083412818025325e-01,-4.545707399865751147e-03
5.536999999999999922e+00,9.000000000000000000e+01,8.984319154340704472e+01,1.568084565929514507e-01,-4.542788714395656208e-03
5.538000000000000256e+00,9.000000000000000000e+01,8.984329136432707230e+01,1.567086356729240348e-01,-4.539871754571437462e-03
5.538999999999999702e+00,9.000000000000000000e+01,8.984339112151918982e+01,1.566088784808056800e-01,-4.536956520972891538e-03
5.540000000000000036e+00,9.000000000000000000e+01,8.984349081502432455e+01,1.565091849756817255e-01,-4.534043014158817969e-03
5.541000000000000369e+00,9.000000000000000000e+01,8.984359044488330426e+01,1.564095551166883868e-01,-4.531131234684061121e-03
5.541999999999999815e+00,9.000000000000000000e+01,8.984369001113704201e+01,1.563099888629618794e-01,-4.528221183081656415e-03
5.543000000000000149e+00,9.000000000000000000e+01,8.984378951382632295e+01,1.562104861736766381e-01,-4.525312859880201849e-03
5.544000000000000483e+00,9.000000000000000000e+01,8.984388895299197486e+01,1.561110470080197821e-01,-4.522406265593678643e-03
5.544999999999999929e+00,9.000000000000000000e+01,8.984398832867478291e+01,1.560116713252165943e-01,-4.519501400729156876e-03
5.546000000000000263e+00,9.000000000000000000e+01,8.984408764091548960e+01,1.559123590845050700e-01,-4.516598265777462679e-03
5.546999999999999709e+00,9.000000000000000000e+01,8.984418688975483747e+01,1.558131102451613959e-01,-4.513696861221484086e-03
5.548000000000000043e+00,9.000000000000000000e+01,8.984428607523352639e+01,1.557139247664744708e-01,-4.510797187527074148e-03
5.549000000000000377e+00,9.000000000000000000e+01,8.984438519739224205e+01,1.556148026077586455e-01,-4.507899245151724549e-03
5.549999999999999822e+00,9.000000000000000000e+01,8.984448425627164170e+01,1.555157437283537225e-01,-4.505003034543066803e-03
5.551000000000000156e+00,9.000000000000000000e+01,8.984458325191236838e+01,1.554167480876249008e-01,-4.502108556138015305e-03
5.552000000000000490e+00,9.000000000000000000e+01,8.984468218435502251e+01,1.553178156449756264e-01,-4.499215810361983231e-03
5.552999999999999936e+00,9.000000000000000000e+01,8.984478105364019029e+01,1.552189463598092622e-01,-4.496324797621097102e-03
5.554000000000000270e+00,9.000000000000000000e+01,8.984487985980842950e+01,1.551201401915673628e-01,-4.493435518319013194e-03
5.554999999999999716e+00,9.000000000000000000e+01,8.984497860290028370e+01,1.550213970997169899e-01,-4.490547972846418989e-03
5.556000000000000050e+00,9.000000000000000000e+01,8.984507728295626805e+01,1.549227170437378343e-01,-4.487662161581116443e-03
5.557000000000000384e+00,9.000000000000000000e+01,8.984517590001685505e+01,1.548240999831478060e-01,-4.484778084895557626e-03
5.557999999999999829e+00,9.000000000000000000e+01,8.984527445412250302e+01,1.547255458774902670e-01,-4.481895743147296801e-03
5.559000000000000163e+00,9.000000000000000000e+01,8.984537294531368445e+01,1.546270546863212636e-01,-4.479015136679614928e-03
5.560000000000000497e+00,9.000000000000000000e+01,8.984547137363077240e+01,1.545286263692223216e-01,-4.476136265829676331e-03
5.560999999999999943e+00,9.000000000000000000e+01,8.984556973911418254e+01,1.544302608858131032e-01,-4.473259130926620503e-03
5.562000000000000277e+00,9.000000000000000000e+01,8.984566804180427368e+01,1.543319581957260100e-01,-4.470383732282857264e-03
5.562999999999999723e+00,9.000000000000000000e+01,8.984576628174137625e+01,1.542337182586188959e-01,-4.467510070202886097e-03
5.564000000000000057e+00,9.000000000000000000e+01,8.984586445896580642e+01,1.541355410341877785e-01,-4.464638144982102652e-03
5.565000000000000391e+00,9.000000000000000000e+01,8.984596257351786619e+01,1.540374264821286754e-01,-4.461767956898399223e-03
5.565999999999999837e+00,9.000000000000000000e+01,8.984606062543782912e+01,1.539393745621757126e-01,-4.458899506228835435e-03
5.567000000000000171e+00,9.000000000000000000e+01,8.984615861476591192e+01,1.538413852340885790e-01,-4.456032793238817041e-03
5.568000000000000504e+00,9.000000000000000000e+01,8.984625654154234553e+01,1.537434584576523044e-01,-4.453167818182078574e-03
5.568999999999999950e+00,9.000000000000000000e+01,8.984635440580731824e+01,1.536455941926773983e-01,-4.450304581300624368e-03
5.570000000000000284e+00,9.000000000000000000e+01,8.984645220760101836e+01,1.535477923989870819e-01,-4.447443082824811822e-03
5.570999999999999730e+00,9.000000000000000000e+01,8.984654994696356312e+01,1.534500530364427962e-01,-4.444583322980776019e-03
5.572000000000000064e+00,9.000000000000000000e+01,8.984664762393506976e+01,1.533523760649313505e-01,-4.441725301980840174e-03
5.573000000000000398e+00,9.000000000000000000e+01,8.984674523855565553e+01,1.532547614443396378e-01,-4.438869020024157480e-03
5.573999999999999844e+00,9.000000000000000000e+01,8.984684279086538083e+01,1.531572091346180553e-01,-4.436014477312202192e-03
5.575000000000000178e+00,9.000000000000000000e+01,8.984694028090429185e+01,1.530597190957043441e-01,-4.433161674022252641e-03
5.576000000000000512e+00,9.000000000000000000e+01,8.984703770871240636e+01,1.529622912875871488e-01,-4.430310610333720867e-03
5.576999999999999957e+00,9.000000000000000000e+01,8.984713507432972790e+01,1.528649256702678261e-01,-4.427461286409167807e-03
5.578000000000000291e+00,9.000000000000000000e+01,8.984723237779623162e+01,1.527676222037731291e-01,-4.424613702403466103e-03
5.578999999999999737e+00,9.000000000000000000e+01,8.984732961915185001e+01,1.526703808481553182e-01,-4.421767858462859885e-03
5.580000000000000071e+00,9.000000000000000000e+01,8.984742679843650137e+01,1.525732015634920502e-01,-4.418923754724184139e-03
5.581000000000000405e+00,9.000000000000000000e+01,8.984752391569011820e+01,1.524760843098864616e-01,-4.416081391314417154e-03
5.581999999999999851e+00,9.000000000000000000e+01,8.984762097095254774e+01,1.523790290474543729e-01,-4.413240768350357862e-03
5.583000000000000185e+00,9.000000000000000000e+01,8.984771796426363721e+01,1.522820357363625643e-01,-4.410401885945904737e-03
5.584000000000000519e+00,9.000000000000000000e+01,8.984781489566321966e+01,1.521851043367777045e-01,-4.407564744194750195e-03
5.584999999999999964e+00,9.000000000000000000e+01,8.984791176519111389e+01,1.520882348088920533e-01,-4.404729343188130281e-03
5.586000000000000298e+00,9.000000000000000000e+01,8.984800857288706766e+01,1.519914271129358674e-01,-4.401895683012423816e-03
5.586999999999999744e+00,9.000000000000000000e+01,8.984810531879082873e+01,1.518946812091650223e-01,-4.399063763739899380e-03
5.588000000000000078e+00,9.000000000000000000e+01,8.984820200294214487e+01,1.517979970578479387e-01,-4.396233585429832474e-03
5.589000000000000412e+00,9.000000000000000000e+01,8.984829862538072121e+01,1.517013746192786561e-01,-4.393405148136637905e-03
5.589999999999999858e+00,9.000000000000000000e+01,8.984839518614622023e+01,1.516048138537764989e-01,-4.390578451908308533e-03
5.591000000000000192e+00,9.000000000000000000e+01,8.984849168527830443e+01,1.515083147216990944e-01,-4.387753496785169738e-03
5.592000000000000526e+00,9.000000000000000000e+01,8.984858812281657947e+01,1.514118771834166988e-01,-4.384930282791577039e-03
5.592999999999999972e+00,9.000000000000000000e+01,8.984868449880069363e+01,1.513155011993123356e-01,-4.382108809945134409e-03
5.594000000000000306e+00,9.000000000000000000e+01,8.984878081327018151e+01,1.512191867298199044e-01,-4.379289078263130103e-03
5.594999999999999751e+00,9.000000000000000000e+01,8.984887706626462034e+01,1.511229337353860169e-01,-4.376471087744620431e-03
5.596000000000000085e+00,9.000000000000000000e+01,8.984897325782353050e+01,1.510267421764699969e-01,-4.373654838380331561e-03
5.597000000000000419e+00,9.000000000000000000e+01,8.984906938798643239e+01,1.509306120135694151e-01,-4.370840330159626169e-03
5.597999999999999865e+00,9.000000000000000000e+01,8.984916545679278954e+01,1.508345432072071834e-01,-4.368027563060438573e-03
5.599000000000000199e+00,9.000000000000000000e+01,8.984926146428207971e+01,1.507385357179190088e-01,-4.365216537049691065e-03
5.600000000000000533e+00,9.000000000000000000e+01,8.984935741049372382e+01,1.506425895062786791e-01,-4.362407252091120985e-03
5.600999999999999979e+00,9.000000000000000000e+01,8.984945329546712856e+01,1.505467045328728326e-01,-4.359599708135774437e-03
5.602000000000000313e+00,9.000000000000000000e+01,8.984954911924167220e+01,1.504508807583261332e-01,-4.356793905130381533e-03
5.602999999999999758e+00,9.000000000000000000e+01,8.984964488185671883e+01,1.503551181432760953e-01,-4.353989843008207461e-03
5.604000000000000092e+00,9.000000000000000000e+01,8.984974058335161828e+01,1.502594166483855742e-01,-4.351187521697667121e-03
5.605000000000000426e+00,9.000000000000000000e+01,8.984983622376566359e+01,1.501637762343429605e-01,-4.348386941120899185e-03
5.605999999999999872e+00,9.000000000000000000e+01,8.984993180313813355e+01,1.500681968618619855e-01,-4.345588101192732200e-03
5.607000000000000206e+00,9.000000000000000000e+01,8.985002732150830695e+01,1.499726784916946554e-01,-4.342791001820014984e-03
5.608000000000000540e+00,9.000000000000000000e+01,8.985012277891540577e+01,1.498772210845928932e-01,-4.339995642893709760e-03
5.608999999999999986e+00,9.000000000000000000e+01,8.985021817539865197e+01,1.497818246013468413e-01,-4.337202024305705089e-03
5.610000000000000320e+00,9.000000000000000000e+01,8.985031351099722485e+01,1.496864890027720663e-01,-4.334410145938282638e-03
5.610999999999999766e+00,9.000000000000000000e+01,8.985040878575030376e+01,1.495912142496968189e-01,-4.331620007664120642e-03
5.612000000000000099e+00,9.000000000000000000e+01,8.985050399969699697e+01,1.494960003030003370e-01,-4.328831609353895465e-03
5.613000000000000433e+00,9.000000000000000000e+01,8.985059915287645538e+01,1.494008471235490076e-01,-4.326044950859177229e-03
5.613999999999999879e+00,9.000000000000000000e+01,8.985069424532773041e+01,1.493057546722729445e-01,-4.323260032037729017e-03
5.615000000000000213e+00,9.000000000000000000e+01,8.985078927708991614e+01,1.492107229100894938e-01,-4.320476852726490291e-03
5.616000000000000547e+00,9.000000000000000000e+01,8.985088424820203556e+01,1.491157517979668778e-01,-4.317695412767511010e-03
5.616999999999999993e+00,9.000000000000000000e+01,8.985097915870311169e+01,1.490208412968860308e-01,-4.314915711988717012e-03
5.618000000000000327e+00,9.000000000000000000e+01,8.985107400863213911e+01,1.489259913678661063e-01,-4.312137750212913234e-03
5.618999999999999773e+00,9.000000000000000000e+01,8.985116879802806977e+01,1.488312019719262025e-01,-4.309361527249106621e-03
5.620000000000000107e+00,9.000000000000000000e+01,8.985126352692986984e+01,1.487364730701363491e-01,-4.306587042908940899e-03
5.621000000000000441e+00,9.000000000000000000e+01,8.985135819537643442e+01,1.486418046235665480e-01,-4.303814296988197480e-03
5.621999999999999886e+00,9.000000000000000000e+01,8.985145280340667284e+01,1.485471965933249650e-01,-4.301043289283879023e-03
5.623000000000000220e+00,9.000000000000000000e+01,8.985154735105945178e+01,1.484526489405452454e-01,-4.298274019583703948e-03
5.624000000000000554e+00,9.000000000000000000e+01,8.985164183837360952e+01,1.483581616263864311e-01,-4.295506487666189699e-03
5.625000000000000000e+00,9.000000000000000000e+01,8.985173626538798430e+01,1.482637346120203314e-01,-4.292740693300850507e-03
5.626000000000000334e+00,9.000000000000000000e+01,8.985183063214134336e+01,1.481693678586568919e-01,-4.289976636255663639e-03
5.626999999999999780e+00,9.000000000000000000e+01,8.985192493867246810e+01,1.480750613275315097e-01,-4.287214316287462496e-03
5.628000000000000114e+00,9.000000000000000000e+01,8.985201918502012575e+01,1.479808149798796102e-01,-4.284453733142710302e-03
5.629000000000000448e+00,9.000000000000000000e+01,8.985211337122301245e+01,1.478866287769874388e-01,-4.281694886572928738e-03
5.629999999999999893e+00,9.000000000000000000e+01,8.985220749731983858e+01,1.477925026801667485e-01,-4.278937776315629854e-03
5.631000000000000227e+00,9.000000000000000000e+01,8.985230156334927187e+01,1.476984366507292645e-01,-4.276182402096026514e-03
5.631999999999999673e+00,9.000000000000000000e+01,8.985239556934996585e+01,1.476044306500376435e-01,-4.273428763642998784e-03
5.633000000000000007e+00,9.000000000000000000e+01,8.985248951536054562e+01,1.475104846394544589e-01,-4.270676860670598318e-03
5.634000000000000341e+00,9.000000000000000000e+01,8.985258340141962208e+01,1.474165985803805312e-01,-4.267926692894826596e-03
5.634999999999999787e+00,9.000000000000000000e+01,8.985267722756574926e+01,1.473227724342547895e-01,-4.265178260023077400e-03
5.636000000000000121e+00,9.000000000000000000e+01,8.985277099383749544e+01,1.472290061625034785e-01,-4.262431561746722608e-03
5.637000000000000455e+00,9.000000000000000000e+01,8.985286470027338623e+01,1.471352997266164586e-01,-4.259686597765790367e-03
5.637999999999999901e+00,9.000000000000000000e+01,8.985295834691191885e+01,1.470416530880835626e-01,-4.256943367761525238e-03
5.639000000000000234e+00,9.000000000000000000e+01,8.985305193379156208e+01,1.469480662084327871e-01,-4.254201871414418912e-03
5.639999999999999680e+00,9.000000000000000000e+01,8.985314546095079891e+01,1.468545390492048963e-01,-4.251462108394499229e-03
5.641000000000000014e+00,9.000000000000000000e+01,8.985323892842802707e+01,1.467610715719660230e-01,-4.248724078369486845e-03
5.642000000000000348e+00,9.000000000000000000e+01,8.985333233626167271e+01,1.466676637383205750e-01,-4.245987781002966838e-03
5.642999999999999794e+00,9.000000000000000000e+01,8.985342568449013356e+01,1.465743155098728212e-01,-4.243253215945812229e-03
5.644000000000000128e+00,9.000000000000000000e+01,8.985351897315172209e+01,1.464810268482780453e-01,-4.240520382852400183e-03
5.645000000000000462e+00,9.000000000000000000e+01,8.985361220228479340e+01,1.463877977152041876e-01,-4.237789281362244753e-03
5.645999999999999908e+00,9.000000000000000000e+01,8.985370537192767415e+01,1.462946280723319004e-01,-4.235059911109444186e-03
5.647000000000000242e+00,9.000000000000000000e+01,8.985379848211860576e+01,1.462015178813927951e-01,-4.232332271729411649e-03
5.647999999999999687e+00,9.000000000000000000e+01,8.985389153289588648e+01,1.461084671041184280e-01,-4.229606362841135947e-03
5.649000000000000021e+00,9.000000000000000000e+01,8.985398452429772931e+01,1.460154757022657790e-01,-4.226882184064653658e-03
5.650000000000000355e+00,9.000000000000000000e+01,8.985407745636237564e+01,1.459225436376300478e-01,-4.224159735018283984e-03
5.650999999999999801e+00,9.000000000000000000e+01,8.985417032912796742e+01,1.458296708720318580e-01,-4.221439015309337572e-03
5.652000000000000135e+00,9.000000000000000000e+01,8.985426314263268921e+01,1.457368573673045453e-01,-4.218720024535060203e-03
5.653000000000000469e+00,9.000000000000000000e+01,8.985435589691469715e+01,1.456441030853069252e-01,-4.216002762290733952e-03
5.653999999999999915e+00,9.000000000000000000e+01,8.985444859201206214e+01,1.455514079879358935e-01,-4.213287228167949400e-03
5.655000000000000249e+00,9.000000000000000000e+01,8.985454122796291188e+01,1.454587720370884574e-01,-4.210573421745876510e-03
5.655999999999999694e+00,9.000000000000000000e+01,8.985463380480530304e+01,1.453661951946997322e-01,-4.207861342607543270e-03
5.657000000000000028e+00,9.000000000000000000e+01,8.985472632257724968e+01,1.452736774227429695e-01,-4.205150990328934690e-03
5.658000000000000362e+00,9.000000000000000000e+01,8.985481878131680844e+01,1.451812186831915041e-01,-4.202442364471339203e-03
5.658999999999999808e+00,9.000000000000000000e+01,8.985491118106193653e+01,1.450888189380567517e-01,-4.199735464598314261e-03
5.660000000000000142e+00,9.000000000000000000e+01,8.985500352185063377e+01,1.449964781493629229e-01,-4.197030290265281460e-03
5.661000000000000476e+00,9.000000000000000000e+01,8.985509580372082894e+01,1.449041962791723370e-01,-4.194326841027072594e-03
5.661999999999999922e+00,9.000000000000000000e+01,8.985518802671043659e+01,1.448119732895600809e-01,-4.191625116428416425e-03
5.663000000000000256e+00,9.000000000000000000e+01,8.985528019085735707e+01,1.447198091426393773e-01,-4.188925116012136990e-03
5.663999999999999702e+00,9.000000000000000000e+01,8.985537229619946231e+01,1.446277038005361615e-01,-4.186226839309949155e-03
5.665000000000000036e+00,9.000000000000000000e+01,8.985546434277459582e+01,1.445356572254018479e-01,-4.183530285851000396e-03
5.666000000000000369e+00,9.000000000000000000e+01,8.985555633062058689e+01,1.444436693794133031e-01,-4.180835455160358122e-03
5.666999999999999815e+00,9.000000000000000000e+01,8.985564825977523640e+01,1.443517402247600778e-01,-4.178142346758055570e-03
5.668000000000000149e+00,9.000000000000000000e+01,8.985574013027631679e+01,1.442598697236825989e-01,-4.175450960165725395e-03
5.669000000000000483e+00,9.000000000000000000e+01,8.985583194216157210e+01,1.441680578384340883e-01,-4.172761294888988753e-03
5.669999999999999929e+00,9.000000000000000000e+01,8.985592369546871794e+01,1.440763045312803969e-01,-4.170073350427457720e-03
5.671000000000000263e+00,9.000000000000000000e+01,8.985601539023548412e+01,1.439846097645129108e-01,-4.167387126281823367e-03
5.671999999999999709e+00,9.000000000000000000e+01,8.985610702649954362e+01,1.438929735004611243e-01,-4.164702621951288375e-03
5.673000000000000043e+00,9.000000000000000000e+01,8.985619860429852679e+01,1.438013957014672717e-01,-4.162019836924289728e-03
5.674000000000000377e+00,9.000000000000000000e+01,8.985629012367009238e+01,1.437098763299117510e-01,-4.159338770687002335e-03
5.674999999999999822e+00,9.000000000000000000e+01,8.985638158465181391e+01,1.436184153481876724e-01,-4.156659422714391317e-03
5.676000000000000156e+00,9.000000000000000000e+01,8.985647298728129329e+01,1.435270127187009137e-01,-4.153981792478767671e-03
5.677000000000000490e+00,9.000000000000000000e+01,8.985656433159608980e+01,1.434356684039081731e-01,-4.151305879455943065e-03
5.677999999999999936e+00,9.000000000000000000e+01,8.985665561763373432e+01,1.433443823662661765e-01,-4.148631683106990958e-03
5.679000000000000270e+00,9.000000000000000000e+01,8.985674684543172930e+01,1.432531545682698693e-01,-4.145959202895434237e-03
5.679999999999999716e+00,9.000000000000000000e+01,8.985683801502756296e+01,1.431619849724395377e-01,-4.143288438276888919e-03
5.681000000000000050e+00,9.000000000000000000e+01,8.985692912645869512e+01,1.430708735413082910e-01,-4.140619388699251502e-03
5.682000000000000384e+00,9.000000000000000000e+01,8.985702017976257139e+01,1.429798202374346350e-01,-4.137952053610314401e-03
5.682999999999999829e+00,9.000000000000000000e+01,8.985711117497658051e+01,1.428888250234152113e-01,-4.135286432455646116e-03
5.684000000000000163e+00,9.000000000000000000e+01,8.985720211213815389e+01,1.427978878618467451e-01,-4.132622524669615771e-03
5.685000000000000497e+00,9.000000000000000000e+01,8.985729299128462344e+01,1.427070087153767819e-01,-4.129960329691553800e-03
5.685999999999999943e+00,9.000000000000000000e+01,8.985738381245333528e+01,1.426161875466655793e-01,-4.127299846947162648e-03
5.687000000000000277e+00,9.000000000000000000e+01,8.985747457568160712e+01,1.425254243183989300e-01,-4.124641075857953670e-03
5.687999999999999723e+00,9.000000000000000000e+01,8.985756528100672824e+01,1.424347189932752555e-01,-4.121984015840338134e-03
5.689000000000000057e+00,9.000000000000000000e+01,8.985765592846597372e+01,1.423440715340311413e-01,-4.119328666312562642e-03
5.690000000000000391e+00,9.000000000000000000e+01,8.985774651809659019e+01,1.422534819034159959e-01,-4.116675026684522842e-03
5.690999999999999837e+00,9.000000000000000000e+01,8.985783704993578169e+01,1.421629500642173083e-01,-4.114023096365562737e-03
5.692000000000000171e+00,9.000000000000000000e+01,8.985792752402076644e+01,1.420724759792352798e-01,-4.111372874755166162e-03
5.693000000000000504e+00,9.000000000000000000e+01,8.985801794038870582e+01,1.419820596112956468e-01,-4.108724361251182844e-03
5.693999999999999950e+00,9.000000000000000000e+01,8.985810829907674702e+01,1.418917009232494586e-01,-4.106077555248256739e-03
5.695000000000000284e+00,9.000000000000000000e+01,8.985819860012202298e+01,1.418013998779733276e-01,-4.103432456136642953e-03
5.695999999999999730e+00,9.000000000000000000e+01,8.985828884356162405e+01,1.417111564383692623e-01,-4.100789063301486098e-03
5.697000000000000064e+00,9.000000000000000000e+01,8.985837902943264055e+01,1.416209705673519836e-01,-4.098147376122185381e-03
5.698000000000000398e+00,9.000000000000000000e+01,8.985846915777212018e+01,1.415308422278744038e-01,-4.095507393979552074e-03
5.698999999999999844e+00,9.000000000000000000e+01,8.985855922861708223e+01,1.414407713829148316e-01,-4.092869116245793221e-03
5.700000000000000178e+00,9.000000000000000000e+01,8.985864924200454595e+01,1.413507579954516591e-01,-4.090232542285042461e-03
5.701000000000000512e+00,9.000000000000000000e+01,8.985873919797148801e+01,1.412608020285140986e-01,-4.087597671468604782e-03
5.701999999999999957e+00,9.000000000000000000e+01,8.985882909655485662e+01,1.411709034451440747e-01,-4.084964503155829457e-03
5.703000000000000291e+00,9.000000000000000000e+01,8.985891893779158579e+01,1.410810622084090193e-01,-4.082333036703061219e-03
5.703999999999999737e+00,9.000000000000000000e+01,8.985900872171859533e+01,1.409912782814017884e-01,-4.079703271462474523e-03
5.705000000000000071e+00,9.000000000000000000e+01,8.985909844837277660e+01,1.409015516272279223e-01,-4.077075206781261701e-03
5.706000000000000405e+00,9.000000000000000000e+01,8.985918811779096416e+01,1.408118822090311528e-01,-4.074448842008561444e-03
5.706999999999999851e+00,9.000000000000000000e+01,8.985927773001003516e+01,1.407222699899679519e-01,-4.071824176485345365e-03
5.708000000000000185e+00,9.000000000000000000e+01,8.985936728506676729e+01,1.406327149332328996e-01,-4.069201209552206905e-03
5.709000000000000519e+00,9.000000000000000000e+01,8.985945678299796668e+01,1.405432170020333993e-01,-4.066579940540063220e-03
5.709999999999999964e+00,9.000000000000000000e+01,8.985954622384039681e+01,1.404537761596021950e-01,-4.063960368778398585e-03
5.711000000000000298e+00,9.000000000000000000e+01,8.985963560763082114e+01,1.403643923691848261e-01,-4.061342493593661507e-03
5.711999999999999744e+00,9.000000000000000000e+01,8.985972493440591791e+01,1.402750655940776803e-01,-4.058726314315631162e-03
5.713000000000000078e+00,9.000000000000000000e+01,8.985981420420242216e+01,1.401857957975771451e-01,-4.056111830259393619e-03
5.714000000000000412e+00,9.000000000000000000e+01,8.985990341705698370e+01,1.400965829430177723e-01,-4.053499040742689075e-03
5.714999999999999858e+00,9.000000000000000000e+01,8.985999257300625231e+01,1.400074269937469085e-01,-4.050887945075586777e-03
5.716000000000000192e+00,9.000000000000000000e+01,8.986008167208686359e+01,1.399183279131372137e-01,-4.048278542568232302e-03
5.717000000000000526e+00,9.000000000000000000e+01,8.986017071433539627e+01,1.398292856645996507e-01,-4.045670832528762417e-03
5.717999999999999972e+00,9.000000000000000000e+01,8.986025969978844330e+01,1.397403002115578108e-01,-4.043064814254447581e-03
5.719000000000000306e+00,9.000000000000000000e+01,8.986034862848255500e+01,1.396513715174480252e-01,-4.040460487040386378e-03
5.719999999999999751e+00,9.000000000000000000e+01,8.986043750045425327e+01,1.395624995457448170e-01,-4.037857850185622155e-03
5.721000000000000085e+00,9.000000000000000000e+01,8.986052631574004579e+01,1.394736842599481608e-01,-4.035256902982415489e-03
5.722000000000000419e+00,9.000000000000000000e+01,8.986061507437642604e+01,1.393849256235706879e-01,-4.032657644716323986e-03
5.722999999999999865e+00,9.000000000000000000e+01,8.986070377639984486e+01,1.392962236001505649e-01,-4.030060074673633835e-03
5.724000000000000199e+00,9.000000000000000000e+01,8.986079242184673888e+01,1.392075781532640388e-01,-4.027464192139108140e-03
5.725000000000000533e+00,9.000000000000000000e+01,8.986088101075351631e+01,1.391189892464874400e-01,-4.024869996386966353e-03
5.725999999999999979e+00,9.000000000000000000e+01,8.986096954315655694e+01,1.390304568434479193e-01,-4.022277486696985982e-03
5.727000000000000313e+00,9.000000000000000000e+01,8.986105801909222635e+01,1.389419809077726553e-01,-4.019686662335902883e-03
5.727999999999999758e+00,9.000000000000000000e+01,8.986114643859687590e+01,1.388535614031269905e-01,-4.017097522574217261e-03
5.729000000000000092e+00,9.000000000000000000e+01,8.986123480170681432e+01,1.387651982931889794e-01,-4.014510066675591043e-03
5.730000000000000426e+00,9.000000000000000000e+01,8.986132310845832194e+01,1.386768915416748960e-01,-4.011924293904393923e-03
5.730999999999999872e+00,9.000000000000000000e+01,8.986141135888769327e+01,1.385886411123009310e-01,-4.009340203515995849e-03
5.732000000000000206e+00,9.000000000000000000e+01,8.986149955303116599e+01,1.385004469688342343e-01,-4.006757794772410758e-03
5.733000000000000540e+00,9.000000000000000000e+01,8.986158769092494936e+01,1.384123090750546126e-01,-4.004177066923363809e-03
5.733999999999999986e+00,9.000000000000000000e+01,8.986167577260523842e+01,1.383242273947546674e-01,-4.001598019215429902e-03
5.735000000000000320e+00,9.000000000000000000e+01,8.986176379810822823e+01,1.382362018917651092e-01,-3.999020650898479912e-03
5.735999999999999766e+00,9.000000000000000000e+01,8.986185176747007120e+01,1.381482325299294156e-01,-3.996444961215192548e-03
5.737000000000000099e+00,9.000000000000000000e+01,8.986193968072687710e+01,1.380603192731291728e-01,-3.993870949408718368e-03
5.738000000000000433e+00,9.000000000000000000e+01,8.986202753791474152e+01,1.379724620852587347e-01,-3.991298614713034709e-03
5.738999999999999879e+00,9.000000000000000000e+01,8.986211533906977422e+01,1.378846609302251947e-01,-3.988727956361206445e-03
5.740000000000000213e+00,9.000000000000000000e+01,8.986220308422801395e+01,1.377969157719864945e-01,-3.986158973591127919e-03
5.741000000000000547e+00,9.000000000000000000e+01,8.986229077342549942e+01,1.377092265745005761e-01,-3.983591665627145284e-03
5.741999999999999993e+00,9.000000000000000000e+01,8.986237840669824095e+01,1.376215933017635451e-01,-3.981026031697035977e-03
5.743000000000000327e+00,9.000000000000000000e+01,8.986246598408222042e+01,1.375340159177842747e-01,-3.978462071021572621e-03
5.743999999999999773e+00,9.000000000000000000e+01,8.986255350561340549e+01,1.374464943865970623e-01,-3.975899782822058665e-03
5.745000000000000107e+00,9.000000000000000000e+01,8.986264097132773543e+01,1.373590286722616016e-01,-3.973339166318218957e-03
5.746000000000000441e+00,9.000000000000000000e+01,8.986272838126113527e+01,1.372716187388630937e-01,-3.970780220726631560e-03
5.746999999999999886e+00,9.000000000000000000e+01,8.986281573544948742e+01,1.371842645505121638e-01,-3.968222945259738954e-03
5.748000000000000220e+00,9.000000000000000000e+01,8.986290303392867429e+01,1.370969660713321492e-01,-3.965667339125043128e-03
5.749000000000000554e+00,9.000000000000000000e+01,8.986299027673452144e+01,1.370097232654845509e-01,-3.963113401532106922e-03
5.750000000000000000e+00,9.000000000000000000e+01,8.986307746390285445e+01,1.369225360971435823e-01,-3.960561131682450997e-03
5.751000000000000334e+00,9.000000000000000000e+01,8.986316459546948465e+01,1.368354045305089639e-01,-3.958010528777460707e-03
5.751999999999999780e+00,9.000000000000000000e+01,8.986325167147019499e+01,1.367483285298058127e-01,-3.955461592016457084e-03
5.753000000000000114e+00,9.000000000000000000e+01,8.986333869194071156e+01,1.366613080592846419e-01,-3.952914320595322939e-03
5.754000000000000448e+00,9.000000000000000000e+01,8.986342565691678885e+01,1.365743430832088157e-01,-3.950368713705500190e-03
5.754999999999999893e+00,9.000000000000000000e+01,8.986351256643413876e+01,1.364874335658670113e-01,-3.947824770540869777e-03
5.756000000000000227e+00,9.000000000000000000e+01,8.986359942052841632e+01,1.364005794715861253e-01,-3.945282490295003858e-03
5.757000000000000561e+00,9.000000000000000000e+01,8.986368621923529076e+01,1.363137807647057942e-01,-3.942741872151784427e-03
5.758000000000000007e+00,9.000000000000000000e+01,8.986377296259040293e+01,1.362270374095911063e-01,-3.940202915293792435e-03
5.759000000000000341e+00,9.000000000000000000e+01,8.986385965062936521e+01,1.361403493706325463e-01,-3.937665618900718784e-03
5.759999999999999787e+00,9.000000000000000000e+01,8.986394628338776158e+01,1.360537166122333386e-01,-3.935129982148257571e-03
5.761000000000000121e+00,9.000000000000000000e+01,8.986403286090117604e+01,1.359671390988221873e-01,-3.932596004214781310e-03
5.762000000000000455e+00,9.000000000000000000e+01,8.986411938320513570e+01,1.358806167948659049e-01,-3.930063684278537611e-03
5.762999999999999901e+00,9.000000000000000000e+01,8.986420585033516772e+01,1.357941496648313318e-01,-3.927533021508201883e-03
5.764000000000000234e+00,9.000000000000000000e+01,8.986429226232675660e+01,1.357077376732362395e-01,-3.925004015078743108e-03
5.764999999999999680e+00,9.000000000000000000e+01,8.986437861921540105e+01,1.356213807845983443e-01,-3.922476664152584752e-03
5.766000000000000014e+00,9.000000000000000000e+01,8.986446492103652872e+01,1.355350789634735265e-01,-3.919950967896303207e-03
5.767000000000000348e+00,9.000000000000000000e+01,8.986455116782556729e+01,1.354488321744304058e-01,-3.917426925469910670e-03
5.767999999999999794e+00,9.000000000000000000e+01,8.986463735961793020e+01,1.353626403820630819e-01,-3.914904536034342214e-03
5.769000000000000128e+00,9.000000000000000000e+01,8.986472349644900248e+01,1.352765035509910230e-01,-3.912383798749145131e-03
5.770000000000000462e+00,9.000000000000000000e+01,8.986480957835414074e+01,1.351904216458592045e-01,-3.909864712770921152e-03
5.770999999999999908e+00,9.000000000000000000e+01,8.986489560536865895e+01,1.351043946313380262e-01,-3.907347277252188472e-03
5.772000000000000242e+00,9.000000000000000000e+01,8.986498157752788529e+01,1.350184224721106274e-01,-3.904831491340625405e-03
5.772999999999999687e+00,9.000000000000000000e+01,8.986506749486711954e+01,1.349325051328855163e-01,-3.902317354186019688e-03
5.774000000000000021e+00,9.000000000000000000e+01,8.986515335742160460e+01,1.348466425783967637e-01,-3.899804864937593540e-03
5.775000000000000355e+00,9.000000000000000000e+01,8.986523916522658340e+01,1.347608347734164935e-01,-3.897294022742209957e-03
5.775999999999999801e+00,9.000000000000000000e+01,8.986532491831729885e+01,1.346750816827042008e-01,-3.894784826735563782e-03
5.777000000000000135e+00,9.000000000000000000e+01,8.986541061672892283e+01,1.345893832710829408e-01,-3.892277276065978647e-03
5.778000000000000469e+00,9.000000000000000000e+01,8.986549626049664141e+01,1.345037395033630567e-01,-3.889771369866186490e-03
5.778999999999999915e+00,9.000000000000000000e+01,8.986558184965559803e+01,1.344181503444057679e-01,-3.887267107278422062e-03
5.780000000000000249e+00,9.000000000000000000e+01,8.986566738424090772e+01,1.343326157590850334e-01,-3.884764487434598512e-03
5.780999999999999694e+00,9.000000000000000000e+01,8.986575286428771392e+01,1.342471357122875519e-01,-3.882263509464876916e-03
5.782000000000000028e+00,9.000000000000000000e+01,8.986583828983106059e+01,1.341617101689381308e-01,-3.879764172503675362e-03
5.783000000000000362e+00,9.000000000000000000e+01,8.986592366090602013e+01,1.340763390939743449e-01,-3.877266475678872032e-03
5.783999999999999808e+00,9.000000000000000000e+01,8.986600897754762229e+01,1.339910224523719606e-01,-3.874770418119233284e-03
5.785000000000000142e+00,9.000000000000000000e+01,8.986609423979089684e+01,1.339057602091066612e-01,-3.872275998944685327e-03
5.786000000000000476e+00,9.000000000000000000e+01,8.986617944767080246e+01,1.338205523291923493e-01,-3.869783217281867749e-03
5.786999999999999922e+00,9.000000000000000000e+01,8.986626460122232629e+01,1.337353987776684072e-01,-3.867292072252625362e-03
5.788000000000000256e+00,9.000000000000000000e+01,8.986634970048041282e+01,1.336502995195868737e-01,-3.864802562973442684e-03
5.788999999999999702e+00,9.000000000000000000e+01,8.986643474547997812e+01,1.335652545200252672e-01,-3.862314688562490383e-03
5.790000000000000036e+00,9.000000000000000000e+01,8.986651973625590983e+01,1.334802637440865303e-01,-3.859828448137099521e-03
5.791000000000000369e+00,9.000000000000000000e+01,8.986660467284309561e+01,1.333953271568990573e-01,-3.857343840811964381e-03
5.791999999999999815e+00,9.000000000000000000e+01,8.986668955527639469e+01,1.333104447236040102e-01,-3.854860865697955913e-03
5.793000000000000149e+00,9.000000000000000000e+01,8.986677438359062364e+01,1.332256164093806317e-01,-3.852379521908623483e-03
5.794000000000000483e+00,9.000000000000000000e+01,8.986685915782058487e+01,1.331408421794209318e-01,-3.849899808549973879e-03
5.794999999999999929e+00,9.000000000000000000e+01,8.986694387800105233e+01,1.330561219989423727e-01,-3.847421724728111031e-03
5.796000000000000263e+00,9.000000000000000000e+01,8.986702854416681419e+01,1.329714558331878682e-01,-3.844945269547199451e-03
5.796999999999999709e+00,9.000000000000000000e+01,8.986711315635258757e+01,1.328868436474130443e-01,-3.842470442107996653e-03
5.798000000000000043e+00,9.000000000000000000e+01,8.986719771459310380e+01,1.328022854068989234e-01,-3.839997241514323673e-03
5.799000000000000377e+00,9.000000000000000000e+01,8.986728221892303736e+01,1.327177810769647748e-01,-3.837525666870077873e-03
5.799999999999999822e+00,9.000000000000000000e+01,8.986736666937706275e+01,1.326333306229298403e-01,-3.835055717269716252e-03
5.801000000000000156e+00,9.000000000000000000e+01,8.986745106598985444e+01,1.325489340101514701e-01,-3.832587391813933875e-03
5.802000000000000490e+00,9.000000000000000000e+01,8.986753540879598745e+01,1.324645912040125495e-01,-3.830120689598329187e-03
5.802999999999999936e+00,9.000000000000000000e+01,8.986761969783009363e+01,1.323803021699086202e-01,-3.827655609712845436e-03
5.804000000000000270e+00,9.000000000000000000e+01,8.986770393312673377e+01,1.322960668732607037e-01,-3.825192151248876099e-03
5.804999999999999716e+00,9.000000000000000000e+01,8.986778811472048289e+01,1.322118852795152455e-01,-3.822730313296787696e-03
5.806000000000000050e+00,9.000000000000000000e+01,8.986787224264587337e+01,1.321277573541314310e-01,-3.820270094944174660e-03
5.807000000000000384e+00,9.000000000000000000e+01,8.986795631693739494e+01,1.320436830626066094e-01,-3.817811495282073114e-03
5.807999999999999829e+00,9.000000000000000000e+01,8.986804033762955157e+01,1.319596623704508420e-01,-3.815354513394413755e-03
5.809000000000000163e+00,9.000000000000000000e+01,8.986812430475680458e+01,1.318756952431996143e-01,-3.812899148365533203e-03
5.810000000000000497e+00,9.000000000000000000e+01,8.986820821835360107e+01,1.317917816464011516e-01,-3.810445399278026418e-03
5.810999999999999943e+00,9.000000000000000000e+01,8.986829207845434553e+01,1.317079215456546382e-01,-3.807993265218582307e-03
5.812000000000000277e+00,9.000000000000000000e+01,8.986837588509345665e+01,1.316241149065464078e-01,-3.805542745259835047e-03
5.812999999999999723e+00,9.000000000000000000e+01,8.986845963830528206e+01,1.315403616947137810e-01,-3.803093838484811542e-03
5.814000000000000057e+00,9.000000000000000000e+01,8.986854333812421203e+01,1.314566618757940508e-01,-3.800646543966872820e-03
5.815000000000000391e+00,9.000000000000000000e+01,8.986862698458453735e+01,1.313730154154626462e-01,-3.798200860785415009e-03
5.815999999999999837e+00,9.000000000000000000e+01,8.986871057772059146e+01,1.312894222794077359e-01,-3.795756788014512106e-03
5.817000000000000171e+00,9.000000000000000000e+01,8.986879411756665093e+01,1.312058824333557083e-01,-3.793314324729905179e-03
5.818000000000000504e+00,9.000000000000000000e+01,8.986887760415696391e+01,1.311223958430328407e-01,-3.790873469998899334e-03
5.818999999999999950e+00,9.000000000000000000e+01,8.986896103752577858e+01,1.310389624742164250e-01,-3.788434222895787143e-03
5.820000000000000284e+00,9.000000000000000000e+01,8.986904441770732888e+01,1.309555822926709578e-01,-3.785996582482659134e-03
5.820999999999999730e+00,9.000000000000000000e+01,8.986912774473579191e+01,1.308722552642118120e-01,-3.783560547833410628e-03
5.822000000000000064e+00,9.000000000000000000e+01,8.986921101864533057e+01,1.307889813546671276e-01,-3.781126118013134960e-03
5.823000000000000398e+00,9.000000000000000000e+01,8.986929423947010775e+01,1.307057605298904690e-01,-3.778693292086115346e-03
5.823999999999999844e+00,9.000000000000000000e+01,8.986937740724425794e+01,1.306225927557481126e-01,-3.776262069113954858e-03
5.825000000000000178e+00,9.000000000000000000e+01,8.986946052200185875e+01,1.305394779981445263e-01,-3.773832448161743361e-03
5.826000000000000512e+00,9.000000000000000000e+01,8.986954358377701624e+01,1.304564162229841506e-01,-3.771404428287421923e-03
5.826999999999999957e+00,9.000000000000000000e+01,8.986962659260377961e+01,1.303734073962223572e-01,-3.768978008556727460e-03
5.828000000000000291e+00,9.000000000000000000e+01,8.986970954851618387e+01,1.302904514838144345e-01,-3.766553188023807203e-03
5.828999999999999737e+00,9.000000000000000000e+01,8.986979245154826401e+01,1.302075484517412340e-01,-3.764129965747473050e-03
5.830000000000000071e+00,9.000000000000000000e+01,8.986987530173398397e+01,1.301246982660089202e-01,-3.761708340787693963e-03
5.831000000000000405e+00,9.000000000000000000e+01,8.986995809910733612e+01,1.300419008926619324e-01,-3.759288312203082350e-03
5.831999999999999851e+00,9.000000000000000000e+01,8.987004084370225598e+01,1.299591562977446824e-01,-3.756869879041712171e-03
5.833000000000000185e+00,9.000000000000000000e+01,8.987012353555267907e+01,1.298764644473269780e-01,-3.754453040357038501e-03
5.834000000000000519e+00,9.000000000000000000e+01,8.987020617469248407e+01,1.297938253075168469e-01,-3.752037795204183485e-03
5.834999999999999964e+00,9.000000000000000000e+01,8.987028876115557807e+01,1.297112388444222886e-01,-3.749624142629786466e-03
5.836000000000000298e+00,9.000000000000000000e+01,8.987037129497581134e+01,1.296287050241894945e-01,-3.747212081687325072e-03
5.836999999999999744e+00,9.000000000000000000e+01,8.987045377618701991e+01,1.295462238129773402e-01,-3.744801611425417967e-03
5.838000000000000078e+00,9.000000000000000000e+01,8.987053620482301142e+01,1.294637951769829209e-01,-3.742392730894628441e-03
5.839000000000000412e+00,9.000000000000000000e+01,8.987061858091759348e+01,1.293814190824032762e-01,-3.739985439137206991e-03
5.839999999999999858e+00,9.000000000000000000e+01,8.987070090450453108e+01,1.292990954954736371e-01,-3.737579735202386372e-03
5.841000000000000192e+00,9.000000000000000000e+01,8.987078317561754659e+01,1.292168243824546869e-01,-3.735175618134578546e-03
5.842000000000000526e+00,9.000000000000000000e+01,8.987086539429039078e+01,1.291346057096071087e-01,-3.732773086972708543e-03
5.842999999999999972e+00,9.000000000000000000e+01,8.987094756055675759e+01,1.290524394432424615e-01,-3.730372140764572769e-03
5.844000000000000306e+00,9.000000000000000000e+01,8.987102967445032675e+01,1.289703255496723322e-01,-3.727972778547063160e-03
5.844999999999999751e+00,9.000000000000000000e+01,8.987111173600476377e+01,1.288882639952336762e-01,-3.725574999362208164e-03
5.846000000000000085e+00,9.000000000000000000e+01,8.987119374525370574e+01,1.288062547462889840e-01,-3.723178802253377176e-03
5.847000000000000419e+00,9.000000000000000000e+01,8.987127570223076134e+01,1.287242977692388823e-01,-3.720784186262746096e-03
5.847999999999999865e+00,9.000000000000000000e+01,8.987135760696951081e+01,1.286423930304839702e-01,-3.718391150421915953e-03
5.849000000000000199e+00,9.000000000000000000e+01,8.987143945950354862e+01,1.285605404964503262e-01,-3.715999693767844600e-03
5.850000000000000533e+00,9.000000000000000000e+01,8.987152125986641238e+01,1.284787401335894530e-01,-3.713609815339035530e-03
5.850999999999999979e+00,9.000000000000000000e+01,8.987160300809162550e+01,1.283969919083783051e-01,-3.711221514172859462e-03
5.852000000000000313e+00,9.000000000000000000e+01,8.987168470421268296e+01,1.283152957873192890e-01,-3.708834789303627061e-03
5.852999999999999758e+00,9.000000000000000000e+01,8.987176634826306554e+01,1.282336517369275231e-01,-3.706449639761324327e-03
5.854000000000000092e+00,9.000000000000000000e+01,8.987184794027626822e+01,1.281520597237308379e-01,-3.704066064578147299e-03
5.855000000000000426e+00,9.000000000000000000e+01,8.987192948028568651e+01,1.280705197143079677e-01,-3.701684062793015803e-03
5.855999999999999872e+00,9.000000000000000000e+01,8.987201096832475855e+01,1.279890316752376467e-01,-3.699303633432474148e-03
5.857000000000000206e+00,9.000000000000000000e+01,8.987209240442687985e+01,1.279075955731240610e-01,-3.696924775527023546e-03
5.858000000000000540e+00,9.000000000000000000e+01,8.987217378862540329e+01,1.278262113745968209e-01,-3.694547488107687364e-03
5.858999999999999986e+00,9.000000000000000000e+01,8.987225512095368174e+01,1.277448790463109884e-01,-3.692171770203665770e-03
5.860000000000000320e+00,9.000000000000000000e+01,8.987233640144506808e+01,1.276635985549343655e-01,-3.689797620840545508e-03
5.860999999999999766e+00,9.000000000000000000e+01,8.987241763013284412e+01,1.275823698671601503e-01,-3.687425039046638570e-03
5.862000000000000099e+00,9.000000000000000000e+01,8.987249880705027749e+01,1.275011929497197605e-01,-3.685054023849904797e-03
5.863000000000000433e+00,9.000000000000000000e+01,8.987257993223066421e+01,1.274200677693319017e-01,-3.682684574268273864e-03
5.863999999999999879e+00,9.000000000000000000e+01,8.987266100570722926e+01,1.273389942927661000e-01,-3.680316689332847196e-03
5.865000000000000213e+00,9.000000000000000000e+01,8.987274202751319763e+01,1.272579724868046491e-01,-3.677950368066682310e-03
5.866000000000000547e+00,9.000000000000000000e+01,8.987282299768175164e+01,1.271770023182425546e-01,-3.675585609492409978e-03
5.866999999999999993e+00,9.000000000000000000e+01,8.987290391624608787e+01,1.270960837539130139e-01,-3.673222412637512993e-03
5.868000000000000327e+00,9.000000000000000000e+01,8.987298478323933182e+01,1.270152167606619087e-01,-3.670860776523166696e-03
5.868999999999999773e+00,9.000000000000000000e+01,8.987306559869463740e+01,1.269344013053606002e-01,-3.668500700171222970e-03
5.870000000000000107e+00,9.000000000000000000e+01,8.987314636264508749e+01,1.268536373549058460e-01,-3.666142182601766011e-03
5.871000000000000441e+00,9.000000000000000000e+01,8.987322707512379338e+01,1.267729248762071437e-01,-3.663785222831280469e-03
5.871999999999999886e+00,9.000000000000000000e+01,8.987330773616379531e+01,1.266922638361994979e-01,-3.661429819878953690e-03
5.873000000000000220e+00,9.000000000000000000e+01,8.987338834579817615e+01,1.266116542018305702e-01,-3.659075972763502910e-03
5.874000000000000554e+00,9.000000000000000000e+01,8.987346890405991928e+01,1.265310959400861579e-01,-3.656723680508467897e-03
5.875000000000000000e+00,9.000000000000000000e+01,8.987354941098203653e+01,1.264505890179648817e-01,-3.654372942130983820e-03
5.876000000000000334e+00,9.000000000000000000e+01,8.987362986659751130e+01,1.263701334024907030e-01,-3.652023756648803410e-03
5.876999999999999780e+00,9.000000000000000000e+01,8.987371027093928433e+01,1.262897290607131184e-01,-3.649676123077811099e-03
5.878000000000000114e+00,9.000000000000000000e+01,8.987379062404031060e+01,1.262093759596942810e-01,-3.647330040430205034e-03
5.879000000000000448e+00,9.000000000000000000e+01,8.987387092593347404e+01,1.261290740665218235e-01,-3.644985507720742077e-03
5.879999999999999893e+00,9.000000000000000000e+01,8.987395117665170119e+01,1.260488233482960907e-01,-3.642642523963669082e-03
5.881000000000000227e+00,9.000000000000000000e+01,8.987403137622784755e+01,1.259686237721555635e-01,-3.640301088177888902e-03
5.882000000000000561e+00,9.000000000000000000e+01,8.987411152469475439e+01,1.258884753052514904e-01,-3.637961199375807850e-03
5.883000000000000007e+00,9.000000000000000000e+01,8.987419162208524881e+01,1.258083779147478043e-01,-3.635622856570359593e-03
5.884000000000000341e+00,9.000000000000000000e+01,8.987427166843214366e+01,1.257283315678593971e-01,-3.633286058779921363e-03
5.884999999999999787e+00,9.000000000000000000e+01,8.987435166376820916e+01,1.256483362317883379e-01,-3.630950805009395058e-03
5.886000000000000121e+00,9.000000000000000000e+01,8.987443160812622978e+01,1.255683918737749705e-01,-3.628617094274260921e-03
5.887000000000000455e+00,9.000000000000000000e+01,8.987451150153891888e+01,1.254884984610849519e-01,-3.626284925587534153e-03
5.887999999999999901e+00,9.000000000000000000e+01,8.987459134403900407e+01,1.254086559609967899e-01,-3.623954297958125598e-03
5.889000000000000234e+00,9.000000000000000000e+01,8.987467113565918453e+01,1.253288643408143610e-01,-3.621625210397128383e-03
5.889999999999999680e+00,9.000000000000000000e+01,8.987475087643213101e+01,1.252491235678670212e-01,-3.619297661914799499e-03
5.891000000000000014e+00,9.000000000000000000e+01,8.987483056639050005e+01,1.251694336094968385e-01,-3.616971651518330680e-03
5.892000000000000348e+00,9.000000000000000000e+01,8.987491020556693400e+01,1.250897944330713052e-01,-3.614647178217871362e-03
5.892999999999999794e+00,9.000000000000000000e+01,8.987498979399401833e+01,1.250102060059833653e-01,-3.612324241023225774e-03
5.894000000000000128e+00,9.000000000000000000e+01,8.987506933170436696e+01,1.249306682956387304e-01,-3.610002838941498912e-03
5.895000000000000462e+00,9.000000000000000000e+01,8.987514881873052275e+01,1.248511812694812068e-01,-3.607682970982970319e-03
5.895999999999999908e+00,9.000000000000000000e+01,8.987522825510504276e+01,1.247717448949546559e-01,-3.605364636150229507e-03
5.897000000000000242e+00,9.000000000000000000e+01,8.987530764086045565e+01,1.246923591395410758e-01,-3.603047833452952334e-03
5.897999999999999687e+00,9.000000000000000000e+01,8.987538697602926163e+01,1.246130239707352177e-01,-3.600732561895929676e-03
5.899000000000000021e+00,9.000000000000000000e+01,8.987546626064394673e+01,1.245337393560572298e-01,-3.598418820485470293e-03
5.900000000000000355e+00,9.000000000000000000e+01,8.987554549473695431e+01,1.244545052630400411e-01,-3.596106608226538534e-03
5.900999999999999801e+00,9.000000000000000000e+01,8.987562467834075619e+01,1.243753216592419636e-01,-3.593795924128135449e-03
5.902000000000000135e+00,9.000000000000000000e+01,8.987570381148773890e+01,1.242961885122595145e-01,-3.591486767199640259e-03
5.903000000000000469e+00,9.000000000000000000e+01,8.987578289421031741e+01,1.242171057896892250e-01,-3.589179136440742018e-03
5.903999999999999915e+00,9.000000000000000000e+01,8.987586192654084982e+01,1.241380734591530227e-01,-3.586873030856784980e-03
5.905000000000000249e+00,9.000000000000000000e+01,8.987594090851169426e+01,1.240590914882983148e-01,-3.584568449454594852e-03
5.905999999999999694e+00,9.000000000000000000e+01,8.987601984015519463e+01,1.239801598447979325e-01,-3.582265391239560989e-03
5.907000000000000028e+00,9.000000000000000000e+01,8.987609872150366641e+01,1.239012784963374608e-01,-3.579963855213547791e-03
5.908000000000000362e+00,9.000000000000000000e+01,8.987617755258935404e+01,1.238224474106406209e-01,-3.577663840380910718e-03
5.908999999999999808e+00,9.000000000000000000e+01,8.987625633344458720e+01,1.237436665554184079e-01,-3.575365345737824274e-03
5.910000000000000142e+00,9.000000000000000000e+01,8.987633506410156770e+01,1.236649358984327485e-01,-3.573068370294557594e-03
5.911000000000000476e+00,9.000000000000000000e+01,8.987641374459252575e+01,1.235862554074709657e-01,-3.570772913053835498e-03
5.911999999999999922e+00,9.000000000000000000e+01,8.987649237494969157e+01,1.235076250503076706e-01,-3.568478973010597369e-03
5.913000000000000256e+00,9.000000000000000000e+01,8.987657095520522432e+01,1.234290447947683916e-01,-3.566186549174121811e-03
5.913999999999999702e+00,9.000000000000000000e+01,8.987664948539131160e+01,1.233505146086913556e-01,-3.563895640546356491e-03
5.915000000000000036e+00,9.000000000000000000e+01,8.987672796554005572e+01,1.232720344599402412e-01,-3.561606246128950701e-03
5.916000000000000369e+00,9.000000000000000000e+01,8.987680639568360164e+01,1.231936043163914252e-01,-3.559318364920849298e-03
5.916999999999999815e+00,9.000000000000000000e+01,8.987688477585405167e+01,1.231152241459467639e-01,-3.557031995924010356e-03
5.918000000000000149e+00,9.000000000000000000e+01,8.987696310608346550e+01,1.230368939165335518e-01,-3.554747138139932247e-03
5.919000000000000483e+00,9.000000000000000000e+01,8.987704138640390283e+01,1.229586135960917953e-01,-3.552463790567223292e-03
5.919999999999999929e+00,9.000000000000000000e+01,8.987711961684740913e+01,1.228803831525869389e-01,-3.550181952207378394e-03
5.921000000000000263e+00,9.000000000000000000e+01,8.987719779744598725e+01,1.228022025540098788e-01,-3.547901622061337343e-03
5.921999999999999709e+00,9.000000000000000000e+01,8.987727592823164002e+01,1.227240717683642374e-01,-3.545622799127061409e-03
5.923000000000000043e+00,9.000000000000000000e+01,8.987735400923632767e+01,1.226459907636663765e-01,-3.543345482405309971e-03
5.924000000000000377e+00,9.000000000000000000e+01,8.987743204049201040e+01,1.225679595079834927e-01,-3.541069670903659872e-03
5.924999999999999822e+00,9.000000000000000000e+01,8.987751002203062001e+01,1.224899779693828378e-01,-3.538795363616946410e-03
5.926000000000000156e+00,9.000000000000000000e+01,8.987758795388405986e+01,1.224120461159443618e-01,-3.536522559543385860e-03
5.927000000000000490e+00,9.000000000000000000e+01,8.987766583608420490e+01,1.223341639157989186e-01,-3.534251257688416151e-03
5.927999999999999936e+00,9.000000000000000000e+01,8.987774366866293008e+01,1.222563313370645943e-01,-3.531981457045025100e-03
5.929000000000000270e+00,9.000000000000000000e+01,8.987782145165209613e+01,1.221785483478977086e-01,-3.529713156617188263e-03
5.929999999999999716e+00,9.000000000000000000e+01,8.987789918508352116e+01,1.221008149164799911e-01,-3.527446355406520240e-03
5.931000000000000050e+00,9.000000000000000000e+01,8.987797686898899485e+01,1.220231310110058698e-01,-3.525181052410336982e-03
5.932000000000000384e+00,9.000000000000000000e+01,8.987805450340030688e+01,1.219454965996952661e-01,-3.522917246627763760e-03
5.932999999999999829e+00,9.000000000000000000e+01,8.987813208834920431e+01,1.218679116507935117e-01,-3.520654937056527656e-03
5.934000000000000163e+00,9.000000000000000000e+01,8.987820962386744839e+01,1.217903761325459383e-01,-3.518394122690756201e-03
5.935000000000000497e+00,9.000000000000000000e+01,8.987828710998675774e+01,1.217128900132360830e-01,-3.516134802534333012e-03
5.935999999999999943e+00,9.000000000000000000e+01,8.987836454673882258e+01,1.216354532611728795e-01,-3.513876975587804097e-03
5.937000000000000277e+00,9.000000000000000000e+01,8.987844193415531890e+01,1.215580658446780010e-01,-3.511620640846717725e-03
5.937999999999999723e+00,9.000000000000000000e+01,8.987851927226790849e+01,1.214807277320858470e-01,-3.509365797307938822e-03
5.939000000000000057e+00,9.000000000000000000e+01,8.987859656110822471e+01,1.214034388917689944e-01,-3.507112443974004859e-03
5.940000000000000391e+00,9.000000000000000000e+01,8.987867380070790091e+01,1.213261992920999927e-01,-3.504860579841258608e-03
5.940999999999999837e+00,9.000000000000000000e+01,8.987875099109849941e+01,1.212490089015023087e-01,-3.502610203913968795e-03
5.942000000000000171e+00,9.000000000000000000e+01,8.987882813231161094e+01,1.211718676883866558e-01,-3.500361315184292305e-03
5.943000000000000504e+00,9.000000000000000000e+01,8.987890522437878360e+01,1.210947756212146648e-01,-3.498113912655606214e-03
5.943999999999999950e+00,9.000000000000000000e+01,8.987898226733155127e+01,1.210177326684479526e-01,-3.495867995321498556e-03
5.945000000000000284e+00,9.000000000000000000e+01,8.987905926120141942e+01,1.209407387985735882e-01,-3.493623562180900310e-03
5.945999999999999730e+00,9.000000000000000000e+01,8.987913620601989351e+01,1.208637939801040784e-01,-3.491380612233771150e-03
5.947000000000000064e+00,9.000000000000000000e+01,8.987921310181843637e+01,1.207868981815646559e-01,-3.489139144478046323e-03
5.948000000000000398e+00,9.000000000000000000e+01,8.987928994862849663e+01,1.207100513715059775e-01,-3.486899157914962258e-03
5.948999999999999844e+00,9.000000000000000000e+01,8.987936674648149449e+01,1.206332535185041938e-01,-3.484660651545325172e-03
5.950000000000000178e+00,9.000000000000000000e+01,8.987944349540885014e+01,1.205565045911481253e-01,-3.482423624366893372e-03
5.951000000000000512e+00,9.000000000000000000e+01,8.987952019544194115e+01,1.204798045580647847e-01,-3.480188075379970006e-03
5.951999999999999957e+00,9.000000000000000000e+01,8.987959684661213089e+01,1.204031533878684584e-01,-3.477954003576404912e-03
5.953000000000000291e+00,9.000000000000000000e+01,8.987967344895076849e+01,1.203265510492243229e-01,-3.475721407961797349e-03
5.953999999999999737e+00,9.000000000000000000e+01,8.987975000248918889e+01,1.202499975108102803e-01,-3.473490287533607251e-03
5.955000000000000071e+00,9.000000000000000000e+01,8.987982650725868439e+01,1.201734927413169451e-01,-3.471260641288323109e-03
5.956000000000000405e+00,9.000000000000000000e+01,8.987990296329053308e+01,1.200970367094730956e-01,-3.469032468226383378e-03
5.956999999999999851e+00,9.000000000000000000e+01,8.987997937061599885e+01,1.200206293840075378e-01,-3.466805767340779346e-03
5.958000000000000185e+00,9.000000000000000000e+01,8.988005572926633135e+01,1.199442707336744879e-01,-3.464580537631389151e-03
5.959000000000000519e+00,9.000000000000000000e+01,8.988013203927275185e+01,1.198679607272536279e-01,-3.462356778100124030e-03
5.959999999999999964e+00,9.000000000000000000e+01,8.988020830066646738e+01,1.197916993335373381e-01,-3.460134487747438051e-03
5.961000000000000298e+00,9.000000000000000000e+01,8.988028451347864234e+01,1.197154865213562180e-01,-3.457913665577499324e-03
5.961999999999999744e+00,9.000000000000000000e+01,8.988036067774044113e+01,1.196393222595535238e-01,-3.455694310586676643e-03
5.963000000000000078e+00,9.000000000000000000e+01,8.988043679348301396e+01,1.195632065169852654e-01,-3.453476421770572055e-03
5.964000000000000412e+00,9.000000000000000000e+01,8.988051286073748258e+01,1.194871392625201922e-01,-3.451259998128878084e-03
5.964999999999999858e+00,9.000000000000000000e+01,8.988058887953492615e+01,1.194111204650779162e-01,-3.449045038668720545e-03
5.966000000000000192e+00,9.000000000000000000e+01,8.988066484990643801e+01,1.193351500935653231e-01,-3.446831542384667588e-03
5.967000000000000526e+00,9.000000000000000000e+01,8.988074077188305466e+01,1.192592281169402024e-01,-3.444619508282037446e-03
5.967999999999999972e+00,9.000000000000000000e+01,8.988081664549584104e+01,1.191833545041603576e-01,-3.442408935355826746e-03
5.969000000000000306e+00,9.000000000000000000e+01,8.988089247077579103e+01,1.191075292242090022e-01,-3.440199822605937915e-03
5.969999999999999751e+00,9.000000000000000000e+01,8.988096824775391269e+01,1.190317522460820898e-01,-3.437992169032764306e-03
5.971000000000000085e+00,9.000000000000000000e+01,8.988104397646118571e+01,1.189560235388137516e-01,-3.435785973641624150e-03
5.972000000000000419e+00,9.000000000000000000e+01,8.988111965692854710e+01,1.188803430714508169e-01,-3.433581235430966175e-03
5.972999999999999865e+00,9.000000000000000000e+01,8.988119528918694812e+01,1.188047108130528690e-01,-3.431377953398945940e-03
5.974000000000000199e+00,9.000000000000000000e+01,8.988127087326729736e+01,1.187291267327048871e-01,-3.429176126548099182e-03
5.975000000000000533e+00,9.000000000000000000e+01,8.988134640920048923e+01,1.186535907995173444e-01,-3.426975753881084802e-03
5.975999999999999979e+00,9.000000000000000000e+01,8.988142189701738971e+01,1.185781029826134120e-01,-3.424776834397760122e-03
5.977000000000000313e+00,9.000000000000000000e+01,8.988149733674886477e+01,1.185026632511289868e-01,-3.422579367100534245e-03
5.977999999999999758e+00,9.000000000000000000e+01,8.988157272842575196e+01,1.184272715742508697e-01,-3.420383350998127195e-03
5.979000000000000092e+00,9.000000000000000000e+01,8.988164807207884621e+01,1.183519279211530939e-01,-3.418188785085802747e-03
5.980000000000000426e+00,9.000000000000000000e+01,8.988172336773895665e+01,1.182766322610478982e-01,-3.415995668368891278e-03
5.980999999999999872e+00,9.000000000000000000e+01,8.988179861543683558e+01,1.182013845631602611e-01,-3.413803999849264123e-03
5.982000000000000206e+00,9.000000000000000000e+01,8.988187381520326369e+01,1.181261847967405576e-01,-3.411613778530961025e-03
5.983000000000000540e+00,9.000000000000000000e+01,8.988194896706893644e+01,1.180510329310646284e-01,-3.409425003416514249e-03
5.983999999999999986e+00,9.000000000000000000e+01,8.988202407106459191e+01,1.179759289354083279e-01,-3.407237673504443648e-03
5.985000000000000320e+00,9.000000000000000000e+01,8.988209912722091133e+01,1.179008727790856609e-01,-3.405051787802452698e-03
5.985999999999999766e+00,9.000000000000000000e+01,8.988217413556857593e+01,1.178258644314233439e-01,-3.402867345314131847e-03
5.987000000000000099e+00,9.000000000000000000e+01,8.988224909613822433e+01,1.177509038617735732e-01,-3.400684345044735143e-03
5.988000000000000433e+00,9.000000000000000000e+01,8.988232400896048091e+01,1.176759910395139413e-01,-3.398502785997632725e-03
5.988999999999999879e+00,9.000000000000000000e+01,8.988239887406598427e+01,1.176011259340220966e-01,-3.396322667171890880e-03
5.990000000000000213e+00,9.000000000000000000e+01,8.988247369148528776e+01,1.175263085147138231e-01,-3.394143987575473295e-03
5.991000000000000547e+00,9.000000000000000000e+01,8.988254846124898734e+01,1.174515387510176034e-01,-3.391966746212067563e-03
5.991999999999999993e+00,9.000000000000000000e+01,8.988262318338762213e+01,1.173768166123746876e-01,-3.389790942086854872e-03
5.993000000000000327e+00,9.000000000000000000e+01,8.988269785793173128e+01,1.173021420682644755e-01,-3.387616574210447831e-03
5.993999999999999773e+00,9.000000000000000000e+01,8.988277248491182547e+01,1.172275150881790795e-01,-3.385443641586740465e-03
5.995000000000000107e+00,9.000000000000000000e+01,8.988284706435837279e+01,1.171529356416233375e-01,-3.383272143219364855e-03
5.996000000000000441e+00,9.000000000000000000e+01,8.988292159630186973e+01,1.170784036981275394e-01,-3.381102078116168461e-03
5.996999999999999886e+00,9.000000000000000000e+01,8.988299608077275593e+01,1.170039192272474271e-01,-3.378933445284877310e-03
5.998000000000000220e+00,9.000000000000000000e+01,8.988307051780144263e+01,1.169294821985514404e-01,-3.376766243730086256e-03
5.999000000000000554e+00,9.000000000000000000e+01,8.988314490741836948e+01,1.168550925816334712e-01,-3.374600472458570699e-03
6.000000000000000000e+00,9.000000000000000000e+01,8.988321924965390508e+01,1.167807503461001511e-01,-3.372436130475522237e-03
